[google-auth] Google OAuth enabled (callback: https://app.builtalliances.com/auth/google/callback)
[comunidade] Found collection as 'Comunidade'
[estudos] Collection already exists
[nucleo_tecnico] Directus collection exists (data stored in local PostgreSQL)
[bias-valid] No field validations to clear
[bia] nome_bia varchar length OK, skipping
[perms] No reference permissions found
[cadastro_geral] nome expanded to varchar(500)
[cadastro_geral] perfil_aliado already OK (text/null), skipping
[cadastro_geral] nucleo_alianca already OK (text/null), skipping
[cadastro_geral] empresa expanded to varchar(500)
[cadastro_geral] cargo expanded to varchar(500)
[perms] No reference permissions found
[comunidade] M2M 'membros': parent_id=integer, related_id=uuid
11:02:38 PM [express] serving on port 3004
11:02:38 PM [express] GET /api/bia-diretor-solicitacoes/minhas 401 in 4ms :: {"error":"Nao autenticado"}
11:02:38 PM [express] GET /api/bia-socio-solicitacoes/minhas 401 in 1ms :: {"error":"Nao autenticado"}
11:02:38 PM [express] GET /api/bia-diretor-solicitacoes/minhas 401 in 0ms :: {"error":"Nao autenticado"}
[comunidade] Junction 'comunidade_membros' already exists
11:02:38 PM [express] GET /api/bia-socio-solicitacoes/minhas 401 in 0ms :: {"error":"Nao autenticado"}
[comunidade] M2M alias 'membros': INVALID_PAYLOAD
[comunidade] M2M rel1 'membros': INVALID_PAYLOAD
[comunidade] M2M rel2 'membros': INVALID_PAYLOAD
[comunidade] M2M 'bias': parent_id=integer, related_id=uuid
[comunidade] Junction 'comunidade_bias' already exists
11:02:44 PM [express] GET /api/me 401 in 1ms :: {"error":"Não autenticado"}
11:02:44 PM [express] GET /api/me 401 in 1ms :: {"error":"Não autenticado"}
[comunidade] M2M alias 'bias': INVALID_PAYLOAD
[comunidade] M2M rel1 'bias': INVALID_PAYLOAD
[comunidade] M2M rel2 'bias': INVALID_PAYLOAD
[comunidade] Fields ensured (M2O/M2M)
11:02:45 PM [express] GET /api/me 401 in 0ms :: {"error":"Não autenticado"}
11:03:09 PM [express] GET /api/carteira/imoveis/teste/documentos/teste/arquivo 401 in 1ms :: {"error":"Não autenticado"}
11:03:14 PM [express] GET /api/me 401 in 1ms :: {"error":"Não autenticado"}
11:03:14 PM [express] GET /api/me 401 in 0ms :: {"error":"Não autenticado"}
11:03:44 PM [express] GET /api/me 401 in 0ms :: {"error":"Não autenticado"}
11:03:44 PM [express] GET /api/me 401 in 0ms :: {"error":"Não autenticado"}
11:04:15 PM [express] GET /api/me 401 in 1ms :: {"error":"Não autenticado"}
11:04:15 PM [express] GET /api/me 401 in 1ms :: {"error":"Não autenticado"}
11:04:45 PM [express] GET /api/me 401 in 0ms :: {"error":"Não autenticado"}
11:04:45 PM [express] GET /api/me 401 in 0ms :: {"error":"Não autenticado"}
11:05:15 PM [express] GET /api/me 401 in 0ms :: {"error":"Não autenticado"}
11:05:15 PM [express] GET /api/me 401 in 0ms :: {"error":"Não autenticado"}
11:05:45 PM [express] GET /api/me 401 in 0ms :: {"error":"Não autenticado"}
11:05:45 PM [express] GET /api/me 401 in 0ms :: {"error":"Não autenticado"}
11:06:15 PM [express] GET /api/me 401 in 0ms :: {"error":"Não autenticado"}
11:06:15 PM [express] GET /api/me 401 in 0ms :: {"error":"Não autenticado"}
11:06:45 PM [express] GET /api/me 401 in 1ms :: {"error":"Não autenticado"}
11:06:45 PM [express] GET /api/me 401 in 1ms :: {"error":"Não autenticado"}
11:07:16 PM [express] GET /api/me 401 in 0ms :: {"error":"Não autenticado"}
11:07:16 PM [express] GET /api/me 401 in 0ms :: {"error":"Não autenticado"}
11:07:46 PM [express] GET /api/me 401 in 1ms :: {"error":"Não autenticado"}
11:07:46 PM [express] GET /api/me 401 in 0ms :: {"error":"Não autenticado"}
11:08:16 PM [express] GET /api/me 401 in 0ms :: {"error":"Não autenticado"}
11:08:16 PM [express] GET /api/me 401 in 0ms :: {"error":"Não autenticado"}
11:08:46 PM [express] GET /api/me 401 in 0ms :: {"error":"Não autenticado"}
11:08:46 PM [express] GET /api/me 401 in 0ms :: {"error":"Não autenticado"}
11:09:16 PM [express] GET /api/me 401 in 1ms :: {"error":"Não autenticado"}
11:09:16 PM [express] GET /api/me 401 in 0ms :: {"error":"Não autenticado"}
11:09:46 PM [express] GET /api/me 401 in 1ms :: {"error":"Não autenticado"}
11:09:46 PM [express] GET /api/me 401 in 0ms :: {"error":"Não autenticado"}
11:10:17 PM [express] GET /api/me 401 in 1ms :: {"error":"Não autenticado"}
11:10:17 PM [express] GET /api/me 401 in 0ms :: {"error":"Não autenticado"}
11:10:47 PM [express] GET /api/me 401 in 0ms :: {"error":"Não autenticado"}
11:10:47 PM [express] GET /api/me 401 in 0ms :: {"error":"Não autenticado"}
11:11:17 PM [express] GET /api/me 401 in 1ms :: {"error":"Não autenticado"}
11:11:17 PM [express] GET /api/me 401 in 1ms :: {"error":"Não autenticado"}
11:11:47 PM [express] GET /api/me 401 in 1ms :: {"error":"Não autenticado"}
11:11:47 PM [express] GET /api/me 401 in 1ms :: {"error":"Não autenticado"}
11:12:17 PM [express] GET /api/me 401 in 0ms :: {"error":"Não autenticado"}
11:12:17 PM [express] GET /api/me 401 in 0ms :: {"error":"Não autenticado"}
11:12:47 PM [express] GET /api/me 401 in 1ms :: {"error":"Não autenticado"}
11:12:47 PM [express] GET /api/me 401 in 0ms :: {"error":"Não autenticado"}
11:13:17 PM [express] GET /api/me 401 in 0ms :: {"error":"Não autenticado"}
11:13:17 PM [express] GET /api/me 401 in 0ms :: {"error":"Não autenticado"}
11:13:47 PM [express] GET /api/me 401 in 0ms :: {"error":"Não autenticado"}
11:13:47 PM [express] GET /api/me 401 in 0ms :: {"error":"Não autenticado"}
11:14:18 PM [express] GET /api/me 401 in 0ms :: {"error":"Não autenticado"}
11:14:18 PM [express] GET /api/me 401 in 0ms :: {"error":"Não autenticado"}
11:14:48 PM [express] GET /api/me 401 in 0ms :: {"error":"Não autenticado"}
11:14:48 PM [express] GET /api/me 401 in 0ms :: {"error":"Não autenticado"}
11:15:18 PM [express] GET /api/me 401 in 0ms :: {"error":"Não autenticado"}
11:15:18 PM [express] GET /api/me 401 in 0ms :: {"error":"Não autenticado"}
11:15:48 PM [express] GET /api/me 401 in 0ms :: {"error":"Não autenticado"}
11:15:48 PM [express] GET /api/me 401 in 0ms :: {"error":"Não autenticado"}
11:16:18 PM [express] GET /api/me 401 in 1ms :: {"error":"Não autenticado"}
11:16:18 PM [express] GET /api/me 401 in 1ms :: {"error":"Não autenticado"}
11:16:48 PM [express] GET /api/me 401 in 1ms :: {"error":"Não autenticado"}
11:16:48 PM [express] GET /api/me 401 in 0ms :: {"error":"Não autenticado"}
11:17:19 PM [express] GET /api/me 401 in 0ms :: {"error":"Não autenticado"}
11:17:19 PM [express] GET /api/me 401 in 0ms :: {"error":"Não autenticado"}
11:17:49 PM [express] GET /api/me 401 in 0ms :: {"error":"Não autenticado"}
11:17:49 PM [express] GET /api/me 401 in 1ms :: {"error":"Não autenticado"}
11:18:19 PM [express] GET /api/me 401 in 0ms :: {"error":"Não autenticado"}
11:18:19 PM [express] GET /api/me 401 in 0ms :: {"error":"Não autenticado"}
11:18:49 PM [express] GET /api/me 401 in 1ms :: {"error":"Não autenticado"}
11:18:49 PM [express] GET /api/me 401 in 0ms :: {"error":"Não autenticado"}
11:19:19 PM [express] GET /api/me 401 in 1ms :: {"error":"Não autenticado"}
11:19:19 PM [express] GET /api/me 401 in 1ms :: {"error":"Não autenticado"}
11:19:49 PM [express] GET /api/me 401 in 0ms :: {"error":"Não autenticado"}
11:19:49 PM [express] GET /api/me 401 in 0ms :: {"error":"Não autenticado"}
11:20:20 PM [express] GET /api/me 401 in 0ms :: {"error":"Não autenticado"}
11:20:20 PM [express] GET /api/me 401 in 0ms :: {"error":"Não autenticado"}
11:20:50 PM [express] GET /api/me 401 in 1ms :: {"error":"Não autenticado"}
11:20:50 PM [express] GET /api/me 401 in 0ms :: {"error":"Não autenticado"}
11:21:20 PM [express] GET /api/me 401 in 1ms :: {"error":"Não autenticado"}
11:21:20 PM [express] GET /api/me 401 in 0ms :: {"error":"Não autenticado"}
11:21:50 PM [express] GET /api/me 401 in 1ms :: {"error":"Não autenticado"}
11:21:50 PM [express] GET /api/me 401 in 1ms :: {"error":"Não autenticado"}
11:22:20 PM [express] GET /api/me 401 in 0ms :: {"error":"Não autenticado"}
11:22:20 PM [express] GET /api/me 401 in 0ms :: {"error":"Não autenticado"}
11:22:50 PM [express] GET /api/me 401 in 1ms :: {"error":"Não autenticado"}
11:22:50 PM [express] GET /api/me 401 in 1ms :: {"error":"Não autenticado"}
11:23:21 PM [express] GET /api/me 401 in 0ms :: {"error":"Não autenticado"}
11:23:21 PM [express] GET /api/me 401 in 0ms :: {"error":"Não autenticado"}
11:23:51 PM [express] GET /api/me 401 in 1ms :: {"error":"Não autenticado"}
11:23:51 PM [express] GET /api/me 401 in 0ms :: {"error":"Não autenticado"}
11:24:21 PM [express] GET /api/me 401 in 0ms :: {"error":"Não autenticado"}
11:24:21 PM [express] GET /api/me 401 in 0ms :: {"error":"Não autenticado"}
11:24:51 PM [express] GET /api/me 401 in 0ms :: {"error":"Não autenticado"}
11:24:51 PM [express] GET /api/me 401 in 1ms :: {"error":"Não autenticado"}
11:25:21 PM [express] GET /api/me 401 in 0ms :: {"error":"Não autenticado"}
11:25:21 PM [express] GET /api/me 401 in 0ms :: {"error":"Não autenticado"}
11:25:51 PM [express] GET /api/me 401 in 0ms :: {"error":"Não autenticado"}
11:25:51 PM [express] GET /api/me 401 in 0ms :: {"error":"Não autenticado"}
11:26:21 PM [express] GET /api/me 401 in 1ms :: {"error":"Não autenticado"}
11:26:21 PM [express] GET /api/me 401 in 0ms :: {"error":"Não autenticado"}
11:26:51 PM [express] GET /api/me 401 in 0ms :: {"error":"Não autenticado"}
11:26:51 PM [express] GET /api/me 401 in 0ms :: {"error":"Não autenticado"}
11:27:22 PM [express] GET /api/me 401 in 0ms :: {"error":"Não autenticado"}
11:27:22 PM [express] GET /api/me 401 in 0ms :: {"error":"Não autenticado"}
11:27:52 PM [express] GET /api/me 401 in 0ms :: {"error":"Não autenticado"}
11:27:52 PM [express] GET /api/me 401 in 1ms :: {"error":"Não autenticado"}
11:28:22 PM [express] GET /api/me 401 in 0ms :: {"error":"Não autenticado"}
11:28:22 PM [express] GET /api/me 401 in 0ms :: {"error":"Não autenticado"}
11:28:52 PM [express] GET /api/me 401 in 1ms :: {"error":"Não autenticado"}
11:28:52 PM [express] GET /api/me 401 in 1ms :: {"error":"Não autenticado"}
11:29:22 PM [express] GET /api/me 401 in 0ms :: {"error":"Não autenticado"}
11:29:22 PM [express] GET /api/me 401 in 0ms :: {"error":"Não autenticado"}
11:29:52 PM [express] GET /api/me 401 in 1ms :: {"error":"Não autenticado"}
11:29:52 PM [express] GET /api/me 401 in 0ms :: {"error":"Não autenticado"}
11:30:23 PM [express] GET /api/me 401 in 1ms :: {"error":"Não autenticado"}
11:30:23 PM [express] GET /api/me 401 in 1ms :: {"error":"Não autenticado"}
11:30:53 PM [express] GET /api/me 401 in 0ms :: {"error":"Não autenticado"}
11:30:53 PM [express] GET /api/me 401 in 0ms :: {"error":"Não autenticado"}
11:31:23 PM [express] GET /api/me 401 in 0ms :: {"error":"Não autenticado"}
11:31:23 PM [express] GET /api/me 401 in 0ms :: {"error":"Não autenticado"}
11:31:53 PM [express] GET /api/me 401 in 1ms :: {"error":"Não autenticado"}
11:31:53 PM [express] GET /api/me 401 in 0ms :: {"error":"Não autenticado"}
11:32:23 PM [express] GET /api/me 401 in 0ms :: {"error":"Não autenticado"}
11:32:23 PM [express] GET /api/me 401 in 0ms :: {"error":"Não autenticado"}
11:32:53 PM [express] GET /api/me 401 in 1ms :: {"error":"Não autenticado"}
11:32:53 PM [express] GET /api/me 401 in 0ms :: {"error":"Não autenticado"}
11:33:24 PM [express] GET /api/me 401 in 0ms :: {"error":"Não autenticado"}
11:33:24 PM [express] GET /api/me 401 in 0ms :: {"error":"Não autenticado"}
11:33:54 PM [express] GET /api/me 401 in 0ms :: {"error":"Não autenticado"}
11:33:54 PM [express] GET /api/me 401 in 1ms :: {"error":"Não autenticado"}
11:34:24 PM [express] GET /api/me 401 in 1ms :: {"error":"Não autenticado"}
11:34:24 PM [express] GET /api/me 401 in 1ms :: {"error":"Não autenticado"}
11:34:54 PM [express] GET /api/me 401 in 0ms :: {"error":"Não autenticado"}
11:34:54 PM [express] GET /api/me 401 in 0ms :: {"error":"Não autenticado"}
11:35:24 PM [express] GET /api/me 401 in 0ms :: {"error":"Não autenticado"}
11:35:24 PM [express] GET /api/me 401 in 0ms :: {"error":"Não autenticado"}
11:35:54 PM [express] GET /api/me 401 in 0ms :: {"error":"Não autenticado"}
11:35:54 PM [express] GET /api/me 401 in 0ms :: {"error":"Não autenticado"}
11:36:25 PM [express] GET /api/me 401 in 1ms :: {"error":"Não autenticado"}
11:36:25 PM [express] GET /api/me 401 in 1ms :: {"error":"Não autenticado"}
11:36:55 PM [express] GET /api/me 401 in 0ms :: {"error":"Não autenticado"}
11:36:55 PM [express] GET /api/me 401 in 1ms :: {"error":"Não autenticado"}
11:37:25 PM [express] GET /api/me 401 in 0ms :: {"error":"Não autenticado"}
11:37:25 PM [express] GET /api/me 401 in 1ms :: {"error":"Não autenticado"}
11:37:55 PM [express] GET /api/me 401 in 0ms :: {"error":"Não autenticado"}
11:37:55 PM [express] GET /api/me 401 in 0ms :: {"error":"Não autenticado"}
11:38:25 PM [express] GET /api/me 401 in 1ms :: {"error":"Não autenticado"}
11:38:25 PM [express] GET /api/me 401 in 1ms :: {"error":"Não autenticado"}
11:38:55 PM [express] GET /api/me 401 in 1ms :: {"error":"Não autenticado"}
11:38:55 PM [express] GET /api/me 401 in 0ms :: {"error":"Não autenticado"}
11:39:25 PM [express] GET /api/me 401 in 1ms :: {"error":"Não autenticado"}
11:39:25 PM [express] GET /api/me 401 in 0ms :: {"error":"Não autenticado"}
11:39:55 PM [express] GET /api/me 401 in 0ms :: {"error":"Não autenticado"}
11:39:55 PM [express] GET /api/me 401 in 0ms :: {"error":"Não autenticado"}
11:40:26 PM [express] GET /api/me 401 in 0ms :: {"error":"Não autenticado"}
11:40:26 PM [express] GET /api/me 401 in 0ms :: {"error":"Não autenticado"}
11:40:56 PM [express] GET /api/me 401 in 0ms :: {"error":"Não autenticado"}
11:40:56 PM [express] GET /api/me 401 in 1ms :: {"error":"Não autenticado"}
11:41:26 PM [express] GET /api/me 401 in 0ms :: {"error":"Não autenticado"}
11:41:26 PM [express] GET /api/me 401 in 1ms :: {"error":"Não autenticado"}
11:41:56 PM [express] GET /api/me 401 in 0ms :: {"error":"Não autenticado"}
11:41:56 PM [express] GET /api/me 401 in 1ms :: {"error":"Não autenticado"}
11:42:26 PM [express] GET /api/me 401 in 1ms :: {"error":"Não autenticado"}
11:42:26 PM [express] GET /api/me 401 in 1ms :: {"error":"Não autenticado"}
11:42:56 PM [express] GET /api/me 401 in 1ms :: {"error":"Não autenticado"}
11:42:56 PM [express] GET /api/me 401 in 0ms :: {"error":"Não autenticado"}
11:43:27 PM [express] GET /api/me 401 in 0ms :: {"error":"Não autenticado"}
11:43:27 PM [express] GET /api/me 401 in 1ms :: {"error":"Não autenticado"}
11:43:57 PM [express] GET /api/me 401 in 1ms :: {"error":"Não autenticado"}
11:43:57 PM [express] GET /api/me 401 in 0ms :: {"error":"Não autenticado"}
11:44:27 PM [express] GET /api/me 401 in 0ms :: {"error":"Não autenticado"}
11:44:27 PM [express] GET /api/me 401 in 1ms :: {"error":"Não autenticado"}
11:44:57 PM [express] GET /api/me 401 in 1ms :: {"error":"Não autenticado"}
11:44:57 PM [express] GET /api/me 401 in 0ms :: {"error":"Não autenticado"}
11:45:27 PM [express] GET /api/me 401 in 0ms :: {"error":"Não autenticado"}
11:45:27 PM [express] GET /api/me 401 in 0ms :: {"error":"Não autenticado"}
11:45:57 PM [express] GET /api/me 401 in 1ms :: {"error":"Não autenticado"}
11:45:57 PM [express] GET /api/me 401 in 0ms :: {"error":"Não autenticado"}
11:46:28 PM [express] GET /api/me 401 in 0ms :: {"error":"Não autenticado"}
11:46:28 PM [express] GET /api/me 401 in 0ms :: {"error":"Não autenticado"}
11:46:58 PM [express] GET /api/me 401 in 1ms :: {"error":"Não autenticado"}
11:46:58 PM [express] GET /api/me 401 in 1ms :: {"error":"Não autenticado"}
11:47:28 PM [express] GET /api/me 401 in 0ms :: {"error":"Não autenticado"}
11:47:28 PM [express] GET /api/me 401 in 0ms :: {"error":"Não autenticado"}
11:47:58 PM [express] GET /api/me 401 in 0ms :: {"error":"Não autenticado"}
11:47:58 PM [express] GET /api/me 401 in 0ms :: {"error":"Não autenticado"}
11:48:28 PM [express] GET /api/me 401 in 0ms :: {"error":"Não autenticado"}
11:48:28 PM [express] GET /api/me 401 in 0ms :: {"error":"Não autenticado"}
11:48:58 PM [express] GET /api/me 401 in 0ms :: {"error":"Não autenticado"}
11:48:58 PM [express] GET /api/me 401 in 0ms :: {"error":"Não autenticado"}
11:49:29 PM [express] GET /api/me 401 in 1ms :: {"error":"Não autenticado"}
11:49:29 PM [express] GET /api/me 401 in 0ms :: {"error":"Não autenticado"}
11:49:59 PM [express] GET /api/me 401 in 0ms :: {"error":"Não autenticado"}
11:49:59 PM [express] GET /api/me 401 in 0ms :: {"error":"Não autenticado"}
11:50:29 PM [express] GET /api/me 401 in 1ms :: {"error":"Não autenticado"}
11:50:29 PM [express] GET /api/me 401 in 1ms :: {"error":"Não autenticado"}
11:50:59 PM [express] GET /api/me 401 in 1ms :: {"error":"Não autenticado"}
11:50:59 PM [express] GET /api/me 401 in 0ms :: {"error":"Não autenticado"}
11:51:29 PM [express] GET /api/me 401 in 0ms :: {"error":"Não autenticado"}
11:51:29 PM [express] GET /api/me 401 in 0ms :: {"error":"Não autenticado"}
11:51:59 PM [express] GET /api/me 401 in 0ms :: {"error":"Não autenticado"}
11:51:59 PM [express] GET /api/me 401 in 0ms :: {"error":"Não autenticado"}
11:52:29 PM [express] GET /api/me 401 in 0ms :: {"error":"Não autenticado"}
11:52:29 PM [express] GET /api/me 401 in 0ms :: {"error":"Não autenticado"}
11:52:59 PM [express] GET /api/me 401 in 1ms :: {"error":"Não autenticado"}
11:52:59 PM [express] GET /api/me 401 in 0ms :: {"error":"Não autenticado"}
11:53:30 PM [express] GET /api/me 401 in 1ms :: {"error":"Não autenticado"}
11:53:30 PM [express] GET /api/me 401 in 0ms :: {"error":"Não autenticado"}
11:54:00 PM [express] GET /api/me 401 in 1ms :: {"error":"Não autenticado"}
11:54:00 PM [express] GET /api/me 401 in 0ms :: {"error":"Não autenticado"}
11:54:30 PM [express] GET /api/me 401 in 0ms :: {"error":"Não autenticado"}
11:54:30 PM [express] GET /api/me 401 in 0ms :: {"error":"Não autenticado"}
11:55:00 PM [express] GET /api/me 401 in 0ms :: {"error":"Não autenticado"}
11:55:00 PM [express] GET /api/me 401 in 0ms :: {"error":"Não autenticado"}
11:55:30 PM [express] GET /api/me 401 in 1ms :: {"error":"Não autenticado"}
11:55:30 PM [express] GET /api/me 401 in 1ms :: {"error":"Não autenticado"}
11:56:00 PM [express] GET /api/me 401 in 1ms :: {"error":"Não autenticado"}
11:56:00 PM [express] GET /api/me 401 in 1ms :: {"error":"Não autenticado"}
11:56:31 PM [express] GET /api/me 401 in 1ms :: {"error":"Não autenticado"}
11:56:31 PM [express] GET /api/me 401 in 1ms :: {"error":"Não autenticado"}
11:57:01 PM [express] GET /api/me 401 in 0ms :: {"error":"Não autenticado"}
11:57:01 PM [express] GET /api/me 401 in 1ms :: {"error":"Não autenticado"}
11:57:31 PM [express] GET /api/me 401 in 1ms :: {"error":"Não autenticado"}
11:57:31 PM [express] GET /api/me 401 in 0ms :: {"error":"Não autenticado"}
11:58:01 PM [express] GET /api/me 401 in 0ms :: {"error":"Não autenticado"}
11:58:01 PM [express] GET /api/me 401 in 0ms :: {"error":"Não autenticado"}
11:58:31 PM [express] GET /api/me 401 in 1ms :: {"error":"Não autenticado"}
11:58:31 PM [express] GET /api/me 401 in 1ms :: {"error":"Não autenticado"}
11:59:01 PM [express] GET /api/me 401 in 1ms :: {"error":"Não autenticado"}
11:59:01 PM [express] GET /api/me 401 in 0ms :: {"error":"Não autenticado"}
11:59:32 PM [express] GET /api/me 401 in 0ms :: {"error":"Não autenticado"}
11:59:32 PM [express] GET /api/me 401 in 0ms :: {"error":"Não autenticado"}
12:00:02 AM [express] GET /api/me 401 in 0ms :: {"error":"Não autenticado"}
12:00:02 AM [express] GET /api/me 401 in 1ms :: {"error":"Não autenticado"}
12:00:32 AM [express] GET /api/me 401 in 1ms :: {"error":"Não autenticado"}
12:00:32 AM [express] GET /api/me 401 in 0ms :: {"error":"Não autenticado"}
12:01:02 AM [express] GET /api/me 401 in 1ms :: {"error":"Não autenticado"}
12:01:02 AM [express] GET /api/me 401 in 0ms :: {"error":"Não autenticado"}
12:01:32 AM [express] GET /api/me 401 in 1ms :: {"error":"Não autenticado"}
12:01:32 AM [express] GET /api/me 401 in 0ms :: {"error":"Não autenticado"}
12:02:02 AM [express] GET /api/me 401 in 1ms :: {"error":"Não autenticado"}
12:02:02 AM [express] GET /api/me 401 in 0ms :: {"error":"Não autenticado"}
12:02:33 AM [express] GET /api/me 401 in 0ms :: {"error":"Não autenticado"}
12:02:33 AM [express] GET /api/me 401 in 0ms :: {"error":"Não autenticado"}
12:03:03 AM [express] GET /api/me 401 in 0ms :: {"error":"Não autenticado"}
12:03:03 AM [express] GET /api/me 401 in 1ms :: {"error":"Não autenticado"}
12:03:33 AM [express] GET /api/me 401 in 0ms :: {"error":"Não autenticado"}
12:03:33 AM [express] GET /api/me 401 in 0ms :: {"error":"Não autenticado"}
12:04:03 AM [express] GET /api/me 401 in 0ms :: {"error":"Não autenticado"}
12:04:03 AM [express] GET /api/me 401 in 0ms :: {"error":"Não autenticado"}
12:04:33 AM [express] GET /api/me 401 in 1ms :: {"error":"Não autenticado"}
12:04:33 AM [express] GET /api/me 401 in 0ms :: {"error":"Não autenticado"}
12:05:03 AM [express] GET /api/me 401 in 0ms :: {"error":"Não autenticado"}
12:05:03 AM [express] GET /api/me 401 in 1ms :: {"error":"Não autenticado"}
12:05:33 AM [express] GET /api/me 401 in 0ms :: {"error":"Não autenticado"}
12:05:33 AM [express] GET /api/me 401 in 0ms :: {"error":"Não autenticado"}
12:06:03 AM [express] GET /api/me 401 in 0ms :: {"error":"Não autenticado"}
12:06:03 AM [express] GET /api/me 401 in 1ms :: {"error":"Não autenticado"}
12:06:34 AM [express] GET /api/me 401 in 0ms :: {"error":"Não autenticado"}
12:06:34 AM [express] GET /api/me 401 in 1ms :: {"error":"Não autenticado"}
12:07:04 AM [express] GET /api/me 401 in 1ms :: {"error":"Não autenticado"}
12:07:04 AM [express] GET /api/me 401 in 0ms :: {"error":"Não autenticado"}
12:07:34 AM [express] GET /api/me 401 in 0ms :: {"error":"Não autenticado"}
12:07:34 AM [express] GET /api/me 401 in 1ms :: {"error":"Não autenticado"}
12:08:04 AM [express] GET /api/me 401 in 0ms :: {"error":"Não autenticado"}
12:08:04 AM [express] GET /api/me 401 in 1ms :: {"error":"Não autenticado"}
12:08:34 AM [express] GET /api/me 401 in 0ms :: {"error":"Não autenticado"}
12:08:34 AM [express] GET /api/me 401 in 1ms :: {"error":"Não autenticado"}
12:09:04 AM [express] GET /api/me 401 in 1ms :: {"error":"Não autenticado"}
12:09:04 AM [express] GET /api/me 401 in 0ms :: {"error":"Não autenticado"}
12:09:35 AM [express] GET /api/me 401 in 0ms :: {"error":"Não autenticado"}
12:09:35 AM [express] GET /api/me 401 in 0ms :: {"error":"Não autenticado"}
12:10:05 AM [express] GET /api/me 401 in 0ms :: {"error":"Não autenticado"}
12:10:05 AM [express] GET /api/me 401 in 0ms :: {"error":"Não autenticado"}
12:10:35 AM [express] GET /api/me 401 in 0ms :: {"error":"Não autenticado"}
12:10:35 AM [express] GET /api/me 401 in 1ms :: {"error":"Não autenticado"}
12:11:05 AM [express] GET /api/me 401 in 0ms :: {"error":"Não autenticado"}
12:11:05 AM [express] GET /api/me 401 in 0ms :: {"error":"Não autenticado"}
12:11:35 AM [express] GET /api/me 401 in 1ms :: {"error":"Não autenticado"}
12:11:35 AM [express] GET /api/me 401 in 1ms :: {"error":"Não autenticado"}
12:12:05 AM [express] GET /api/me 401 in 0ms :: {"error":"Não autenticado"}
12:12:05 AM [express] GET /api/me 401 in 0ms :: {"error":"Não autenticado"}
12:12:36 AM [express] GET /api/me 401 in 1ms :: {"error":"Não autenticado"}
12:12:36 AM [express] GET /api/me 401 in 0ms :: {"error":"Não autenticado"}
12:13:06 AM [express] GET /api/me 401 in 1ms :: {"error":"Não autenticado"}
12:13:06 AM [express] GET /api/me 401 in 0ms :: {"error":"Não autenticado"}
12:13:36 AM [express] GET /api/me 401 in 1ms :: {"error":"Não autenticado"}
12:13:36 AM [express] GET /api/me 401 in 1ms :: {"error":"Não autenticado"}
12:14:06 AM [express] GET /api/me 401 in 1ms :: {"error":"Não autenticado"}
12:14:06 AM [express] GET /api/me 401 in 0ms :: {"error":"Não autenticado"}
12:14:36 AM [express] GET /api/me 401 in 0ms :: {"error":"Não autenticado"}
12:14:36 AM [express] GET /api/me 401 in 1ms :: {"error":"Não autenticado"}
12:15:06 AM [express] GET /api/me 401 in 0ms :: {"error":"Não autenticado"}
12:15:06 AM [express] GET /api/me 401 in 1ms :: {"error":"Não autenticado"}
12:15:37 AM [express] GET /api/me 401 in 0ms :: {"error":"Não autenticado"}
12:15:37 AM [express] GET /api/me 401 in 1ms :: {"error":"Não autenticado"}
12:16:07 AM [express] GET /api/me 401 in 1ms :: {"error":"Não autenticado"}
12:16:07 AM [express] GET /api/me 401 in 0ms :: {"error":"Não autenticado"}
12:16:37 AM [express] GET /api/me 401 in 0ms :: {"error":"Não autenticado"}
12:16:37 AM [express] GET /api/me 401 in 0ms :: {"error":"Não autenticado"}
12:17:07 AM [express] GET /api/me 401 in 1ms :: {"error":"Não autenticado"}
12:17:07 AM [express] GET /api/me 401 in 0ms :: {"error":"Não autenticado"}
12:17:37 AM [express] GET /api/me 401 in 0ms :: {"error":"Não autenticado"}
12:17:37 AM [express] GET /api/me 401 in 0ms :: {"error":"Não autenticado"}
12:18:07 AM [express] GET /api/me 401 in 0ms :: {"error":"Não autenticado"}
12:18:07 AM [express] GET /api/me 401 in 0ms :: {"error":"Não autenticado"}
12:18:37 AM [express] GET /api/me 401 in 0ms :: {"error":"Não autenticado"}
12:18:37 AM [express] GET /api/me 401 in 0ms :: {"error":"Não autenticado"}
12:19:07 AM [express] GET /api/me 401 in 0ms :: {"error":"Não autenticado"}
12:19:07 AM [express] GET /api/me 401 in 0ms :: {"error":"Não autenticado"}
12:19:38 AM [express] GET /api/me 401 in 1ms :: {"error":"Não autenticado"}
12:19:38 AM [express] GET /api/me 401 in 0ms :: {"error":"Não autenticado"}
12:20:08 AM [express] GET /api/me 401 in 0ms :: {"error":"Não autenticado"}
12:20:08 AM [express] GET /api/me 401 in 0ms :: {"error":"Não autenticado"}
12:20:38 AM [express] GET /api/me 401 in 1ms :: {"error":"Não autenticado"}
12:20:38 AM [express] GET /api/me 401 in 0ms :: {"error":"Não autenticado"}
12:21:08 AM [express] GET /api/me 401 in 1ms :: {"error":"Não autenticado"}
12:21:08 AM [express] GET /api/me 401 in 0ms :: {"error":"Não autenticado"}
12:21:38 AM [express] GET /api/me 401 in 0ms :: {"error":"Não autenticado"}
12:21:38 AM [express] GET /api/me 401 in 0ms :: {"error":"Não autenticado"}
12:22:08 AM [express] GET /api/me 401 in 1ms :: {"error":"Não autenticado"}
12:22:08 AM [express] GET /api/me 401 in 0ms :: {"error":"Não autenticado"}
12:22:39 AM [express] GET /api/me 401 in 0ms :: {"error":"Não autenticado"}
12:22:39 AM [express] GET /api/me 401 in 0ms :: {"error":"Não autenticado"}
12:23:09 AM [express] GET /api/me 401 in 0ms :: {"error":"Não autenticado"}
12:23:09 AM [express] GET /api/me 401 in 0ms :: {"error":"Não autenticado"}
12:23:39 AM [express] GET /api/me 401 in 1ms :: {"error":"Não autenticado"}
12:23:39 AM [express] GET /api/me 401 in 0ms :: {"error":"Não autenticado"}
12:24:09 AM [express] GET /api/me 401 in 0ms :: {"error":"Não autenticado"}
12:24:09 AM [express] GET /api/me 401 in 0ms :: {"error":"Não autenticado"}
12:24:39 AM [express] GET /api/me 401 in 1ms :: {"error":"Não autenticado"}
12:24:39 AM [express] GET /api/me 401 in 1ms :: {"error":"Não autenticado"}
12:25:09 AM [express] GET /api/me 401 in 0ms :: {"error":"Não autenticado"}
12:25:09 AM [express] GET /api/me 401 in 0ms :: {"error":"Não autenticado"}
12:25:40 AM [express] GET /api/me 401 in 0ms :: {"error":"Não autenticado"}
12:25:40 AM [express] GET /api/me 401 in 0ms :: {"error":"Não autenticado"}
12:26:10 AM [express] GET /api/me 401 in 0ms :: {"error":"Não autenticado"}
12:26:10 AM [express] GET /api/me 401 in 1ms :: {"error":"Não autenticado"}
12:26:40 AM [express] GET /api/me 401 in 1ms :: {"error":"Não autenticado"}
12:26:40 AM [express] GET /api/me 401 in 0ms :: {"error":"Não autenticado"}
12:27:10 AM [express] GET /api/me 401 in 1ms :: {"error":"Não autenticado"}
12:27:10 AM [express] GET /api/me 401 in 0ms :: {"error":"Não autenticado"}
12:27:40 AM [express] GET /api/me 401 in 0ms :: {"error":"Não autenticado"}
12:27:40 AM [express] GET /api/me 401 in 0ms :: {"error":"Não autenticado"}
12:28:10 AM [express] GET /api/me 401 in 1ms :: {"error":"Não autenticado"}
12:28:10 AM [express] GET /api/me 401 in 0ms :: {"error":"Não autenticado"}
12:28:41 AM [express] GET /api/me 401 in 1ms :: {"error":"Não autenticado"}
12:28:41 AM [express] GET /api/me 401 in 1ms :: {"error":"Não autenticado"}
12:29:11 AM [express] GET /api/me 401 in 0ms :: {"error":"Não autenticado"}
12:29:11 AM [express] GET /api/me 401 in 0ms :: {"error":"Não autenticado"}
12:29:41 AM [express] GET /api/me 401 in 0ms :: {"error":"Não autenticado"}
12:29:41 AM [express] GET /api/me 401 in 1ms :: {"error":"Não autenticado"}
12:30:11 AM [express] GET /api/me 401 in 1ms :: {"error":"Não autenticado"}
12:30:11 AM [express] GET /api/me 401 in 0ms :: {"error":"Não autenticado"}
12:30:41 AM [express] GET /api/me 401 in 0ms :: {"error":"Não autenticado"}
12:30:41 AM [express] GET /api/me 401 in 0ms :: {"error":"Não autenticado"}
12:31:11 AM [express] GET /api/me 401 in 0ms :: {"error":"Não autenticado"}
12:31:11 AM [express] GET /api/me 401 in 0ms :: {"error":"Não autenticado"}
12:31:41 AM [express] GET /api/me 401 in 1ms :: {"error":"Não autenticado"}
12:31:41 AM [express] GET /api/me 401 in 1ms :: {"error":"Não autenticado"}
12:32:11 AM [express] GET /api/me 401 in 1ms :: {"error":"Não autenticado"}
12:32:11 AM [express] GET /api/me 401 in 0ms :: {"error":"Não autenticado"}
12:32:42 AM [express] GET /api/me 401 in 0ms :: {"error":"Não autenticado"}
12:32:42 AM [express] GET /api/me 401 in 0ms :: {"error":"Não autenticado"}
12:33:12 AM [express] GET /api/me 401 in 1ms :: {"error":"Não autenticado"}
12:33:12 AM [express] GET /api/me 401 in 0ms :: {"error":"Não autenticado"}
12:33:42 AM [express] GET /api/me 401 in 0ms :: {"error":"Não autenticado"}
12:33:42 AM [express] GET /api/me 401 in 0ms :: {"error":"Não autenticado"}
12:34:12 AM [express] GET /api/me 401 in 1ms :: {"error":"Não autenticado"}
12:34:12 AM [express] GET /api/me 401 in 0ms :: {"error":"Não autenticado"}
12:34:42 AM [express] GET /api/me 401 in 0ms :: {"error":"Não autenticado"}
12:34:42 AM [express] GET /api/me 401 in 0ms :: {"error":"Não autenticado"}
12:35:12 AM [express] GET /api/me 401 in 0ms :: {"error":"Não autenticado"}
12:35:12 AM [express] GET /api/me 401 in 0ms :: {"error":"Não autenticado"}
12:35:43 AM [express] GET /api/me 401 in 0ms :: {"error":"Não autenticado"}
12:35:43 AM [express] GET /api/me 401 in 0ms :: {"error":"Não autenticado"}
12:36:13 AM [express] GET /api/me 401 in 1ms :: {"error":"Não autenticado"}
12:36:13 AM [express] GET /api/me 401 in 0ms :: {"error":"Não autenticado"}
12:36:43 AM [express] GET /api/me 401 in 0ms :: {"error":"Não autenticado"}
12:36:43 AM [express] GET /api/me 401 in 0ms :: {"error":"Não autenticado"}
12:37:13 AM [express] GET /api/me 401 in 0ms :: {"error":"Não autenticado"}
12:37:13 AM [express] GET /api/me 401 in 0ms :: {"error":"Não autenticado"}
12:37:43 AM [express] GET /api/me 401 in 0ms :: {"error":"Não autenticado"}
12:37:43 AM [express] GET /api/me 401 in 0ms :: {"error":"Não autenticado"}
12:38:13 AM [express] GET /api/me 401 in 1ms :: {"error":"Não autenticado"}
12:38:13 AM [express] GET /api/me 401 in 0ms :: {"error":"Não autenticado"}
12:38:44 AM [express] GET /api/me 401 in 0ms :: {"error":"Não autenticado"}
12:38:44 AM [express] GET /api/me 401 in 0ms :: {"error":"Não autenticado"}
12:39:14 AM [express] GET /api/me 401 in 0ms :: {"error":"Não autenticado"}
12:39:14 AM [express] GET /api/me 401 in 0ms :: {"error":"Não autenticado"}
12:39:44 AM [express] GET /api/me 401 in 1ms :: {"error":"Não autenticado"}
12:39:44 AM [express] GET /api/me 401 in 0ms :: {"error":"Não autenticado"}
12:40:14 AM [express] GET /api/me 401 in 0ms :: {"error":"Não autenticado"}
12:40:14 AM [express] GET /api/me 401 in 1ms :: {"error":"Não autenticado"}
12:40:44 AM [express] GET /api/me 401 in 0ms :: {"error":"Não autenticado"}
12:40:44 AM [express] GET /api/me 401 in 0ms :: {"error":"Não autenticado"}
12:41:14 AM [express] GET /api/me 401 in 1ms :: {"error":"Não autenticado"}
12:41:14 AM [express] GET /api/me 401 in 0ms :: {"error":"Não autenticado"}
12:41:45 AM [express] GET /api/me 401 in 0ms :: {"error":"Não autenticado"}
12:41:45 AM [express] GET /api/me 401 in 1ms :: {"error":"Não autenticado"}
12:42:15 AM [express] GET /api/me 401 in 1ms :: {"error":"Não autenticado"}
12:42:15 AM [express] GET /api/me 401 in 0ms :: {"error":"Não autenticado"}
12:42:45 AM [express] GET /api/me 401 in 0ms :: {"error":"Não autenticado"}
12:42:45 AM [express] GET /api/me 401 in 0ms :: {"error":"Não autenticado"}
12:43:15 AM [express] GET /api/me 401 in 0ms :: {"error":"Não autenticado"}
12:43:15 AM [express] GET /api/me 401 in 1ms :: {"error":"Não autenticado"}
12:43:45 AM [express] GET /api/me 401 in 0ms :: {"error":"Não autenticado"}
12:43:45 AM [express] GET /api/me 401 in 1ms :: {"error":"Não autenticado"}
12:44:15 AM [express] GET /api/me 401 in 0ms :: {"error":"Não autenticado"}
12:44:15 AM [express] GET /api/me 401 in 1ms :: {"error":"Não autenticado"}
12:44:45 AM [express] GET /api/me 401 in 0ms :: {"error":"Não autenticado"}
12:44:45 AM [express] GET /api/me 401 in 0ms :: {"error":"Não autenticado"}
12:45:15 AM [express] GET /api/me 401 in 0ms :: {"error":"Não autenticado"}
12:45:15 AM [express] GET /api/me 401 in 0ms :: {"error":"Não autenticado"}
12:45:46 AM [express] GET /api/me 401 in 1ms :: {"error":"Não autenticado"}
12:45:46 AM [express] GET /api/me 401 in 0ms :: {"error":"Não autenticado"}
12:46:16 AM [express] GET /api/me 401 in 1ms :: {"error":"Não autenticado"}
12:46:16 AM [express] GET /api/me 401 in 0ms :: {"error":"Não autenticado"}
12:46:46 AM [express] GET /api/me 401 in 0ms :: {"error":"Não autenticado"}
12:46:46 AM [express] GET /api/me 401 in 0ms :: {"error":"Não autenticado"}
12:47:16 AM [express] GET /api/me 401 in 0ms :: {"error":"Não autenticado"}
12:47:16 AM [express] GET /api/me 401 in 1ms :: {"error":"Não autenticado"}
12:47:46 AM [express] GET /api/me 401 in 1ms :: {"error":"Não autenticado"}
12:47:46 AM [express] GET /api/me 401 in 0ms :: {"error":"Não autenticado"}
12:48:16 AM [express] GET /api/me 401 in 0ms :: {"error":"Não autenticado"}
12:48:16 AM [express] GET /api/me 401 in 1ms :: {"error":"Não autenticado"}
12:48:47 AM [express] GET /api/me 401 in 1ms :: {"error":"Não autenticado"}
12:48:47 AM [express] GET /api/me 401 in 1ms :: {"error":"Não autenticado"}
12:49:17 AM [express] GET /api/me 401 in 1ms :: {"error":"Não autenticado"}
12:49:17 AM [express] GET /api/me 401 in 0ms :: {"error":"Não autenticado"}
12:49:47 AM [express] GET /api/me 401 in 0ms :: {"error":"Não autenticado"}
12:49:47 AM [express] GET /api/me 401 in 0ms :: {"error":"Não autenticado"}
12:50:17 AM [express] GET /api/me 401 in 0ms :: {"error":"Não autenticado"}
12:50:17 AM [express] GET /api/me 401 in 1ms :: {"error":"Não autenticado"}
12:50:47 AM [express] GET /api/me 401 in 0ms :: {"error":"Não autenticado"}
12:50:47 AM [express] GET /api/me 401 in 0ms :: {"error":"Não autenticado"}
12:51:17 AM [express] GET /api/me 401 in 0ms :: {"error":"Não autenticado"}
12:51:17 AM [express] GET /api/me 401 in 0ms :: {"error":"Não autenticado"}
12:51:48 AM [express] GET /api/me 401 in 1ms :: {"error":"Não autenticado"}
12:51:48 AM [express] GET /api/me 401 in 0ms :: {"error":"Não autenticado"}
12:52:18 AM [express] GET /api/me 401 in 0ms :: {"error":"Não autenticado"}
12:52:18 AM [express] GET /api/me 401 in 0ms :: {"error":"Não autenticado"}
12:52:48 AM [express] GET /api/me 401 in 1ms :: {"error":"Não autenticado"}
12:52:48 AM [express] GET /api/me 401 in 0ms :: {"error":"Não autenticado"}
12:53:18 AM [express] GET /api/me 401 in 0ms :: {"error":"Não autenticado"}
12:53:18 AM [express] GET /api/me 401 in 0ms :: {"error":"Não autenticado"}
12:53:48 AM [express] GET /api/me 401 in 0ms :: {"error":"Não autenticado"}
12:53:48 AM [express] GET /api/me 401 in 0ms :: {"error":"Não autenticado"}
12:54:18 AM [express] GET /api/me 401 in 1ms :: {"error":"Não autenticado"}
12:54:18 AM [express] GET /api/me 401 in 0ms :: {"error":"Não autenticado"}
12:54:49 AM [express] GET /api/me 401 in 0ms :: {"error":"Não autenticado"}
12:54:49 AM [express] GET /api/me 401 in 0ms :: {"error":"Não autenticado"}
12:55:19 AM [express] GET /api/me 401 in 0ms :: {"error":"Não autenticado"}
12:55:19 AM [express] GET /api/me 401 in 0ms :: {"error":"Não autenticado"}
12:55:49 AM [express] GET /api/me 401 in 1ms :: {"error":"Não autenticado"}
12:55:49 AM [express] GET /api/me 401 in 1ms :: {"error":"Não autenticado"}
12:56:19 AM [express] GET /api/me 401 in 1ms :: {"error":"Não autenticado"}
12:56:19 AM [express] GET /api/me 401 in 0ms :: {"error":"Não autenticado"}
12:56:49 AM [express] GET /api/me 401 in 0ms :: {"error":"Não autenticado"}
12:56:49 AM [express] GET /api/me 401 in 0ms :: {"error":"Não autenticado"}
12:57:19 AM [express] GET /api/me 401 in 0ms :: {"error":"Não autenticado"}
12:57:19 AM [express] GET /api/me 401 in 0ms :: {"error":"Não autenticado"}
12:57:49 AM [express] GET /api/me 401 in 0ms :: {"error":"Não autenticado"}
12:57:49 AM [express] GET /api/me 401 in 0ms :: {"error":"Não autenticado"}
12:58:19 AM [express] GET /api/me 401 in 1ms :: {"error":"Não autenticado"}
12:58:19 AM [express] GET /api/me 401 in 0ms :: {"error":"Não autenticado"}
12:58:50 AM [express] GET /api/me 401 in 0ms :: {"error":"Não autenticado"}
12:58:50 AM [express] GET /api/me 401 in 1ms :: {"error":"Não autenticado"}
12:59:20 AM [express] GET /api/me 401 in 1ms :: {"error":"Não autenticado"}
12:59:20 AM [express] GET /api/me 401 in 1ms :: {"error":"Não autenticado"}
12:59:50 AM [express] GET /api/me 401 in 0ms :: {"error":"Não autenticado"}
12:59:50 AM [express] GET /api/me 401 in 0ms :: {"error":"Não autenticado"}
1:00:20 AM [express] GET /api/me 401 in 0ms :: {"error":"Não autenticado"}
1:00:20 AM [express] GET /api/me 401 in 1ms :: {"error":"Não autenticado"}
1:00:50 AM [express] GET /api/me 401 in 0ms :: {"error":"Não autenticado"}
1:00:50 AM [express] GET /api/me 401 in 0ms :: {"error":"Não autenticado"}
1:01:20 AM [express] GET /api/me 401 in 1ms :: {"error":"Não autenticado"}
1:01:20 AM [express] GET /api/me 401 in 0ms :: {"error":"Não autenticado"}
1:01:51 AM [express] GET /api/me 401 in 0ms :: {"error":"Não autenticado"}
1:01:51 AM [express] GET /api/me 401 in 0ms :: {"error":"Não autenticado"}
1:02:21 AM [express] GET /api/me 401 in 0ms :: {"error":"Não autenticado"}
1:02:21 AM [express] GET /api/me 401 in 0ms :: {"error":"Não autenticado"}
1:02:51 AM [express] GET /api/me 401 in 1ms :: {"error":"Não autenticado"}
1:02:51 AM [express] GET /api/me 401 in 1ms :: {"error":"Não autenticado"}
1:03:21 AM [express] GET /api/me 401 in 1ms :: {"error":"Não autenticado"}
1:03:21 AM [express] GET /api/me 401 in 0ms :: {"error":"Não autenticado"}
1:03:51 AM [express] GET /api/me 401 in 0ms :: {"error":"Não autenticado"}
1:03:51 AM [express] GET /api/me 401 in 0ms :: {"error":"Não autenticado"}
1:04:21 AM [express] GET /api/me 401 in 0ms :: {"error":"Não autenticado"}
1:04:21 AM [express] GET /api/me 401 in 0ms :: {"error":"Não autenticado"}
1:04:52 AM [express] GET /api/me 401 in 0ms :: {"error":"Não autenticado"}
1:04:52 AM [express] GET /api/me 401 in 0ms :: {"error":"Não autenticado"}
1:05:22 AM [express] GET /api/me 401 in 1ms :: {"error":"Não autenticado"}
1:05:22 AM [express] GET /api/me 401 in 0ms :: {"error":"Não autenticado"}
1:05:52 AM [express] GET /api/me 401 in 0ms :: {"error":"Não autenticado"}
1:05:52 AM [express] GET /api/me 401 in 0ms :: {"error":"Não autenticado"}
1:06:22 AM [express] GET /api/me 401 in 1ms :: {"error":"Não autenticado"}
1:06:22 AM [express] GET /api/me 401 in 0ms :: {"error":"Não autenticado"}
1:06:52 AM [express] GET /api/me 401 in 0ms :: {"error":"Não autenticado"}
1:06:52 AM [express] GET /api/me 401 in 0ms :: {"error":"Não autenticado"}
1:07:22 AM [express] GET /api/me 401 in 1ms :: {"error":"Não autenticado"}
1:07:22 AM [express] GET /api/me 401 in 0ms :: {"error":"Não autenticado"}
1:07:53 AM [express] GET /api/me 401 in 1ms :: {"error":"Não autenticado"}
1:07:53 AM [express] GET /api/me 401 in 1ms :: {"error":"Não autenticado"}
1:08:23 AM [express] GET /api/me 401 in 0ms :: {"error":"Não autenticado"}
1:08:23 AM [express] GET /api/me 401 in 1ms :: {"error":"Não autenticado"}
1:08:53 AM [express] GET /api/me 401 in 1ms :: {"error":"Não autenticado"}
1:08:53 AM [express] GET /api/me 401 in 0ms :: {"error":"Não autenticado"}
1:09:23 AM [express] GET /api/me 401 in 1ms :: {"error":"Não autenticado"}
1:09:23 AM [express] GET /api/me 401 in 0ms :: {"error":"Não autenticado"}
1:09:53 AM [express] GET /api/me 401 in 1ms :: {"error":"Não autenticado"}
1:09:53 AM [express] GET /api/me 401 in 0ms :: {"error":"Não autenticado"}
1:10:23 AM [express] GET /api/me 401 in 1ms :: {"error":"Não autenticado"}
1:10:23 AM [express] GET /api/me 401 in 0ms :: {"error":"Não autenticado"}
1:10:53 AM [express] GET /api/me 401 in 0ms :: {"error":"Não autenticado"}
1:10:53 AM [express] GET /api/me 401 in 1ms :: {"error":"Não autenticado"}
1:11:23 AM [express] GET /api/me 401 in 1ms :: {"error":"Não autenticado"}
1:11:23 AM [express] GET /api/me 401 in 0ms :: {"error":"Não autenticado"}
1:11:54 AM [express] GET /api/me 401 in 0ms :: {"error":"Não autenticado"}
1:11:54 AM [express] GET /api/me 401 in 0ms :: {"error":"Não autenticado"}
1:12:24 AM [express] GET /api/me 401 in 1ms :: {"error":"Não autenticado"}
1:12:24 AM [express] GET /api/me 401 in 0ms :: {"error":"Não autenticado"}
1:12:54 AM [express] GET /api/me 401 in 0ms :: {"error":"Não autenticado"}
1:12:54 AM [express] GET /api/me 401 in 0ms :: {"error":"Não autenticado"}
1:13:24 AM [express] GET /api/me 401 in 1ms :: {"error":"Não autenticado"}
1:13:24 AM [express] GET /api/me 401 in 0ms :: {"error":"Não autenticado"}
1:13:54 AM [express] GET /api/me 401 in 0ms :: {"error":"Não autenticado"}
1:13:54 AM [express] GET /api/me 401 in 0ms :: {"error":"Não autenticado"}
1:14:24 AM [express] GET /api/me 401 in 1ms :: {"error":"Não autenticado"}
1:14:24 AM [express] GET /api/me 401 in 0ms :: {"error":"Não autenticado"}
1:14:55 AM [express] GET /api/me 401 in 1ms :: {"error":"Não autenticado"}
1:14:55 AM [express] GET /api/me 401 in 0ms :: {"error":"Não autenticado"}
1:15:25 AM [express] GET /api/me 401 in 1ms :: {"error":"Não autenticado"}
1:15:25 AM [express] GET /api/me 401 in 0ms :: {"error":"Não autenticado"}
1:15:55 AM [express] GET /api/me 401 in 0ms :: {"error":"Não autenticado"}
1:15:55 AM [express] GET /api/me 401 in 0ms :: {"error":"Não autenticado"}
1:16:25 AM [express] GET /api/me 401 in 1ms :: {"error":"Não autenticado"}
1:16:25 AM [express] GET /api/me 401 in 0ms :: {"error":"Não autenticado"}
1:16:55 AM [express] GET /api/me 401 in 0ms :: {"error":"Não autenticado"}
1:16:55 AM [express] GET /api/me 401 in 0ms :: {"error":"Não autenticado"}
1:17:25 AM [express] GET /api/me 401 in 0ms :: {"error":"Não autenticado"}
1:17:25 AM [express] GET /api/me 401 in 0ms :: {"error":"Não autenticado"}
1:17:56 AM [express] GET /api/me 401 in 0ms :: {"error":"Não autenticado"}
1:17:56 AM [express] GET /api/me 401 in 0ms :: {"error":"Não autenticado"}
1:18:26 AM [express] GET /api/me 401 in 0ms :: {"error":"Não autenticado"}
1:18:26 AM [express] GET /api/me 401 in 0ms :: {"error":"Não autenticado"}
1:18:56 AM [express] GET /api/me 401 in 0ms :: {"error":"Não autenticado"}
1:18:56 AM [express] GET /api/me 401 in 0ms :: {"error":"Não autenticado"}
1:19:26 AM [express] GET /api/me 401 in 0ms :: {"error":"Não autenticado"}
1:19:26 AM [express] GET /api/me 401 in 0ms :: {"error":"Não autenticado"}
1:19:56 AM [express] GET /api/me 401 in 0ms :: {"error":"Não autenticado"}
1:19:56 AM [express] GET /api/me 401 in 1ms :: {"error":"Não autenticado"}
1:20:26 AM [express] GET /api/me 401 in 0ms :: {"error":"Não autenticado"}
1:20:26 AM [express] GET /api/me 401 in 0ms :: {"error":"Não autenticado"}
1:20:57 AM [express] GET /api/me 401 in 0ms :: {"error":"Não autenticado"}
1:20:57 AM [express] GET /api/me 401 in 0ms :: {"error":"Não autenticado"}
1:21:27 AM [express] GET /api/me 401 in 0ms :: {"error":"Não autenticado"}
1:21:27 AM [express] GET /api/me 401 in 0ms :: {"error":"Não autenticado"}
1:21:57 AM [express] GET /api/me 401 in 0ms :: {"error":"Não autenticado"}
1:21:57 AM [express] GET /api/me 401 in 0ms :: {"error":"Não autenticado"}
1:22:27 AM [express] GET /api/me 401 in 0ms :: {"error":"Não autenticado"}
1:22:27 AM [express] GET /api/me 401 in 1ms :: {"error":"Não autenticado"}
1:22:57 AM [express] GET /api/me 401 in 0ms :: {"error":"Não autenticado"}
1:22:57 AM [express] GET /api/me 401 in 1ms :: {"error":"Não autenticado"}
1:23:27 AM [express] GET /api/me 401 in 1ms :: {"error":"Não autenticado"}
1:23:27 AM [express] GET /api/me 401 in 1ms :: {"error":"Não autenticado"}
1:23:57 AM [express] GET /api/me 401 in 0ms :: {"error":"Não autenticado"}
1:23:57 AM [express] GET /api/me 401 in 0ms :: {"error":"Não autenticado"}
1:24:27 AM [express] GET /api/me 401 in 1ms :: {"error":"Não autenticado"}
1:24:27 AM [express] GET /api/me 401 in 1ms :: {"error":"Não autenticado"}
1:24:58 AM [express] GET /api/me 401 in 0ms :: {"error":"Não autenticado"}
1:24:58 AM [express] GET /api/me 401 in 0ms :: {"error":"Não autenticado"}
1:25:28 AM [express] GET /api/me 401 in 1ms :: {"error":"Não autenticado"}
1:25:28 AM [express] GET /api/me 401 in 0ms :: {"error":"Não autenticado"}
1:25:58 AM [express] GET /api/me 401 in 0ms :: {"error":"Não autenticado"}
1:25:58 AM [express] GET /api/me 401 in 0ms :: {"error":"Não autenticado"}
1:26:28 AM [express] GET /api/me 401 in 1ms :: {"error":"Não autenticado"}
1:26:28 AM [express] GET /api/me 401 in 0ms :: {"error":"Não autenticado"}
1:26:58 AM [express] GET /api/me 401 in 1ms :: {"error":"Não autenticado"}
1:26:58 AM [express] GET /api/me 401 in 1ms :: {"error":"Não autenticado"}
1:27:28 AM [express] GET /api/me 401 in 0ms :: {"error":"Não autenticado"}
1:27:28 AM [express] GET /api/me 401 in 0ms :: {"error":"Não autenticado"}
1:27:59 AM [express] GET /api/me 401 in 0ms :: {"error":"Não autenticado"}
1:27:59 AM [express] GET /api/me 401 in 0ms :: {"error":"Não autenticado"}
1:28:29 AM [express] GET /api/me 401 in 0ms :: {"error":"Não autenticado"}
1:28:29 AM [express] GET /api/me 401 in 0ms :: {"error":"Não autenticado"}
1:28:59 AM [express] GET /api/me 401 in 1ms :: {"error":"Não autenticado"}
1:28:59 AM [express] GET /api/me 401 in 0ms :: {"error":"Não autenticado"}
1:29:29 AM [express] GET /api/me 401 in 0ms :: {"error":"Não autenticado"}
1:29:29 AM [express] GET /api/me 401 in 0ms :: {"error":"Não autenticado"}
1:29:59 AM [express] GET /api/me 401 in 0ms :: {"error":"Não autenticado"}
1:29:59 AM [express] GET /api/me 401 in 0ms :: {"error":"Não autenticado"}
1:30:29 AM [express] GET /api/me 401 in 0ms :: {"error":"Não autenticado"}
1:30:29 AM [express] GET /api/me 401 in 0ms :: {"error":"Não autenticado"}
1:31:00 AM [express] GET /api/me 401 in 1ms :: {"error":"Não autenticado"}
1:31:00 AM [express] GET /api/me 401 in 0ms :: {"error":"Não autenticado"}
1:31:30 AM [express] GET /api/me 401 in 0ms :: {"error":"Não autenticado"}
1:31:30 AM [express] GET /api/me 401 in 0ms :: {"error":"Não autenticado"}
1:32:00 AM [express] GET /api/me 401 in 0ms :: {"error":"Não autenticado"}
1:32:00 AM [express] GET /api/me 401 in 0ms :: {"error":"Não autenticado"}
1:32:30 AM [express] GET /api/me 401 in 1ms :: {"error":"Não autenticado"}
1:32:30 AM [express] GET /api/me 401 in 0ms :: {"error":"Não autenticado"}
1:33:00 AM [express] GET /api/me 401 in 0ms :: {"error":"Não autenticado"}
1:33:00 AM [express] GET /api/me 401 in 0ms :: {"error":"Não autenticado"}
1:33:30 AM [express] GET /api/me 401 in 1ms :: {"error":"Não autenticado"}
1:33:30 AM [express] GET /api/me 401 in 0ms :: {"error":"Não autenticado"}
1:34:01 AM [express] GET /api/me 401 in 0ms :: {"error":"Não autenticado"}
1:34:01 AM [express] GET /api/me 401 in 0ms :: {"error":"Não autenticado"}
1:34:31 AM [express] GET /api/me 401 in 1ms :: {"error":"Não autenticado"}
1:34:31 AM [express] GET /api/me 401 in 0ms :: {"error":"Não autenticado"}
1:35:01 AM [express] GET /api/me 401 in 1ms :: {"error":"Não autenticado"}
1:35:01 AM [express] GET /api/me 401 in 0ms :: {"error":"Não autenticado"}
1:35:31 AM [express] GET /api/me 401 in 1ms :: {"error":"Não autenticado"}
1:35:31 AM [express] GET /api/me 401 in 0ms :: {"error":"Não autenticado"}
1:36:01 AM [express] GET /api/me 401 in 0ms :: {"error":"Não autenticado"}
1:36:01 AM [express] GET /api/me 401 in 0ms :: {"error":"Não autenticado"}
1:36:31 AM [express] GET /api/me 401 in 1ms :: {"error":"Não autenticado"}
1:36:31 AM [express] GET /api/me 401 in 0ms :: {"error":"Não autenticado"}
1:37:01 AM [express] GET /api/me 401 in 1ms :: {"error":"Não autenticado"}
1:37:01 AM [express] GET /api/me 401 in 0ms :: {"error":"Não autenticado"}
1:37:31 AM [express] GET /api/me 401 in 0ms :: {"error":"Não autenticado"}
1:37:31 AM [express] GET /api/me 401 in 0ms :: {"error":"Não autenticado"}
1:38:02 AM [express] GET /api/me 401 in 0ms :: {"error":"Não autenticado"}
1:38:02 AM [express] GET /api/me 401 in 0ms :: {"error":"Não autenticado"}
1:38:32 AM [express] GET /api/me 401 in 0ms :: {"error":"Não autenticado"}
1:38:32 AM [express] GET /api/me 401 in 0ms :: {"error":"Não autenticado"}
1:39:02 AM [express] GET /api/me 401 in 0ms :: {"error":"Não autenticado"}
1:39:02 AM [express] GET /api/me 401 in 0ms :: {"error":"Não autenticado"}
1:39:32 AM [express] GET /api/me 401 in 0ms :: {"error":"Não autenticado"}
1:39:32 AM [express] GET /api/me 401 in 1ms :: {"error":"Não autenticado"}
1:40:02 AM [express] GET /api/me 401 in 0ms :: {"error":"Não autenticado"}
1:40:02 AM [express] GET /api/me 401 in 0ms :: {"error":"Não autenticado"}
1:40:32 AM [express] GET /api/me 401 in 1ms :: {"error":"Não autenticado"}
1:40:32 AM [express] GET /api/me 401 in 0ms :: {"error":"Não autenticado"}
1:41:03 AM [express] GET /api/me 401 in 0ms :: {"error":"Não autenticado"}
1:41:03 AM [express] GET /api/me 401 in 0ms :: {"error":"Não autenticado"}
1:41:33 AM [express] GET /api/me 401 in 1ms :: {"error":"Não autenticado"}
1:41:33 AM [express] GET /api/me 401 in 0ms :: {"error":"Não autenticado"}
1:42:03 AM [express] GET /api/me 401 in 1ms :: {"error":"Não autenticado"}
1:42:03 AM [express] GET /api/me 401 in 0ms :: {"error":"Não autenticado"}
1:42:33 AM [express] GET /api/me 401 in 0ms :: {"error":"Não autenticado"}
1:42:33 AM [express] GET /api/me 401 in 0ms :: {"error":"Não autenticado"}
1:43:03 AM [express] GET /api/me 401 in 0ms :: {"error":"Não autenticado"}
1:43:03 AM [express] GET /api/me 401 in 0ms :: {"error":"Não autenticado"}
1:43:33 AM [express] GET /api/me 401 in 1ms :: {"error":"Não autenticado"}
1:43:33 AM [express] GET /api/me 401 in 1ms :: {"error":"Não autenticado"}
1:44:04 AM [express] GET /api/me 401 in 0ms :: {"error":"Não autenticado"}
1:44:04 AM [express] GET /api/me 401 in 0ms :: {"error":"Não autenticado"}
1:44:34 AM [express] GET /api/me 401 in 1ms :: {"error":"Não autenticado"}
1:44:34 AM [express] GET /api/me 401 in 1ms :: {"error":"Não autenticado"}
1:45:04 AM [express] GET /api/me 401 in 0ms :: {"error":"Não autenticado"}
1:45:04 AM [express] GET /api/me 401 in 0ms :: {"error":"Não autenticado"}
1:45:34 AM [express] GET /api/me 401 in 0ms :: {"error":"Não autenticado"}
1:45:34 AM [express] GET /api/me 401 in 1ms :: {"error":"Não autenticado"}
1:46:04 AM [express] GET /api/me 401 in 0ms :: {"error":"Não autenticado"}
1:46:04 AM [express] GET /api/me 401 in 0ms :: {"error":"Não autenticado"}
1:46:34 AM [express] GET /api/me 401 in 1ms :: {"error":"Não autenticado"}
1:46:34 AM [express] GET /api/me 401 in 0ms :: {"error":"Não autenticado"}
1:47:05 AM [express] GET /api/me 401 in 0ms :: {"error":"Não autenticado"}
1:47:05 AM [express] GET /api/me 401 in 0ms :: {"error":"Não autenticado"}
1:47:35 AM [express] GET /api/me 401 in 1ms :: {"error":"Não autenticado"}
1:47:35 AM [express] GET /api/me 401 in 1ms :: {"error":"Não autenticado"}
1:48:05 AM [express] GET /api/me 401 in 0ms :: {"error":"Não autenticado"}
1:48:05 AM [express] GET /api/me 401 in 0ms :: {"error":"Não autenticado"}
1:48:35 AM [express] GET /api/me 401 in 1ms :: {"error":"Não autenticado"}
1:48:35 AM [express] GET /api/me 401 in 0ms :: {"error":"Não autenticado"}
1:49:05 AM [express] GET /api/me 401 in 1ms :: {"error":"Não autenticado"}
1:49:05 AM [express] GET /api/me 401 in 0ms :: {"error":"Não autenticado"}
1:49:35 AM [express] GET /api/me 401 in 1ms :: {"error":"Não autenticado"}
1:49:35 AM [express] GET /api/me 401 in 0ms :: {"error":"Não autenticado"}
1:50:05 AM [express] GET /api/me 401 in 0ms :: {"error":"Não autenticado"}
1:50:05 AM [express] GET /api/me 401 in 0ms :: {"error":"Não autenticado"}
1:50:35 AM [express] GET /api/me 401 in 1ms :: {"error":"Não autenticado"}
1:50:35 AM [express] GET /api/me 401 in 0ms :: {"error":"Não autenticado"}
1:51:06 AM [express] GET /api/me 401 in 0ms :: {"error":"Não autenticado"}
1:51:06 AM [express] GET /api/me 401 in 0ms :: {"error":"Não autenticado"}
1:51:36 AM [express] GET /api/me 401 in 1ms :: {"error":"Não autenticado"}
1:51:36 AM [express] GET /api/me 401 in 0ms :: {"error":"Não autenticado"}
1:52:06 AM [express] GET /api/me 401 in 1ms :: {"error":"Não autenticado"}
1:52:06 AM [express] GET /api/me 401 in 0ms :: {"error":"Não autenticado"}
1:52:36 AM [express] GET /api/me 401 in 1ms :: {"error":"Não autenticado"}
1:52:36 AM [express] GET /api/me 401 in 0ms :: {"error":"Não autenticado"}
1:53:06 AM [express] GET /api/me 401 in 1ms :: {"error":"Não autenticado"}
1:53:06 AM [express] GET /api/me 401 in 0ms :: {"error":"Não autenticado"}
1:53:36 AM [express] GET /api/me 401 in 0ms :: {"error":"Não autenticado"}
1:53:36 AM [express] GET /api/me 401 in 0ms :: {"error":"Não autenticado"}
1:54:07 AM [express] GET /api/me 401 in 0ms :: {"error":"Não autenticado"}
1:54:07 AM [express] GET /api/me 401 in 0ms :: {"error":"Não autenticado"}
1:54:37 AM [express] GET /api/me 401 in 0ms :: {"error":"Não autenticado"}
1:54:37 AM [express] GET /api/me 401 in 0ms :: {"error":"Não autenticado"}
1:55:07 AM [express] GET /api/me 401 in 1ms :: {"error":"Não autenticado"}
1:55:07 AM [express] GET /api/me 401 in 0ms :: {"error":"Não autenticado"}
1:55:37 AM [express] GET /api/me 401 in 0ms :: {"error":"Não autenticado"}
1:55:37 AM [express] GET /api/me 401 in 0ms :: {"error":"Não autenticado"}
1:56:07 AM [express] GET /api/me 401 in 0ms :: {"error":"Não autenticado"}
1:56:07 AM [express] GET /api/me 401 in 0ms :: {"error":"Não autenticado"}
1:56:37 AM [express] GET /api/me 401 in 0ms :: {"error":"Não autenticado"}
1:56:37 AM [express] GET /api/me 401 in 0ms :: {"error":"Não autenticado"}
1:57:08 AM [express] GET /api/me 401 in 1ms :: {"error":"Não autenticado"}
1:57:08 AM [express] GET /api/me 401 in 0ms :: {"error":"Não autenticado"}
1:57:38 AM [express] GET /api/me 401 in 1ms :: {"error":"Não autenticado"}
1:57:38 AM [express] GET /api/me 401 in 0ms :: {"error":"Não autenticado"}
1:58:08 AM [express] GET /api/me 401 in 0ms :: {"error":"Não autenticado"}
1:58:08 AM [express] GET /api/me 401 in 0ms :: {"error":"Não autenticado"}
1:58:38 AM [express] GET /api/me 401 in 0ms :: {"error":"Não autenticado"}
1:58:38 AM [express] GET /api/me 401 in 0ms :: {"error":"Não autenticado"}
1:59:08 AM [express] GET /api/me 401 in 0ms :: {"error":"Não autenticado"}
1:59:08 AM [express] GET /api/me 401 in 0ms :: {"error":"Não autenticado"}
1:59:38 AM [express] GET /api/me 401 in 1ms :: {"error":"Não autenticado"}
1:59:38 AM [express] GET /api/me 401 in 0ms :: {"error":"Não autenticado"}
2:00:09 AM [express] GET /api/me 401 in 1ms :: {"error":"Não autenticado"}
2:00:09 AM [express] GET /api/me 401 in 1ms :: {"error":"Não autenticado"}
2:00:39 AM [express] GET /api/me 401 in 0ms :: {"error":"Não autenticado"}
2:00:39 AM [express] GET /api/me 401 in 0ms :: {"error":"Não autenticado"}
2:01:09 AM [express] GET /api/me 401 in 1ms :: {"error":"Não autenticado"}
2:01:09 AM [express] GET /api/me 401 in 0ms :: {"error":"Não autenticado"}
2:01:39 AM [express] GET /api/me 401 in 0ms :: {"error":"Não autenticado"}
2:01:39 AM [express] GET /api/me 401 in 0ms :: {"error":"Não autenticado"}
2:02:09 AM [express] GET /api/me 401 in 1ms :: {"error":"Não autenticado"}
2:02:09 AM [express] GET /api/me 401 in 0ms :: {"error":"Não autenticado"}
2:02:39 AM [express] GET /api/me 401 in 0ms :: {"error":"Não autenticado"}
2:02:39 AM [express] GET /api/me 401 in 0ms :: {"error":"Não autenticado"}
2:03:09 AM [express] GET /api/me 401 in 1ms :: {"error":"Não autenticado"}
2:03:09 AM [express] GET /api/me 401 in 0ms :: {"error":"Não autenticado"}
2:03:39 AM [express] GET /api/me 401 in 1ms :: {"error":"Não autenticado"}
2:03:39 AM [express] GET /api/me 401 in 1ms :: {"error":"Não autenticado"}
2:04:10 AM [express] GET /api/me 401 in 0ms :: {"error":"Não autenticado"}
2:04:10 AM [express] GET /api/me 401 in 0ms :: {"error":"Não autenticado"}
2:04:40 AM [express] GET /api/me 401 in 0ms :: {"error":"Não autenticado"}
2:04:40 AM [express] GET /api/me 401 in 0ms :: {"error":"Não autenticado"}
2:05:10 AM [express] GET /api/me 401 in 1ms :: {"error":"Não autenticado"}
2:05:10 AM [express] GET /api/me 401 in 0ms :: {"error":"Não autenticado"}
2:05:40 AM [express] GET /api/me 401 in 0ms :: {"error":"Não autenticado"}
2:05:40 AM [express] GET /api/me 401 in 0ms :: {"error":"Não autenticado"}
2:06:10 AM [express] GET /api/me 401 in 0ms :: {"error":"Não autenticado"}
2:06:10 AM [express] GET /api/me 401 in 0ms :: {"error":"Não autenticado"}
2:06:40 AM [express] GET /api/me 401 in 1ms :: {"error":"Não autenticado"}
2:06:40 AM [express] GET /api/me 401 in 0ms :: {"error":"Não autenticado"}
2:07:11 AM [express] GET /api/me 401 in 0ms :: {"error":"Não autenticado"}
2:07:11 AM [express] GET /api/me 401 in 0ms :: {"error":"Não autenticado"}
2:07:41 AM [express] GET /api/me 401 in 1ms :: {"error":"Não autenticado"}
2:07:41 AM [express] GET /api/me 401 in 0ms :: {"error":"Não autenticado"}
2:08:11 AM [express] GET /api/me 401 in 0ms :: {"error":"Não autenticado"}
2:08:11 AM [express] GET /api/me 401 in 0ms :: {"error":"Não autenticado"}
2:08:41 AM [express] GET /api/me 401 in 0ms :: {"error":"Não autenticado"}
2:08:41 AM [express] GET /api/me 401 in 0ms :: {"error":"Não autenticado"}
2:09:11 AM [express] GET /api/me 401 in 1ms :: {"error":"Não autenticado"}
2:09:11 AM [express] GET /api/me 401 in 1ms :: {"error":"Não autenticado"}
2:09:41 AM [express] GET /api/me 401 in 1ms :: {"error":"Não autenticado"}
2:09:41 AM [express] GET /api/me 401 in 1ms :: {"error":"Não autenticado"}
2:10:12 AM [express] GET /api/me 401 in 0ms :: {"error":"Não autenticado"}
2:10:12 AM [express] GET /api/me 401 in 0ms :: {"error":"Não autenticado"}
2:10:42 AM [express] GET /api/me 401 in 0ms :: {"error":"Não autenticado"}
2:10:42 AM [express] GET /api/me 401 in 0ms :: {"error":"Não autenticado"}
2:11:12 AM [express] GET /api/me 401 in 1ms :: {"error":"Não autenticado"}
2:11:12 AM [express] GET /api/me 401 in 0ms :: {"error":"Não autenticado"}
2:11:42 AM [express] GET /api/me 401 in 1ms :: {"error":"Não autenticado"}
2:11:42 AM [express] GET /api/me 401 in 0ms :: {"error":"Não autenticado"}
2:12:12 AM [express] GET /api/me 401 in 0ms :: {"error":"Não autenticado"}
2:12:12 AM [express] GET /api/me 401 in 0ms :: {"error":"Não autenticado"}
2:12:42 AM [express] GET /api/me 401 in 1ms :: {"error":"Não autenticado"}
2:12:42 AM [express] GET /api/me 401 in 0ms :: {"error":"Não autenticado"}
2:13:13 AM [express] GET /api/me 401 in 0ms :: {"error":"Não autenticado"}
2:13:13 AM [express] GET /api/me 401 in 0ms :: {"error":"Não autenticado"}
2:13:43 AM [express] GET /api/me 401 in 0ms :: {"error":"Não autenticado"}
2:13:43 AM [express] GET /api/me 401 in 0ms :: {"error":"Não autenticado"}
2:14:13 AM [express] GET /api/me 401 in 0ms :: {"error":"Não autenticado"}
2:14:13 AM [express] GET /api/me 401 in 0ms :: {"error":"Não autenticado"}
2:14:43 AM [express] GET /api/me 401 in 0ms :: {"error":"Não autenticado"}
2:14:43 AM [express] GET /api/me 401 in 1ms :: {"error":"Não autenticado"}
2:15:13 AM [express] GET /api/me 401 in 0ms :: {"error":"Não autenticado"}
2:15:13 AM [express] GET /api/me 401 in 0ms :: {"error":"Não autenticado"}
2:15:43 AM [express] GET /api/me 401 in 0ms :: {"error":"Não autenticado"}
2:15:43 AM [express] GET /api/me 401 in 0ms :: {"error":"Não autenticado"}
2:16:13 AM [express] GET /api/me 401 in 0ms :: {"error":"Não autenticado"}
2:16:13 AM [express] GET /api/me 401 in 0ms :: {"error":"Não autenticado"}
2:16:43 AM [express] GET /api/me 401 in 0ms :: {"error":"Não autenticado"}
2:16:43 AM [express] GET /api/me 401 in 0ms :: {"error":"Não autenticado"}
2:17:14 AM [express] GET /api/me 401 in 0ms :: {"error":"Não autenticado"}
2:17:14 AM [express] GET /api/me 401 in 0ms :: {"error":"Não autenticado"}
2:17:44 AM [express] GET /api/me 401 in 1ms :: {"error":"Não autenticado"}
2:17:44 AM [express] GET /api/me 401 in 1ms :: {"error":"Não autenticado"}
2:18:14 AM [express] GET /api/me 401 in 0ms :: {"error":"Não autenticado"}
2:18:14 AM [express] GET /api/me 401 in 0ms :: {"error":"Não autenticado"}
2:18:44 AM [express] GET /api/me 401 in 0ms :: {"error":"Não autenticado"}
2:18:44 AM [express] GET /api/me 401 in 0ms :: {"error":"Não autenticado"}
2:19:14 AM [express] GET /api/me 401 in 1ms :: {"error":"Não autenticado"}
2:19:14 AM [express] GET /api/me 401 in 0ms :: {"error":"Não autenticado"}
2:19:44 AM [express] GET /api/me 401 in 0ms :: {"error":"Não autenticado"}
2:19:44 AM [express] GET /api/me 401 in 0ms :: {"error":"Não autenticado"}
2:20:15 AM [express] GET /api/me 401 in 0ms :: {"error":"Não autenticado"}
2:20:15 AM [express] GET /api/me 401 in 0ms :: {"error":"Não autenticado"}
2:20:45 AM [express] GET /api/me 401 in 1ms :: {"error":"Não autenticado"}
2:20:45 AM [express] GET /api/me 401 in 0ms :: {"error":"Não autenticado"}
2:21:15 AM [express] GET /api/me 401 in 0ms :: {"error":"Não autenticado"}
2:21:15 AM [express] GET /api/me 401 in 0ms :: {"error":"Não autenticado"}
2:21:45 AM [express] GET /api/me 401 in 1ms :: {"error":"Não autenticado"}
2:21:45 AM [express] GET /api/me 401 in 1ms :: {"error":"Não autenticado"}
2:22:15 AM [express] GET /api/me 401 in 1ms :: {"error":"Não autenticado"}
2:22:15 AM [express] GET /api/me 401 in 0ms :: {"error":"Não autenticado"}
2:22:45 AM [express] GET /api/me 401 in 0ms :: {"error":"Não autenticado"}
2:22:45 AM [express] GET /api/me 401 in 1ms :: {"error":"Não autenticado"}
2:23:16 AM [express] GET /api/me 401 in 1ms :: {"error":"Não autenticado"}
2:23:16 AM [express] GET /api/me 401 in 0ms :: {"error":"Não autenticado"}
2:23:46 AM [express] GET /api/me 401 in 1ms :: {"error":"Não autenticado"}
2:23:46 AM [express] GET /api/me 401 in 0ms :: {"error":"Não autenticado"}
2:24:16 AM [express] GET /api/me 401 in 0ms :: {"error":"Não autenticado"}
2:24:16 AM [express] GET /api/me 401 in 0ms :: {"error":"Não autenticado"}
2:24:46 AM [express] GET /api/me 401 in 0ms :: {"error":"Não autenticado"}
2:24:46 AM [express] GET /api/me 401 in 0ms :: {"error":"Não autenticado"}
2:25:16 AM [express] GET /api/me 401 in 0ms :: {"error":"Não autenticado"}
2:25:16 AM [express] GET /api/me 401 in 0ms :: {"error":"Não autenticado"}
2:25:46 AM [express] GET /api/me 401 in 0ms :: {"error":"Não autenticado"}
2:25:46 AM [express] GET /api/me 401 in 0ms :: {"error":"Não autenticado"}
2:26:17 AM [express] GET /api/me 401 in 1ms :: {"error":"Não autenticado"}
2:26:17 AM [express] GET /api/me 401 in 0ms :: {"error":"Não autenticado"}
2:26:47 AM [express] GET /api/me 401 in 0ms :: {"error":"Não autenticado"}
2:26:47 AM [express] GET /api/me 401 in 0ms :: {"error":"Não autenticado"}
2:27:17 AM [express] GET /api/me 401 in 1ms :: {"error":"Não autenticado"}
2:27:17 AM [express] GET /api/me 401 in 1ms :: {"error":"Não autenticado"}
2:27:47 AM [express] GET /api/me 401 in 1ms :: {"error":"Não autenticado"}
2:27:47 AM [express] GET /api/me 401 in 0ms :: {"error":"Não autenticado"}
2:28:17 AM [express] GET /api/me 401 in 0ms :: {"error":"Não autenticado"}
2:28:17 AM [express] GET /api/me 401 in 0ms :: {"error":"Não autenticado"}
2:28:47 AM [express] GET /api/me 401 in 0ms :: {"error":"Não autenticado"}
2:28:47 AM [express] GET /api/me 401 in 0ms :: {"error":"Não autenticado"}
2:29:17 AM [express] GET /api/me 401 in 1ms :: {"error":"Não autenticado"}
2:29:17 AM [express] GET /api/me 401 in 0ms :: {"error":"Não autenticado"}
2:29:47 AM [express] GET /api/me 401 in 0ms :: {"error":"Não autenticado"}
2:29:47 AM [express] GET /api/me 401 in 0ms :: {"error":"Não autenticado"}
2:30:18 AM [express] GET /api/me 401 in 0ms :: {"error":"Não autenticado"}
2:30:18 AM [express] GET /api/me 401 in 0ms :: {"error":"Não autenticado"}
2:30:48 AM [express] GET /api/me 401 in 0ms :: {"error":"Não autenticado"}
2:30:48 AM [express] GET /api/me 401 in 0ms :: {"error":"Não autenticado"}
2:31:18 AM [express] GET /api/me 401 in 1ms :: {"error":"Não autenticado"}
2:31:18 AM [express] GET /api/me 401 in 0ms :: {"error":"Não autenticado"}
2:31:48 AM [express] GET /api/me 401 in 0ms :: {"error":"Não autenticado"}
2:31:48 AM [express] GET /api/me 401 in 0ms :: {"error":"Não autenticado"}
2:32:18 AM [express] GET /api/me 401 in 1ms :: {"error":"Não autenticado"}
2:32:18 AM [express] GET /api/me 401 in 1ms :: {"error":"Não autenticado"}
2:32:48 AM [express] GET /api/me 401 in 0ms :: {"error":"Não autenticado"}
2:32:48 AM [express] GET /api/me 401 in 0ms :: {"error":"Não autenticado"}
2:33:19 AM [express] GET /api/me 401 in 0ms :: {"error":"Não autenticado"}
2:33:19 AM [express] GET /api/me 401 in 0ms :: {"error":"Não autenticado"}
2:33:49 AM [express] GET /api/me 401 in 0ms :: {"error":"Não autenticado"}
2:33:49 AM [express] GET /api/me 401 in 0ms :: {"error":"Não autenticado"}
2:34:19 AM [express] GET /api/me 401 in 1ms :: {"error":"Não autenticado"}
2:34:19 AM [express] GET /api/me 401 in 0ms :: {"error":"Não autenticado"}
2:34:49 AM [express] GET /api/me 401 in 0ms :: {"error":"Não autenticado"}
2:34:49 AM [express] GET /api/me 401 in 0ms :: {"error":"Não autenticado"}
2:35:19 AM [express] GET /api/me 401 in 0ms :: {"error":"Não autenticado"}
2:35:19 AM [express] GET /api/me 401 in 0ms :: {"error":"Não autenticado"}
2:35:49 AM [express] GET /api/me 401 in 0ms :: {"error":"Não autenticado"}
2:35:49 AM [express] GET /api/me 401 in 1ms :: {"error":"Não autenticado"}
2:36:20 AM [express] GET /api/me 401 in 0ms :: {"error":"Não autenticado"}
2:36:20 AM [express] GET /api/me 401 in 0ms :: {"error":"Não autenticado"}
2:36:50 AM [express] GET /api/me 401 in 0ms :: {"error":"Não autenticado"}
2:36:50 AM [express] GET /api/me 401 in 0ms :: {"error":"Não autenticado"}
2:37:20 AM [express] GET /api/me 401 in 0ms :: {"error":"Não autenticado"}
2:37:20 AM [express] GET /api/me 401 in 0ms :: {"error":"Não autenticado"}
2:37:50 AM [express] GET /api/me 401 in 0ms :: {"error":"Não autenticado"}
2:37:50 AM [express] GET /api/me 401 in 0ms :: {"error":"Não autenticado"}
2:38:20 AM [express] GET /api/me 401 in 0ms :: {"error":"Não autenticado"}
2:38:20 AM [express] GET /api/me 401 in 0ms :: {"error":"Não autenticado"}
2:38:50 AM [express] GET /api/me 401 in 0ms :: {"error":"Não autenticado"}
2:38:50 AM [express] GET /api/me 401 in 0ms :: {"error":"Não autenticado"}
2:39:21 AM [express] GET /api/me 401 in 1ms :: {"error":"Não autenticado"}
2:39:21 AM [express] GET /api/me 401 in 1ms :: {"error":"Não autenticado"}
2:39:51 AM [express] GET /api/me 401 in 0ms :: {"error":"Não autenticado"}
2:39:51 AM [express] GET /api/me 401 in 0ms :: {"error":"Não autenticado"}
2:40:21 AM [express] GET /api/me 401 in 0ms :: {"error":"Não autenticado"}
2:40:21 AM [express] GET /api/me 401 in 0ms :: {"error":"Não autenticado"}
2:40:51 AM [express] GET /api/me 401 in 0ms :: {"error":"Não autenticado"}
2:40:51 AM [express] GET /api/me 401 in 0ms :: {"error":"Não autenticado"}
2:41:21 AM [express] GET /api/me 401 in 0ms :: {"error":"Não autenticado"}
2:41:21 AM [express] GET /api/me 401 in 0ms :: {"error":"Não autenticado"}
2:41:51 AM [express] GET /api/me 401 in 0ms :: {"error":"Não autenticado"}
2:41:51 AM [express] GET /api/me 401 in 0ms :: {"error":"Não autenticado"}
2:42:21 AM [express] GET /api/me 401 in 0ms :: {"error":"Não autenticado"}
2:42:21 AM [express] GET /api/me 401 in 0ms :: {"error":"Não autenticado"}
2:42:51 AM [express] GET /api/me 401 in 0ms :: {"error":"Não autenticado"}
2:42:51 AM [express] GET /api/me 401 in 0ms :: {"error":"Não autenticado"}
2:43:22 AM [express] GET /api/me 401 in 0ms :: {"error":"Não autenticado"}
2:43:22 AM [express] GET /api/me 401 in 0ms :: {"error":"Não autenticado"}
2:43:52 AM [express] GET /api/me 401 in 0ms :: {"error":"Não autenticado"}
2:43:52 AM [express] GET /api/me 401 in 1ms :: {"error":"Não autenticado"}
2:44:22 AM [express] GET /api/me 401 in 1ms :: {"error":"Não autenticado"}
2:44:22 AM [express] GET /api/me 401 in 0ms :: {"error":"Não autenticado"}
2:44:52 AM [express] GET /api/me 401 in 0ms :: {"error":"Não autenticado"}
2:44:52 AM [express] GET /api/me 401 in 1ms :: {"error":"Não autenticado"}
2:45:22 AM [express] GET /api/me 401 in 1ms :: {"error":"Não autenticado"}
2:45:22 AM [express] GET /api/me 401 in 0ms :: {"error":"Não autenticado"}
2:45:52 AM [express] GET /api/me 401 in 0ms :: {"error":"Não autenticado"}
2:45:52 AM [express] GET /api/me 401 in 0ms :: {"error":"Não autenticado"}
2:46:23 AM [express] GET /api/me 401 in 0ms :: {"error":"Não autenticado"}
2:46:23 AM [express] GET /api/me 401 in 0ms :: {"error":"Não autenticado"}
2:46:53 AM [express] GET /api/me 401 in 0ms :: {"error":"Não autenticado"}
2:46:53 AM [express] GET /api/me 401 in 1ms :: {"error":"Não autenticado"}
2:47:23 AM [express] GET /api/me 401 in 1ms :: {"error":"Não autenticado"}
2:47:23 AM [express] GET /api/me 401 in 1ms :: {"error":"Não autenticado"}
2:47:53 AM [express] GET /api/me 401 in 0ms :: {"error":"Não autenticado"}
2:47:53 AM [express] GET /api/me 401 in 1ms :: {"error":"Não autenticado"}
2:48:23 AM [express] GET /api/me 401 in 0ms :: {"error":"Não autenticado"}
2:48:23 AM [express] GET /api/me 401 in 0ms :: {"error":"Não autenticado"}
2:48:53 AM [express] GET /api/me 401 in 0ms :: {"error":"Não autenticado"}
2:48:53 AM [express] GET /api/me 401 in 0ms :: {"error":"Não autenticado"}
2:49:24 AM [express] GET /api/me 401 in 0ms :: {"error":"Não autenticado"}
2:49:24 AM [express] GET /api/me 401 in 0ms :: {"error":"Não autenticado"}
2:49:54 AM [express] GET /api/me 401 in 0ms :: {"error":"Não autenticado"}
2:49:54 AM [express] GET /api/me 401 in 0ms :: {"error":"Não autenticado"}
2:50:24 AM [express] GET /api/me 401 in 1ms :: {"error":"Não autenticado"}
2:50:24 AM [express] GET /api/me 401 in 1ms :: {"error":"Não autenticado"}
2:50:54 AM [express] GET /api/me 401 in 0ms :: {"error":"Não autenticado"}
2:50:54 AM [express] GET /api/me 401 in 1ms :: {"error":"Não autenticado"}
2:51:24 AM [express] GET /api/me 401 in 0ms :: {"error":"Não autenticado"}
2:51:24 AM [express] GET /api/me 401 in 0ms :: {"error":"Não autenticado"}
2:51:54 AM [express] GET /api/me 401 in 0ms :: {"error":"Não autenticado"}
2:51:54 AM [express] GET /api/me 401 in 1ms :: {"error":"Não autenticado"}
2:52:25 AM [express] GET /api/me 401 in 0ms :: {"error":"Não autenticado"}
2:52:25 AM [express] GET /api/me 401 in 0ms :: {"error":"Não autenticado"}
2:52:55 AM [express] GET /api/me 401 in 0ms :: {"error":"Não autenticado"}
2:52:55 AM [express] GET /api/me 401 in 0ms :: {"error":"Não autenticado"}
2:53:25 AM [express] GET /api/me 401 in 0ms :: {"error":"Não autenticado"}
2:53:25 AM [express] GET /api/me 401 in 0ms :: {"error":"Não autenticado"}
2:53:55 AM [express] GET /api/me 401 in 0ms :: {"error":"Não autenticado"}
2:53:55 AM [express] GET /api/me 401 in 0ms :: {"error":"Não autenticado"}
2:54:25 AM [express] GET /api/me 401 in 0ms :: {"error":"Não autenticado"}
2:54:25 AM [express] GET /api/me 401 in 0ms :: {"error":"Não autenticado"}
2:54:55 AM [express] GET /api/me 401 in 0ms :: {"error":"Não autenticado"}
2:54:55 AM [express] GET /api/me 401 in 1ms :: {"error":"Não autenticado"}
2:55:25 AM [express] GET /api/me 401 in 0ms :: {"error":"Não autenticado"}
2:55:25 AM [express] GET /api/me 401 in 1ms :: {"error":"Não autenticado"}
2:55:55 AM [express] GET /api/me 401 in 0ms :: {"error":"Não autenticado"}
2:55:55 AM [express] GET /api/me 401 in 0ms :: {"error":"Não autenticado"}
2:56:26 AM [express] GET /api/me 401 in 0ms :: {"error":"Não autenticado"}
2:56:26 AM [express] GET /api/me 401 in 0ms :: {"error":"Não autenticado"}
2:56:56 AM [express] GET /api/me 401 in 0ms :: {"error":"Não autenticado"}
2:56:56 AM [express] GET /api/me 401 in 0ms :: {"error":"Não autenticado"}
2:57:26 AM [express] GET /api/me 401 in 1ms :: {"error":"Não autenticado"}
2:57:26 AM [express] GET /api/me 401 in 0ms :: {"error":"Não autenticado"}
2:57:56 AM [express] GET /api/me 401 in 0ms :: {"error":"Não autenticado"}
2:57:56 AM [express] GET /api/me 401 in 0ms :: {"error":"Não autenticado"}
2:58:26 AM [express] GET /api/me 401 in 0ms :: {"error":"Não autenticado"}
2:58:26 AM [express] GET /api/me 401 in 0ms :: {"error":"Não autenticado"}
2:58:56 AM [express] GET /api/me 401 in 0ms :: {"error":"Não autenticado"}
2:58:56 AM [express] GET /api/me 401 in 0ms :: {"error":"Não autenticado"}
2:59:27 AM [express] GET /api/me 401 in 0ms :: {"error":"Não autenticado"}
2:59:27 AM [express] GET /api/me 401 in 0ms :: {"error":"Não autenticado"}
2:59:57 AM [express] GET /api/me 401 in 0ms :: {"error":"Não autenticado"}
2:59:57 AM [express] GET /api/me 401 in 0ms :: {"error":"Não autenticado"}
3:00:27 AM [express] GET /api/me 401 in 0ms :: {"error":"Não autenticado"}
3:00:27 AM [express] GET /api/me 401 in 0ms :: {"error":"Não autenticado"}
3:00:57 AM [express] GET /api/me 401 in 0ms :: {"error":"Não autenticado"}
3:00:57 AM [express] GET /api/me 401 in 0ms :: {"error":"Não autenticado"}
3:01:27 AM [express] GET /api/me 401 in 0ms :: {"error":"Não autenticado"}
3:01:27 AM [express] GET /api/me 401 in 0ms :: {"error":"Não autenticado"}
3:01:57 AM [express] GET /api/me 401 in 0ms :: {"error":"Não autenticado"}
3:01:57 AM [express] GET /api/me 401 in 1ms :: {"error":"Não autenticado"}
3:02:28 AM [express] GET /api/me 401 in 0ms :: {"error":"Não autenticado"}
3:02:28 AM [express] GET /api/me 401 in 0ms :: {"error":"Não autenticado"}
3:02:58 AM [express] GET /api/me 401 in 0ms :: {"error":"Não autenticado"}
3:02:58 AM [express] GET /api/me 401 in 0ms :: {"error":"Não autenticado"}
3:03:28 AM [express] GET /api/me 401 in 1ms :: {"error":"Não autenticado"}
3:03:28 AM [express] GET /api/me 401 in 0ms :: {"error":"Não autenticado"}
3:03:58 AM [express] GET /api/me 401 in 0ms :: {"error":"Não autenticado"}
3:03:58 AM [express] GET /api/me 401 in 0ms :: {"error":"Não autenticado"}
3:04:28 AM [express] GET /api/me 401 in 0ms :: {"error":"Não autenticado"}
3:04:28 AM [express] GET /api/me 401 in 0ms :: {"error":"Não autenticado"}
3:04:58 AM [express] GET /api/me 401 in 0ms :: {"error":"Não autenticado"}
3:04:58 AM [express] GET /api/me 401 in 1ms :: {"error":"Não autenticado"}
3:05:29 AM [express] GET /api/me 401 in 0ms :: {"error":"Não autenticado"}
3:05:29 AM [express] GET /api/me 401 in 0ms :: {"error":"Não autenticado"}
3:05:59 AM [express] GET /api/me 401 in 0ms :: {"error":"Não autenticado"}
3:05:59 AM [express] GET /api/me 401 in 0ms :: {"error":"Não autenticado"}
3:06:29 AM [express] GET /api/me 401 in 0ms :: {"error":"Não autenticado"}
3:06:29 AM [express] GET /api/me 401 in 0ms :: {"error":"Não autenticado"}
3:06:59 AM [express] GET /api/me 401 in 0ms :: {"error":"Não autenticado"}
3:06:59 AM [express] GET /api/me 401 in 0ms :: {"error":"Não autenticado"}
3:07:29 AM [express] GET /api/me 401 in 0ms :: {"error":"Não autenticado"}
3:07:29 AM [express] GET /api/me 401 in 0ms :: {"error":"Não autenticado"}
3:07:59 AM [express] GET /api/me 401 in 0ms :: {"error":"Não autenticado"}
3:07:59 AM [express] GET /api/me 401 in 0ms :: {"error":"Não autenticado"}
3:08:29 AM [express] GET /api/me 401 in 0ms :: {"error":"Não autenticado"}
3:08:29 AM [express] GET /api/me 401 in 1ms :: {"error":"Não autenticado"}
3:08:59 AM [express] GET /api/me 401 in 0ms :: {"error":"Não autenticado"}
3:08:59 AM [express] GET /api/me 401 in 0ms :: {"error":"Não autenticado"}
3:09:30 AM [express] GET /api/me 401 in 1ms :: {"error":"Não autenticado"}
3:09:30 AM [express] GET /api/me 401 in 1ms :: {"error":"Não autenticado"}
3:10:00 AM [express] GET /api/me 401 in 0ms :: {"error":"Não autenticado"}
3:10:00 AM [express] GET /api/me 401 in 0ms :: {"error":"Não autenticado"}
3:10:30 AM [express] GET /api/me 401 in 1ms :: {"error":"Não autenticado"}
3:10:30 AM [express] GET /api/me 401 in 0ms :: {"error":"Não autenticado"}
3:11:00 AM [express] GET /api/me 401 in 0ms :: {"error":"Não autenticado"}
3:11:00 AM [express] GET /api/me 401 in 0ms :: {"error":"Não autenticado"}
3:11:30 AM [express] GET /api/me 401 in 1ms :: {"error":"Não autenticado"}
3:11:30 AM [express] GET /api/me 401 in 1ms :: {"error":"Não autenticado"}
3:12:00 AM [express] GET /api/me 401 in 0ms :: {"error":"Não autenticado"}
3:12:00 AM [express] GET /api/me 401 in 1ms :: {"error":"Não autenticado"}
3:12:31 AM [express] GET /api/me 401 in 0ms :: {"error":"Não autenticado"}
3:12:31 AM [express] GET /api/me 401 in 0ms :: {"error":"Não autenticado"}
3:13:01 AM [express] GET /api/me 401 in 0ms :: {"error":"Não autenticado"}
3:13:01 AM [express] GET /api/me 401 in 0ms :: {"error":"Não autenticado"}
3:13:31 AM [express] GET /api/me 401 in 0ms :: {"error":"Não autenticado"}
3:13:31 AM [express] GET /api/me 401 in 0ms :: {"error":"Não autenticado"}
3:14:01 AM [express] GET /api/me 401 in 1ms :: {"error":"Não autenticado"}
3:14:01 AM [express] GET /api/me 401 in 1ms :: {"error":"Não autenticado"}
3:14:31 AM [express] GET /api/me 401 in 1ms :: {"error":"Não autenticado"}
3:14:31 AM [express] GET /api/me 401 in 0ms :: {"error":"Não autenticado"}
3:15:01 AM [express] GET /api/me 401 in 1ms :: {"error":"Não autenticado"}
3:15:01 AM [express] GET /api/me 401 in 0ms :: {"error":"Não autenticado"}
3:15:32 AM [express] GET /api/me 401 in 1ms :: {"error":"Não autenticado"}
3:15:32 AM [express] GET /api/me 401 in 1ms :: {"error":"Não autenticado"}
3:16:02 AM [express] GET /api/me 401 in 0ms :: {"error":"Não autenticado"}
3:16:02 AM [express] GET /api/me 401 in 0ms :: {"error":"Não autenticado"}
3:16:32 AM [express] GET /api/me 401 in 0ms :: {"error":"Não autenticado"}
3:16:32 AM [express] GET /api/me 401 in 0ms :: {"error":"Não autenticado"}
3:17:02 AM [express] GET /api/me 401 in 0ms :: {"error":"Não autenticado"}
3:17:02 AM [express] GET /api/me 401 in 0ms :: {"error":"Não autenticado"}
3:17:32 AM [express] GET /api/me 401 in 1ms :: {"error":"Não autenticado"}
3:17:32 AM [express] GET /api/me 401 in 0ms :: {"error":"Não autenticado"}
3:18:02 AM [express] GET /api/me 401 in 1ms :: {"error":"Não autenticado"}
3:18:02 AM [express] GET /api/me 401 in 0ms :: {"error":"Não autenticado"}
3:18:33 AM [express] GET /api/me 401 in 1ms :: {"error":"Não autenticado"}
3:18:33 AM [express] GET /api/me 401 in 0ms :: {"error":"Não autenticado"}
3:19:03 AM [express] GET /api/me 401 in 0ms :: {"error":"Não autenticado"}
3:19:03 AM [express] GET /api/me 401 in 0ms :: {"error":"Não autenticado"}
3:19:33 AM [express] GET /api/me 401 in 0ms :: {"error":"Não autenticado"}
3:19:33 AM [express] GET /api/me 401 in 0ms :: {"error":"Não autenticado"}
3:20:03 AM [express] GET /api/me 401 in 1ms :: {"error":"Não autenticado"}
3:20:03 AM [express] GET /api/me 401 in 0ms :: {"error":"Não autenticado"}
3:20:33 AM [express] GET /api/me 401 in 0ms :: {"error":"Não autenticado"}
3:20:33 AM [express] GET /api/me 401 in 0ms :: {"error":"Não autenticado"}
3:21:03 AM [express] GET /api/me 401 in 0ms :: {"error":"Não autenticado"}
3:21:03 AM [express] GET /api/me 401 in 0ms :: {"error":"Não autenticado"}
3:21:33 AM [express] GET /api/me 401 in 0ms :: {"error":"Não autenticado"}
3:21:33 AM [express] GET /api/me 401 in 0ms :: {"error":"Não autenticado"}
3:22:03 AM [express] GET /api/me 401 in 1ms :: {"error":"Não autenticado"}
3:22:03 AM [express] GET /api/me 401 in 1ms :: {"error":"Não autenticado"}
3:22:34 AM [express] GET /api/me 401 in 1ms :: {"error":"Não autenticado"}
3:22:34 AM [express] GET /api/me 401 in 0ms :: {"error":"Não autenticado"}
3:23:04 AM [express] GET /api/me 401 in 0ms :: {"error":"Não autenticado"}
3:23:04 AM [express] GET /api/me 401 in 1ms :: {"error":"Não autenticado"}
3:23:34 AM [express] GET /api/me 401 in 0ms :: {"error":"Não autenticado"}
3:23:34 AM [express] GET /api/me 401 in 0ms :: {"error":"Não autenticado"}
3:24:04 AM [express] GET /api/me 401 in 0ms :: {"error":"Não autenticado"}
3:24:04 AM [express] GET /api/me 401 in 0ms :: {"error":"Não autenticado"}
3:24:34 AM [express] GET /api/me 401 in 0ms :: {"error":"Não autenticado"}
3:24:34 AM [express] GET /api/me 401 in 0ms :: {"error":"Não autenticado"}
3:25:04 AM [express] GET /api/me 401 in 1ms :: {"error":"Não autenticado"}
3:25:04 AM [express] GET /api/me 401 in 0ms :: {"error":"Não autenticado"}
3:25:35 AM [express] GET /api/me 401 in 0ms :: {"error":"Não autenticado"}
3:25:35 AM [express] GET /api/me 401 in 0ms :: {"error":"Não autenticado"}
3:26:05 AM [express] GET /api/me 401 in 1ms :: {"error":"Não autenticado"}
3:26:05 AM [express] GET /api/me 401 in 0ms :: {"error":"Não autenticado"}
3:26:35 AM [express] GET /api/me 401 in 1ms :: {"error":"Não autenticado"}
3:26:35 AM [express] GET /api/me 401 in 0ms :: {"error":"Não autenticado"}
3:27:05 AM [express] GET /api/me 401 in 0ms :: {"error":"Não autenticado"}
3:27:05 AM [express] GET /api/me 401 in 0ms :: {"error":"Não autenticado"}
3:27:35 AM [express] GET /api/me 401 in 1ms :: {"error":"Não autenticado"}
3:27:35 AM [express] GET /api/me 401 in 0ms :: {"error":"Não autenticado"}
3:28:05 AM [express] GET /api/me 401 in 0ms :: {"error":"Não autenticado"}
3:28:05 AM [express] GET /api/me 401 in 0ms :: {"error":"Não autenticado"}
3:28:36 AM [express] GET /api/me 401 in 0ms :: {"error":"Não autenticado"}
3:28:36 AM [express] GET /api/me 401 in 0ms :: {"error":"Não autenticado"}
3:29:06 AM [express] GET /api/me 401 in 0ms :: {"error":"Não autenticado"}
3:29:06 AM [express] GET /api/me 401 in 0ms :: {"error":"Não autenticado"}
3:29:36 AM [express] GET /api/me 401 in 1ms :: {"error":"Não autenticado"}
3:29:36 AM [express] GET /api/me 401 in 0ms :: {"error":"Não autenticado"}
3:30:06 AM [express] GET /api/me 401 in 0ms :: {"error":"Não autenticado"}
3:30:06 AM [express] GET /api/me 401 in 0ms :: {"error":"Não autenticado"}
3:30:36 AM [express] GET /api/me 401 in 0ms :: {"error":"Não autenticado"}
3:30:36 AM [express] GET /api/me 401 in 0ms :: {"error":"Não autenticado"}
3:31:06 AM [express] GET /api/me 401 in 0ms :: {"error":"Não autenticado"}
3:31:06 AM [express] GET /api/me 401 in 0ms :: {"error":"Não autenticado"}
3:31:37 AM [express] GET /api/me 401 in 0ms :: {"error":"Não autenticado"}
3:31:37 AM [express] GET /api/me 401 in 0ms :: {"error":"Não autenticado"}
3:32:07 AM [express] GET /api/me 401 in 0ms :: {"error":"Não autenticado"}
3:32:07 AM [express] GET /api/me 401 in 0ms :: {"error":"Não autenticado"}
3:32:37 AM [express] GET /api/me 401 in 0ms :: {"error":"Não autenticado"}
3:32:37 AM [express] GET /api/me 401 in 0ms :: {"error":"Não autenticado"}
3:33:07 AM [express] GET /api/me 401 in 0ms :: {"error":"Não autenticado"}
3:33:07 AM [express] GET /api/me 401 in 0ms :: {"error":"Não autenticado"}
3:33:37 AM [express] GET /api/me 401 in 0ms :: {"error":"Não autenticado"}
3:33:37 AM [express] GET /api/me 401 in 0ms :: {"error":"Não autenticado"}
3:34:07 AM [express] GET /api/me 401 in 0ms :: {"error":"Não autenticado"}
3:34:07 AM [express] GET /api/me 401 in 0ms :: {"error":"Não autenticado"}
3:34:37 AM [express] GET /api/me 401 in 1ms :: {"error":"Não autenticado"}
3:34:37 AM [express] GET /api/me 401 in 0ms :: {"error":"Não autenticado"}
3:35:07 AM [express] GET /api/me 401 in 0ms :: {"error":"Não autenticado"}
3:35:07 AM [express] GET /api/me 401 in 0ms :: {"error":"Não autenticado"}
3:35:38 AM [express] GET /api/me 401 in 0ms :: {"error":"Não autenticado"}
3:35:38 AM [express] GET /api/me 401 in 1ms :: {"error":"Não autenticado"}
3:36:08 AM [express] GET /api/me 401 in 0ms :: {"error":"Não autenticado"}
3:36:08 AM [express] GET /api/me 401 in 0ms :: {"error":"Não autenticado"}
3:36:38 AM [express] GET /api/me 401 in 0ms :: {"error":"Não autenticado"}
3:36:38 AM [express] GET /api/me 401 in 0ms :: {"error":"Não autenticado"}
3:37:08 AM [express] GET /api/me 401 in 1ms :: {"error":"Não autenticado"}
3:37:08 AM [express] GET /api/me 401 in 0ms :: {"error":"Não autenticado"}
3:37:38 AM [express] GET /api/me 401 in 1ms :: {"error":"Não autenticado"}
3:37:38 AM [express] GET /api/me 401 in 0ms :: {"error":"Não autenticado"}
3:38:08 AM [express] GET /api/me 401 in 0ms :: {"error":"Não autenticado"}
3:38:08 AM [express] GET /api/me 401 in 0ms :: {"error":"Não autenticado"}
3:38:39 AM [express] GET /api/me 401 in 1ms :: {"error":"Não autenticado"}
3:38:39 AM [express] GET /api/me 401 in 1ms :: {"error":"Não autenticado"}
3:39:09 AM [express] GET /api/me 401 in 0ms :: {"error":"Não autenticado"}
3:39:09 AM [express] GET /api/me 401 in 1ms :: {"error":"Não autenticado"}
3:39:39 AM [express] GET /api/me 401 in 0ms :: {"error":"Não autenticado"}
3:39:39 AM [express] GET /api/me 401 in 0ms :: {"error":"Não autenticado"}
3:40:09 AM [express] GET /api/me 401 in 1ms :: {"error":"Não autenticado"}
3:40:09 AM [express] GET /api/me 401 in 1ms :: {"error":"Não autenticado"}
3:40:39 AM [express] GET /api/me 401 in 0ms :: {"error":"Não autenticado"}
3:40:39 AM [express] GET /api/me 401 in 0ms :: {"error":"Não autenticado"}
3:41:09 AM [express] GET /api/me 401 in 1ms :: {"error":"Não autenticado"}
3:41:09 AM [express] GET /api/me 401 in 1ms :: {"error":"Não autenticado"}
3:41:40 AM [express] GET /api/me 401 in 0ms :: {"error":"Não autenticado"}
3:41:40 AM [express] GET /api/me 401 in 0ms :: {"error":"Não autenticado"}
3:42:10 AM [express] GET /api/me 401 in 1ms :: {"error":"Não autenticado"}
3:42:10 AM [express] GET /api/me 401 in 0ms :: {"error":"Não autenticado"}
3:42:40 AM [express] GET /api/me 401 in 1ms :: {"error":"Não autenticado"}
3:42:40 AM [express] GET /api/me 401 in 0ms :: {"error":"Não autenticado"}
3:43:10 AM [express] GET /api/me 401 in 1ms :: {"error":"Não autenticado"}
3:43:10 AM [express] GET /api/me 401 in 1ms :: {"error":"Não autenticado"}
3:43:40 AM [express] GET /api/me 401 in 0ms :: {"error":"Não autenticado"}
3:43:40 AM [express] GET /api/me 401 in 0ms :: {"error":"Não autenticado"}
3:44:10 AM [express] GET /api/me 401 in 1ms :: {"error":"Não autenticado"}
3:44:10 AM [express] GET /api/me 401 in 0ms :: {"error":"Não autenticado"}
3:44:41 AM [express] GET /api/me 401 in 0ms :: {"error":"Não autenticado"}
3:44:41 AM [express] GET /api/me 401 in 0ms :: {"error":"Não autenticado"}
3:45:11 AM [express] GET /api/me 401 in 0ms :: {"error":"Não autenticado"}
3:45:11 AM [express] GET /api/me 401 in 0ms :: {"error":"Não autenticado"}
3:45:41 AM [express] GET /api/me 401 in 0ms :: {"error":"Não autenticado"}
3:45:41 AM [express] GET /api/me 401 in 0ms :: {"error":"Não autenticado"}
3:46:11 AM [express] GET /api/me 401 in 0ms :: {"error":"Não autenticado"}
3:46:11 AM [express] GET /api/me 401 in 0ms :: {"error":"Não autenticado"}
3:46:41 AM [express] GET /api/me 401 in 0ms :: {"error":"Não autenticado"}
3:46:41 AM [express] GET /api/me 401 in 0ms :: {"error":"Não autenticado"}
3:47:11 AM [express] GET /api/me 401 in 1ms :: {"error":"Não autenticado"}
3:47:11 AM [express] GET /api/me 401 in 1ms :: {"error":"Não autenticado"}
3:47:41 AM [express] GET /api/me 401 in 0ms :: {"error":"Não autenticado"}
3:47:41 AM [express] GET /api/me 401 in 0ms :: {"error":"Não autenticado"}
3:48:11 AM [express] GET /api/me 401 in 0ms :: {"error":"Não autenticado"}
3:48:11 AM [express] GET /api/me 401 in 0ms :: {"error":"Não autenticado"}
3:48:42 AM [express] GET /api/me 401 in 0ms :: {"error":"Não autenticado"}
3:48:42 AM [express] GET /api/me 401 in 0ms :: {"error":"Não autenticado"}
3:49:12 AM [express] GET /api/me 401 in 0ms :: {"error":"Não autenticado"}
3:49:12 AM [express] GET /api/me 401 in 0ms :: {"error":"Não autenticado"}
3:49:42 AM [express] GET /api/me 401 in 0ms :: {"error":"Não autenticado"}
3:49:42 AM [express] GET /api/me 401 in 0ms :: {"error":"Não autenticado"}
3:50:12 AM [express] GET /api/me 401 in 0ms :: {"error":"Não autenticado"}
3:50:12 AM [express] GET /api/me 401 in 0ms :: {"error":"Não autenticado"}
3:50:42 AM [express] GET /api/me 401 in 0ms :: {"error":"Não autenticado"}
3:50:42 AM [express] GET /api/me 401 in 0ms :: {"error":"Não autenticado"}
3:51:12 AM [express] GET /api/me 401 in 0ms :: {"error":"Não autenticado"}
3:51:12 AM [express] GET /api/me 401 in 0ms :: {"error":"Não autenticado"}
3:51:43 AM [express] GET /api/me 401 in 0ms :: {"error":"Não autenticado"}
3:51:43 AM [express] GET /api/me 401 in 0ms :: {"error":"Não autenticado"}
3:52:13 AM [express] GET /api/me 401 in 0ms :: {"error":"Não autenticado"}
3:52:13 AM [express] GET /api/me 401 in 0ms :: {"error":"Não autenticado"}
3:52:43 AM [express] GET /api/me 401 in 0ms :: {"error":"Não autenticado"}
3:52:43 AM [express] GET /api/me 401 in 0ms :: {"error":"Não autenticado"}
3:53:13 AM [express] GET /api/me 401 in 0ms :: {"error":"Não autenticado"}
3:53:13 AM [express] GET /api/me 401 in 0ms :: {"error":"Não autenticado"}
3:53:43 AM [express] GET /api/me 401 in 0ms :: {"error":"Não autenticado"}
3:53:43 AM [express] GET /api/me 401 in 0ms :: {"error":"Não autenticado"}
3:54:13 AM [express] GET /api/me 401 in 0ms :: {"error":"Não autenticado"}
3:54:13 AM [express] GET /api/me 401 in 0ms :: {"error":"Não autenticado"}
3:54:44 AM [express] GET /api/me 401 in 0ms :: {"error":"Não autenticado"}
3:54:44 AM [express] GET /api/me 401 in 0ms :: {"error":"Não autenticado"}
3:55:14 AM [express] GET /api/me 401 in 0ms :: {"error":"Não autenticado"}
3:55:14 AM [express] GET /api/me 401 in 0ms :: {"error":"Não autenticado"}
3:55:44 AM [express] GET /api/me 401 in 0ms :: {"error":"Não autenticado"}
3:55:44 AM [express] GET /api/me 401 in 1ms :: {"error":"Não autenticado"}
3:56:14 AM [express] GET /api/me 401 in 0ms :: {"error":"Não autenticado"}
3:56:14 AM [express] GET /api/me 401 in 0ms :: {"error":"Não autenticado"}
3:56:44 AM [express] GET /api/me 401 in 0ms :: {"error":"Não autenticado"}
3:56:44 AM [express] GET /api/me 401 in 0ms :: {"error":"Não autenticado"}
3:57:14 AM [express] GET /api/me 401 in 0ms :: {"error":"Não autenticado"}
3:57:14 AM [express] GET /api/me 401 in 0ms :: {"error":"Não autenticado"}
3:57:45 AM [express] GET /api/me 401 in 0ms :: {"error":"Não autenticado"}
3:57:45 AM [express] GET /api/me 401 in 0ms :: {"error":"Não autenticado"}
3:58:15 AM [express] GET /api/me 401 in 0ms :: {"error":"Não autenticado"}
3:58:15 AM [express] GET /api/me 401 in 0ms :: {"error":"Não autenticado"}
3:58:45 AM [express] GET /api/me 401 in 0ms :: {"error":"Não autenticado"}
3:58:45 AM [express] GET /api/me 401 in 0ms :: {"error":"Não autenticado"}
3:59:15 AM [express] GET /api/me 401 in 1ms :: {"error":"Não autenticado"}
3:59:15 AM [express] GET /api/me 401 in 0ms :: {"error":"Não autenticado"}
3:59:45 AM [express] GET /api/me 401 in 1ms :: {"error":"Não autenticado"}
3:59:45 AM [express] GET /api/me 401 in 0ms :: {"error":"Não autenticado"}
4:00:15 AM [express] GET /api/me 401 in 0ms :: {"error":"Não autenticado"}
4:00:15 AM [express] GET /api/me 401 in 0ms :: {"error":"Não autenticado"}
4:00:45 AM [express] GET /api/me 401 in 0ms :: {"error":"Não autenticado"}
4:00:45 AM [express] GET /api/me 401 in 0ms :: {"error":"Não autenticado"}
4:01:15 AM [express] GET /api/me 401 in 0ms :: {"error":"Não autenticado"}
4:01:15 AM [express] GET /api/me 401 in 0ms :: {"error":"Não autenticado"}
4:01:46 AM [express] GET /api/me 401 in 0ms :: {"error":"Não autenticado"}
4:01:46 AM [express] GET /api/me 401 in 0ms :: {"error":"Não autenticado"}
4:02:16 AM [express] GET /api/me 401 in 0ms :: {"error":"Não autenticado"}
4:02:16 AM [express] GET /api/me 401 in 0ms :: {"error":"Não autenticado"}
4:02:46 AM [express] GET /api/me 401 in 0ms :: {"error":"Não autenticado"}
4:02:46 AM [express] GET /api/me 401 in 0ms :: {"error":"Não autenticado"}
4:03:16 AM [express] GET /api/me 401 in 0ms :: {"error":"Não autenticado"}
4:03:16 AM [express] GET /api/me 401 in 0ms :: {"error":"Não autenticado"}
4:03:46 AM [express] GET /api/me 401 in 1ms :: {"error":"Não autenticado"}
4:03:46 AM [express] GET /api/me 401 in 0ms :: {"error":"Não autenticado"}
4:04:16 AM [express] GET /api/me 401 in 0ms :: {"error":"Não autenticado"}
4:04:16 AM [express] GET /api/me 401 in 0ms :: {"error":"Não autenticado"}
4:04:47 AM [express] GET /api/me 401 in 0ms :: {"error":"Não autenticado"}
4:04:47 AM [express] GET /api/me 401 in 0ms :: {"error":"Não autenticado"}
4:05:17 AM [express] GET /api/me 401 in 0ms :: {"error":"Não autenticado"}
4:05:17 AM [express] GET /api/me 401 in 0ms :: {"error":"Não autenticado"}
4:05:47 AM [express] GET /api/me 401 in 1ms :: {"error":"Não autenticado"}
4:05:47 AM [express] GET /api/me 401 in 1ms :: {"error":"Não autenticado"}
4:06:17 AM [express] GET /api/me 401 in 0ms :: {"error":"Não autenticado"}
4:06:17 AM [express] GET /api/me 401 in 0ms :: {"error":"Não autenticado"}
4:06:47 AM [express] GET /api/me 401 in 1ms :: {"error":"Não autenticado"}
4:06:47 AM [express] GET /api/me 401 in 1ms :: {"error":"Não autenticado"}
4:07:17 AM [express] GET /api/me 401 in 0ms :: {"error":"Não autenticado"}
4:07:17 AM [express] GET /api/me 401 in 0ms :: {"error":"Não autenticado"}
4:07:48 AM [express] GET /api/me 401 in 0ms :: {"error":"Não autenticado"}
4:07:48 AM [express] GET /api/me 401 in 0ms :: {"error":"Não autenticado"}
4:08:18 AM [express] GET /api/me 401 in 0ms :: {"error":"Não autenticado"}
4:08:18 AM [express] GET /api/me 401 in 0ms :: {"error":"Não autenticado"}
4:08:48 AM [express] GET /api/me 401 in 1ms :: {"error":"Não autenticado"}
4:08:48 AM [express] GET /api/me 401 in 0ms :: {"error":"Não autenticado"}
4:09:18 AM [express] GET /api/me 401 in 0ms :: {"error":"Não autenticado"}
4:09:18 AM [express] GET /api/me 401 in 0ms :: {"error":"Não autenticado"}
4:09:48 AM [express] GET /api/me 401 in 0ms :: {"error":"Não autenticado"}
4:09:48 AM [express] GET /api/me 401 in 0ms :: {"error":"Não autenticado"}
4:10:18 AM [express] GET /api/me 401 in 0ms :: {"error":"Não autenticado"}
4:10:18 AM [express] GET /api/me 401 in 0ms :: {"error":"Não autenticado"}
4:10:49 AM [express] GET /api/me 401 in 0ms :: {"error":"Não autenticado"}
4:10:49 AM [express] GET /api/me 401 in 1ms :: {"error":"Não autenticado"}
4:11:19 AM [express] GET /api/me 401 in 0ms :: {"error":"Não autenticado"}
4:11:19 AM [express] GET /api/me 401 in 0ms :: {"error":"Não autenticado"}
4:11:49 AM [express] GET /api/me 401 in 0ms :: {"error":"Não autenticado"}
4:11:49 AM [express] GET /api/me 401 in 1ms :: {"error":"Não autenticado"}
4:12:19 AM [express] GET /api/me 401 in 1ms :: {"error":"Não autenticado"}
4:12:19 AM [express] GET /api/me 401 in 1ms :: {"error":"Não autenticado"}
4:12:49 AM [express] GET /api/me 401 in 1ms :: {"error":"Não autenticado"}
4:12:49 AM [express] GET /api/me 401 in 0ms :: {"error":"Não autenticado"}
4:13:19 AM [express] GET /api/me 401 in 0ms :: {"error":"Não autenticado"}
4:13:19 AM [express] GET /api/me 401 in 0ms :: {"error":"Não autenticado"}
4:13:49 AM [express] GET /api/me 401 in 0ms :: {"error":"Não autenticado"}
4:13:49 AM [express] GET /api/me 401 in 0ms :: {"error":"Não autenticado"}
4:14:19 AM [express] GET /api/me 401 in 1ms :: {"error":"Não autenticado"}
4:14:19 AM [express] GET /api/me 401 in 0ms :: {"error":"Não autenticado"}
4:14:50 AM [express] GET /api/me 401 in 0ms :: {"error":"Não autenticado"}
4:14:50 AM [express] GET /api/me 401 in 0ms :: {"error":"Não autenticado"}
4:15:20 AM [express] GET /api/me 401 in 0ms :: {"error":"Não autenticado"}
4:15:20 AM [express] GET /api/me 401 in 0ms :: {"error":"Não autenticado"}
4:15:50 AM [express] GET /api/me 401 in 0ms :: {"error":"Não autenticado"}
4:15:50 AM [express] GET /api/me 401 in 0ms :: {"error":"Não autenticado"}
4:16:20 AM [express] GET /api/me 401 in 0ms :: {"error":"Não autenticado"}
4:16:20 AM [express] GET /api/me 401 in 0ms :: {"error":"Não autenticado"}
4:16:50 AM [express] GET /api/me 401 in 1ms :: {"error":"Não autenticado"}
4:16:50 AM [express] GET /api/me 401 in 0ms :: {"error":"Não autenticado"}
4:17:20 AM [express] GET /api/me 401 in 1ms :: {"error":"Não autenticado"}
4:17:20 AM [express] GET /api/me 401 in 1ms :: {"error":"Não autenticado"}
4:17:51 AM [express] GET /api/me 401 in 0ms :: {"error":"Não autenticado"}
4:17:51 AM [express] GET /api/me 401 in 0ms :: {"error":"Não autenticado"}
4:18:21 AM [express] GET /api/me 401 in 1ms :: {"error":"Não autenticado"}
4:18:21 AM [express] GET /api/me 401 in 0ms :: {"error":"Não autenticado"}
4:18:51 AM [express] GET /api/me 401 in 1ms :: {"error":"Não autenticado"}
4:18:51 AM [express] GET /api/me 401 in 0ms :: {"error":"Não autenticado"}
4:19:21 AM [express] GET /api/me 401 in 0ms :: {"error":"Não autenticado"}
4:19:21 AM [express] GET /api/me 401 in 0ms :: {"error":"Não autenticado"}
4:19:51 AM [express] GET /api/me 401 in 0ms :: {"error":"Não autenticado"}
4:19:51 AM [express] GET /api/me 401 in 0ms :: {"error":"Não autenticado"}
4:20:21 AM [express] GET /api/me 401 in 0ms :: {"error":"Não autenticado"}
4:20:21 AM [express] GET /api/me 401 in 0ms :: {"error":"Não autenticado"}
4:20:52 AM [express] GET /api/me 401 in 0ms :: {"error":"Não autenticado"}
4:20:52 AM [express] GET /api/me 401 in 0ms :: {"error":"Não autenticado"}
4:21:22 AM [express] GET /api/me 401 in 1ms :: {"error":"Não autenticado"}
4:21:22 AM [express] GET /api/me 401 in 1ms :: {"error":"Não autenticado"}
4:21:52 AM [express] GET /api/me 401 in 1ms :: {"error":"Não autenticado"}
4:21:52 AM [express] GET /api/me 401 in 0ms :: {"error":"Não autenticado"}
4:22:22 AM [express] GET /api/me 401 in 1ms :: {"error":"Não autenticado"}
4:22:22 AM [express] GET /api/me 401 in 0ms :: {"error":"Não autenticado"}
4:22:52 AM [express] GET /api/me 401 in 1ms :: {"error":"Não autenticado"}
4:22:52 AM [express] GET /api/me 401 in 0ms :: {"error":"Não autenticado"}
4:23:22 AM [express] GET /api/me 401 in 0ms :: {"error":"Não autenticado"}
4:23:22 AM [express] GET /api/me 401 in 0ms :: {"error":"Não autenticado"}
4:23:53 AM [express] GET /api/me 401 in 0ms :: {"error":"Não autenticado"}
4:23:53 AM [express] GET /api/me 401 in 0ms :: {"error":"Não autenticado"}
4:24:23 AM [express] GET /api/me 401 in 0ms :: {"error":"Não autenticado"}
4:24:23 AM [express] GET /api/me 401 in 0ms :: {"error":"Não autenticado"}
4:24:53 AM [express] GET /api/me 401 in 0ms :: {"error":"Não autenticado"}
4:24:53 AM [express] GET /api/me 401 in 0ms :: {"error":"Não autenticado"}
4:25:23 AM [express] GET /api/me 401 in 1ms :: {"error":"Não autenticado"}
4:25:23 AM [express] GET /api/me 401 in 0ms :: {"error":"Não autenticado"}
4:25:53 AM [express] GET /api/me 401 in 0ms :: {"error":"Não autenticado"}
4:25:53 AM [express] GET /api/me 401 in 0ms :: {"error":"Não autenticado"}
4:26:23 AM [express] GET /api/me 401 in 1ms :: {"error":"Não autenticado"}
4:26:23 AM [express] GET /api/me 401 in 1ms :: {"error":"Não autenticado"}
4:26:53 AM [express] GET /api/me 401 in 1ms :: {"error":"Não autenticado"}
4:26:53 AM [express] GET /api/me 401 in 0ms :: {"error":"Não autenticado"}
4:27:23 AM [express] GET /api/me 401 in 1ms :: {"error":"Não autenticado"}
4:27:23 AM [express] GET /api/me 401 in 1ms :: {"error":"Não autenticado"}
4:27:54 AM [express] GET /api/me 401 in 0ms :: {"error":"Não autenticado"}
4:27:54 AM [express] GET /api/me 401 in 0ms :: {"error":"Não autenticado"}
4:28:24 AM [express] GET /api/me 401 in 0ms :: {"error":"Não autenticado"}
4:28:24 AM [express] GET /api/me 401 in 0ms :: {"error":"Não autenticado"}
4:28:54 AM [express] GET /api/me 401 in 0ms :: {"error":"Não autenticado"}
4:28:54 AM [express] GET /api/me 401 in 0ms :: {"error":"Não autenticado"}
4:29:24 AM [express] GET /api/me 401 in 0ms :: {"error":"Não autenticado"}
4:29:24 AM [express] GET /api/me 401 in 0ms :: {"error":"Não autenticado"}
4:29:54 AM [express] GET /api/me 401 in 0ms :: {"error":"Não autenticado"}
4:29:54 AM [express] GET /api/me 401 in 1ms :: {"error":"Não autenticado"}
4:30:24 AM [express] GET /api/me 401 in 0ms :: {"error":"Não autenticado"}
4:30:24 AM [express] GET /api/me 401 in 0ms :: {"error":"Não autenticado"}
4:30:55 AM [express] GET /api/me 401 in 1ms :: {"error":"Não autenticado"}
4:30:55 AM [express] GET /api/me 401 in 0ms :: {"error":"Não autenticado"}
4:31:25 AM [express] GET /api/me 401 in 0ms :: {"error":"Não autenticado"}
4:31:25 AM [express] GET /api/me 401 in 0ms :: {"error":"Não autenticado"}
4:31:55 AM [express] GET /api/me 401 in 1ms :: {"error":"Não autenticado"}
4:31:55 AM [express] GET /api/me 401 in 0ms :: {"error":"Não autenticado"}
4:32:25 AM [express] GET /api/me 401 in 0ms :: {"error":"Não autenticado"}
4:32:25 AM [express] GET /api/me 401 in 0ms :: {"error":"Não autenticado"}
4:32:55 AM [express] GET /api/me 401 in 1ms :: {"error":"Não autenticado"}
4:32:55 AM [express] GET /api/me 401 in 0ms :: {"error":"Não autenticado"}
4:33:25 AM [express] GET /api/me 401 in 1ms :: {"error":"Não autenticado"}
4:33:25 AM [express] GET /api/me 401 in 1ms :: {"error":"Não autenticado"}
4:33:56 AM [express] GET /api/me 401 in 0ms :: {"error":"Não autenticado"}
4:33:56 AM [express] GET /api/me 401 in 0ms :: {"error":"Não autenticado"}
4:34:26 AM [express] GET /api/me 401 in 0ms :: {"error":"Não autenticado"}
4:34:26 AM [express] GET /api/me 401 in 1ms :: {"error":"Não autenticado"}
4:34:56 AM [express] GET /api/me 401 in 0ms :: {"error":"Não autenticado"}
4:34:56 AM [express] GET /api/me 401 in 0ms :: {"error":"Não autenticado"}
4:35:26 AM [express] GET /api/me 401 in 1ms :: {"error":"Não autenticado"}
4:35:26 AM [express] GET /api/me 401 in 0ms :: {"error":"Não autenticado"}
4:35:56 AM [express] GET /api/me 401 in 0ms :: {"error":"Não autenticado"}
4:35:56 AM [express] GET /api/me 401 in 0ms :: {"error":"Não autenticado"}
4:36:26 AM [express] GET /api/me 401 in 1ms :: {"error":"Não autenticado"}
4:36:26 AM [express] GET /api/me 401 in 1ms :: {"error":"Não autenticado"}
4:36:56 AM [express] GET /api/me 401 in 1ms :: {"error":"Não autenticado"}
4:36:57 AM [express] GET /api/me 401 in 1ms :: {"error":"Não autenticado"}
4:37:27 AM [express] GET /api/me 401 in 0ms :: {"error":"Não autenticado"}
4:37:27 AM [express] GET /api/me 401 in 0ms :: {"error":"Não autenticado"}
4:37:57 AM [express] GET /api/me 401 in 0ms :: {"error":"Não autenticado"}
4:37:57 AM [express] GET /api/me 401 in 1ms :: {"error":"Não autenticado"}
4:38:27 AM [express] GET /api/me 401 in 1ms :: {"error":"Não autenticado"}
4:38:27 AM [express] GET /api/me 401 in 0ms :: {"error":"Não autenticado"}
4:38:57 AM [express] GET /api/me 401 in 0ms :: {"error":"Não autenticado"}
4:38:57 AM [express] GET /api/me 401 in 1ms :: {"error":"Não autenticado"}
4:39:27 AM [express] GET /api/me 401 in 0ms :: {"error":"Não autenticado"}
4:39:27 AM [express] GET /api/me 401 in 0ms :: {"error":"Não autenticado"}
4:39:57 AM [express] GET /api/me 401 in 1ms :: {"error":"Não autenticado"}
4:39:57 AM [express] GET /api/me 401 in 1ms :: {"error":"Não autenticado"}
4:40:27 AM [express] GET /api/me 401 in 0ms :: {"error":"Não autenticado"}
4:40:27 AM [express] GET /api/me 401 in 0ms :: {"error":"Não autenticado"}
4:40:58 AM [express] GET /api/me 401 in 0ms :: {"error":"Não autenticado"}
4:40:58 AM [express] GET /api/me 401 in 0ms :: {"error":"Não autenticado"}
4:41:28 AM [express] GET /api/me 401 in 1ms :: {"error":"Não autenticado"}
4:41:28 AM [express] GET /api/me 401 in 1ms :: {"error":"Não autenticado"}
4:41:58 AM [express] GET /api/me 401 in 0ms :: {"error":"Não autenticado"}
4:41:58 AM [express] GET /api/me 401 in 0ms :: {"error":"Não autenticado"}
4:42:28 AM [express] GET /api/me 401 in 0ms :: {"error":"Não autenticado"}
4:42:28 AM [express] GET /api/me 401 in 0ms :: {"error":"Não autenticado"}
4:42:58 AM [express] GET /api/me 401 in 0ms :: {"error":"Não autenticado"}
4:42:58 AM [express] GET /api/me 401 in 0ms :: {"error":"Não autenticado"}
4:43:28 AM [express] GET /api/me 401 in 0ms :: {"error":"Não autenticado"}
4:43:28 AM [express] GET /api/me 401 in 0ms :: {"error":"Não autenticado"}
4:43:59 AM [express] GET /api/me 401 in 0ms :: {"error":"Não autenticado"}
4:43:59 AM [express] GET /api/me 401 in 0ms :: {"error":"Não autenticado"}
4:44:29 AM [express] GET /api/me 401 in 0ms :: {"error":"Não autenticado"}
4:44:29 AM [express] GET /api/me 401 in 0ms :: {"error":"Não autenticado"}
4:44:59 AM [express] GET /api/me 401 in 1ms :: {"error":"Não autenticado"}
4:44:59 AM [express] GET /api/me 401 in 0ms :: {"error":"Não autenticado"}
4:45:29 AM [express] GET /api/me 401 in 1ms :: {"error":"Não autenticado"}
4:45:29 AM [express] GET /api/me 401 in 0ms :: {"error":"Não autenticado"}
4:45:59 AM [express] GET /api/me 401 in 1ms :: {"error":"Não autenticado"}
4:45:59 AM [express] GET /api/me 401 in 0ms :: {"error":"Não autenticado"}
4:46:29 AM [express] GET /api/me 401 in 1ms :: {"error":"Não autenticado"}
4:46:29 AM [express] GET /api/me 401 in 0ms :: {"error":"Não autenticado"}
4:47:00 AM [express] GET /api/me 401 in 0ms :: {"error":"Não autenticado"}
4:47:00 AM [express] GET /api/me 401 in 0ms :: {"error":"Não autenticado"}
4:47:30 AM [express] GET /api/me 401 in 0ms :: {"error":"Não autenticado"}
4:47:30 AM [express] GET /api/me 401 in 0ms :: {"error":"Não autenticado"}
4:48:00 AM [express] GET /api/me 401 in 0ms :: {"error":"Não autenticado"}
4:48:00 AM [express] GET /api/me 401 in 0ms :: {"error":"Não autenticado"}
4:48:30 AM [express] GET /api/me 401 in 1ms :: {"error":"Não autenticado"}
4:48:30 AM [express] GET /api/me 401 in 1ms :: {"error":"Não autenticado"}
4:49:00 AM [express] GET /api/me 401 in 0ms :: {"error":"Não autenticado"}
4:49:00 AM [express] GET /api/me 401 in 0ms :: {"error":"Não autenticado"}
4:49:30 AM [express] GET /api/me 401 in 0ms :: {"error":"Não autenticado"}
4:49:30 AM [express] GET /api/me 401 in 0ms :: {"error":"Não autenticado"}
4:50:00 AM [express] GET /api/me 401 in 0ms :: {"error":"Não autenticado"}
4:50:00 AM [express] GET /api/me 401 in 0ms :: {"error":"Não autenticado"}
4:50:31 AM [express] GET /api/me 401 in 1ms :: {"error":"Não autenticado"}
4:50:31 AM [express] GET /api/me 401 in 1ms :: {"error":"Não autenticado"}
4:51:01 AM [express] GET /api/me 401 in 1ms :: {"error":"Não autenticado"}
4:51:01 AM [express] GET /api/me 401 in 0ms :: {"error":"Não autenticado"}
4:51:31 AM [express] GET /api/me 401 in 1ms :: {"error":"Não autenticado"}
4:51:31 AM [express] GET /api/me 401 in 1ms :: {"error":"Não autenticado"}
4:52:01 AM [express] GET /api/me 401 in 1ms :: {"error":"Não autenticado"}
4:52:01 AM [express] GET /api/me 401 in 0ms :: {"error":"Não autenticado"}
4:52:31 AM [express] GET /api/me 401 in 1ms :: {"error":"Não autenticado"}
4:52:31 AM [express] GET /api/me 401 in 0ms :: {"error":"Não autenticado"}
4:53:01 AM [express] GET /api/me 401 in 0ms :: {"error":"Não autenticado"}
4:53:01 AM [express] GET /api/me 401 in 1ms :: {"error":"Não autenticado"}
4:53:31 AM [express] GET /api/me 401 in 0ms :: {"error":"Não autenticado"}
4:53:31 AM [express] GET /api/me 401 in 1ms :: {"error":"Não autenticado"}
4:54:02 AM [express] GET /api/me 401 in 0ms :: {"error":"Não autenticado"}
4:54:02 AM [express] GET /api/me 401 in 0ms :: {"error":"Não autenticado"}
4:54:32 AM [express] GET /api/me 401 in 1ms :: {"error":"Não autenticado"}
4:54:32 AM [express] GET /api/me 401 in 1ms :: {"error":"Não autenticado"}
4:55:02 AM [express] GET /api/me 401 in 0ms :: {"error":"Não autenticado"}
4:55:02 AM [express] GET /api/me 401 in 0ms :: {"error":"Não autenticado"}
4:55:32 AM [express] GET /api/me 401 in 0ms :: {"error":"Não autenticado"}
4:55:32 AM [express] GET /api/me 401 in 0ms :: {"error":"Não autenticado"}
4:56:02 AM [express] GET /api/me 401 in 1ms :: {"error":"Não autenticado"}
4:56:02 AM [express] GET /api/me 401 in 0ms :: {"error":"Não autenticado"}
4:56:32 AM [express] GET /api/me 401 in 1ms :: {"error":"Não autenticado"}
4:56:32 AM [express] GET /api/me 401 in 1ms :: {"error":"Não autenticado"}
4:57:03 AM [express] GET /api/me 401 in 0ms :: {"error":"Não autenticado"}
4:57:03 AM [express] GET /api/me 401 in 0ms :: {"error":"Não autenticado"}
4:57:33 AM [express] GET /api/me 401 in 0ms :: {"error":"Não autenticado"}
4:57:33 AM [express] GET /api/me 401 in 0ms :: {"error":"Não autenticado"}
4:58:03 AM [express] GET /api/me 401 in 1ms :: {"error":"Não autenticado"}
4:58:03 AM [express] GET /api/me 401 in 0ms :: {"error":"Não autenticado"}
4:58:33 AM [express] GET /api/me 401 in 0ms :: {"error":"Não autenticado"}
4:58:33 AM [express] GET /api/me 401 in 0ms :: {"error":"Não autenticado"}
4:59:03 AM [express] GET /api/me 401 in 0ms :: {"error":"Não autenticado"}
4:59:03 AM [express] GET /api/me 401 in 0ms :: {"error":"Não autenticado"}
4:59:33 AM [express] GET /api/me 401 in 0ms :: {"error":"Não autenticado"}
4:59:33 AM [express] GET /api/me 401 in 0ms :: {"error":"Não autenticado"}
5:00:04 AM [express] GET /api/me 401 in 0ms :: {"error":"Não autenticado"}
5:00:04 AM [express] GET /api/me 401 in 0ms :: {"error":"Não autenticado"}
5:00:34 AM [express] GET /api/me 401 in 0ms :: {"error":"Não autenticado"}
5:00:34 AM [express] GET /api/me 401 in 0ms :: {"error":"Não autenticado"}
5:01:04 AM [express] GET /api/me 401 in 0ms :: {"error":"Não autenticado"}
5:01:04 AM [express] GET /api/me 401 in 0ms :: {"error":"Não autenticado"}
5:01:34 AM [express] GET /api/me 401 in 0ms :: {"error":"Não autenticado"}
5:01:34 AM [express] GET /api/me 401 in 0ms :: {"error":"Não autenticado"}
5:02:04 AM [express] GET /api/me 401 in 0ms :: {"error":"Não autenticado"}
5:02:04 AM [express] GET /api/me 401 in 1ms :: {"error":"Não autenticado"}
5:02:34 AM [express] GET /api/me 401 in 0ms :: {"error":"Não autenticado"}
5:02:34 AM [express] GET /api/me 401 in 0ms :: {"error":"Não autenticado"}
5:03:04 AM [express] GET /api/me 401 in 0ms :: {"error":"Não autenticado"}
5:03:04 AM [express] GET /api/me 401 in 1ms :: {"error":"Não autenticado"}
5:03:34 AM [express] GET /api/me 401 in 0ms :: {"error":"Não autenticado"}
5:03:34 AM [express] GET /api/me 401 in 0ms :: {"error":"Não autenticado"}
5:04:05 AM [express] GET /api/me 401 in 0ms :: {"error":"Não autenticado"}
5:04:05 AM [express] GET /api/me 401 in 0ms :: {"error":"Não autenticado"}
5:04:35 AM [express] GET /api/me 401 in 0ms :: {"error":"Não autenticado"}
5:04:35 AM [express] GET /api/me 401 in 0ms :: {"error":"Não autenticado"}
5:05:05 AM [express] GET /api/me 401 in 0ms :: {"error":"Não autenticado"}
5:05:05 AM [express] GET /api/me 401 in 0ms :: {"error":"Não autenticado"}
5:05:35 AM [express] GET /api/me 401 in 0ms :: {"error":"Não autenticado"}
5:05:35 AM [express] GET /api/me 401 in 0ms :: {"error":"Não autenticado"}
5:06:05 AM [express] GET /api/me 401 in 0ms :: {"error":"Não autenticado"}
5:06:05 AM [express] GET /api/me 401 in 0ms :: {"error":"Não autenticado"}
5:06:35 AM [express] GET /api/me 401 in 0ms :: {"error":"Não autenticado"}
5:06:35 AM [express] GET /api/me 401 in 0ms :: {"error":"Não autenticado"}
5:07:06 AM [express] GET /api/me 401 in 1ms :: {"error":"Não autenticado"}
5:07:06 AM [express] GET /api/me 401 in 0ms :: {"error":"Não autenticado"}
5:07:36 AM [express] GET /api/me 401 in 0ms :: {"error":"Não autenticado"}
5:07:36 AM [express] GET /api/me 401 in 0ms :: {"error":"Não autenticado"}
5:08:06 AM [express] GET /api/me 401 in 0ms :: {"error":"Não autenticado"}
5:08:06 AM [express] GET /api/me 401 in 0ms :: {"error":"Não autenticado"}
5:08:36 AM [express] GET /api/me 401 in 0ms :: {"error":"Não autenticado"}
5:08:36 AM [express] GET /api/me 401 in 0ms :: {"error":"Não autenticado"}
5:09:06 AM [express] GET /api/me 401 in 0ms :: {"error":"Não autenticado"}
5:09:06 AM [express] GET /api/me 401 in 0ms :: {"error":"Não autenticado"}
5:09:36 AM [express] GET /api/me 401 in 0ms :: {"error":"Não autenticado"}
5:09:36 AM [express] GET /api/me 401 in 0ms :: {"error":"Não autenticado"}
5:10:07 AM [express] GET /api/me 401 in 0ms :: {"error":"Não autenticado"}
5:10:07 AM [express] GET /api/me 401 in 0ms :: {"error":"Não autenticado"}
5:10:37 AM [express] GET /api/me 401 in 1ms :: {"error":"Não autenticado"}
5:10:37 AM [express] GET /api/me 401 in 0ms :: {"error":"Não autenticado"}
5:11:07 AM [express] GET /api/me 401 in 0ms :: {"error":"Não autenticado"}
5:11:07 AM [express] GET /api/me 401 in 0ms :: {"error":"Não autenticado"}
5:11:37 AM [express] GET /api/me 401 in 1ms :: {"error":"Não autenticado"}
5:11:37 AM [express] GET /api/me 401 in 0ms :: {"error":"Não autenticado"}
5:12:07 AM [express] GET /api/me 401 in 0ms :: {"error":"Não autenticado"}
5:12:07 AM [express] GET /api/me 401 in 0ms :: {"error":"Não autenticado"}
5:12:37 AM [express] GET /api/me 401 in 1ms :: {"error":"Não autenticado"}
5:12:37 AM [express] GET /api/me 401 in 1ms :: {"error":"Não autenticado"}
5:13:08 AM [express] GET /api/me 401 in 0ms :: {"error":"Não autenticado"}
5:13:08 AM [express] GET /api/me 401 in 0ms :: {"error":"Não autenticado"}
5:13:38 AM [express] GET /api/me 401 in 0ms :: {"error":"Não autenticado"}
5:13:38 AM [express] GET /api/me 401 in 0ms :: {"error":"Não autenticado"}
5:14:08 AM [express] GET /api/me 401 in 1ms :: {"error":"Não autenticado"}
5:14:08 AM [express] GET /api/me 401 in 0ms :: {"error":"Não autenticado"}
5:14:38 AM [express] GET /api/me 401 in 0ms :: {"error":"Não autenticado"}
5:14:38 AM [express] GET /api/me 401 in 0ms :: {"error":"Não autenticado"}
5:15:08 AM [express] GET /api/me 401 in 0ms :: {"error":"Não autenticado"}
5:15:08 AM [express] GET /api/me 401 in 0ms :: {"error":"Não autenticado"}
5:15:38 AM [express] GET /api/me 401 in 1ms :: {"error":"Não autenticado"}
5:15:38 AM [express] GET /api/me 401 in 0ms :: {"error":"Não autenticado"}
5:16:08 AM [express] GET /api/me 401 in 0ms :: {"error":"Não autenticado"}
5:16:08 AM [express] GET /api/me 401 in 0ms :: {"error":"Não autenticado"}
5:16:38 AM [express] GET /api/me 401 in 1ms :: {"error":"Não autenticado"}
5:16:38 AM [express] GET /api/me 401 in 1ms :: {"error":"Não autenticado"}
5:17:09 AM [express] GET /api/me 401 in 0ms :: {"error":"Não autenticado"}
5:17:09 AM [express] GET /api/me 401 in 0ms :: {"error":"Não autenticado"}
5:17:39 AM [express] GET /api/me 401 in 1ms :: {"error":"Não autenticado"}
5:17:39 AM [express] GET /api/me 401 in 0ms :: {"error":"Não autenticado"}
5:18:09 AM [express] GET /api/me 401 in 0ms :: {"error":"Não autenticado"}
5:18:09 AM [express] GET /api/me 401 in 0ms :: {"error":"Não autenticado"}
5:18:39 AM [express] GET /api/me 401 in 1ms :: {"error":"Não autenticado"}
5:18:39 AM [express] GET /api/me 401 in 0ms :: {"error":"Não autenticado"}
5:19:09 AM [express] GET /api/me 401 in 1ms :: {"error":"Não autenticado"}
5:19:09 AM [express] GET /api/me 401 in 1ms :: {"error":"Não autenticado"}
5:19:39 AM [express] GET /api/me 401 in 0ms :: {"error":"Não autenticado"}
5:19:39 AM [express] GET /api/me 401 in 0ms :: {"error":"Não autenticado"}
5:20:10 AM [express] GET /api/me 401 in 1ms :: {"error":"Não autenticado"}
5:20:10 AM [express] GET /api/me 401 in 0ms :: {"error":"Não autenticado"}
5:20:40 AM [express] GET /api/me 401 in 0ms :: {"error":"Não autenticado"}
5:20:40 AM [express] GET /api/me 401 in 0ms :: {"error":"Não autenticado"}
5:21:10 AM [express] GET /api/me 401 in 0ms :: {"error":"Não autenticado"}
5:21:10 AM [express] GET /api/me 401 in 0ms :: {"error":"Não autenticado"}
5:21:40 AM [express] GET /api/me 401 in 0ms :: {"error":"Não autenticado"}
5:21:40 AM [express] GET /api/me 401 in 0ms :: {"error":"Não autenticado"}
5:22:10 AM [express] GET /api/me 401 in 1ms :: {"error":"Não autenticado"}
5:22:10 AM [express] GET /api/me 401 in 0ms :: {"error":"Não autenticado"}
5:22:40 AM [express] GET /api/me 401 in 1ms :: {"error":"Não autenticado"}
5:22:40 AM [express] GET /api/me 401 in 1ms :: {"error":"Não autenticado"}
5:23:11 AM [express] GET /api/me 401 in 0ms :: {"error":"Não autenticado"}
5:23:11 AM [express] GET /api/me 401 in 0ms :: {"error":"Não autenticado"}
5:23:41 AM [express] GET /api/me 401 in 1ms :: {"error":"Não autenticado"}
5:23:41 AM [express] GET /api/me 401 in 1ms :: {"error":"Não autenticado"}
5:24:11 AM [express] GET /api/me 401 in 1ms :: {"error":"Não autenticado"}
5:24:11 AM [express] GET /api/me 401 in 1ms :: {"error":"Não autenticado"}
5:24:41 AM [express] GET /api/me 401 in 0ms :: {"error":"Não autenticado"}
5:24:41 AM [express] GET /api/me 401 in 0ms :: {"error":"Não autenticado"}
5:25:11 AM [express] GET /api/me 401 in 0ms :: {"error":"Não autenticado"}
5:25:11 AM [express] GET /api/me 401 in 1ms :: {"error":"Não autenticado"}
5:25:41 AM [express] GET /api/me 401 in 0ms :: {"error":"Não autenticado"}
5:25:41 AM [express] GET /api/me 401 in 0ms :: {"error":"Não autenticado"}
5:26:12 AM [express] GET /api/me 401 in 0ms :: {"error":"Não autenticado"}
5:26:12 AM [express] GET /api/me 401 in 0ms :: {"error":"Não autenticado"}
5:26:42 AM [express] GET /api/me 401 in 0ms :: {"error":"Não autenticado"}
5:26:42 AM [express] GET /api/me 401 in 0ms :: {"error":"Não autenticado"}
5:27:12 AM [express] GET /api/me 401 in 0ms :: {"error":"Não autenticado"}
5:27:12 AM [express] GET /api/me 401 in 0ms :: {"error":"Não autenticado"}
5:27:42 AM [express] GET /api/me 401 in 0ms :: {"error":"Não autenticado"}
5:27:42 AM [express] GET /api/me 401 in 0ms :: {"error":"Não autenticado"}
5:28:12 AM [express] GET /api/me 401 in 0ms :: {"error":"Não autenticado"}
5:28:12 AM [express] GET /api/me 401 in 0ms :: {"error":"Não autenticado"}
5:28:42 AM [express] GET /api/me 401 in 0ms :: {"error":"Não autenticado"}
5:28:42 AM [express] GET /api/me 401 in 1ms :: {"error":"Não autenticado"}
5:29:12 AM [express] GET /api/me 401 in 0ms :: {"error":"Não autenticado"}
5:29:12 AM [express] GET /api/me 401 in 1ms :: {"error":"Não autenticado"}
5:29:42 AM [express] GET /api/me 401 in 0ms :: {"error":"Não autenticado"}
5:29:42 AM [express] GET /api/me 401 in 1ms :: {"error":"Não autenticado"}
5:30:13 AM [express] GET /api/me 401 in 0ms :: {"error":"Não autenticado"}
5:30:13 AM [express] GET /api/me 401 in 0ms :: {"error":"Não autenticado"}
5:30:43 AM [express] GET /api/me 401 in 0ms :: {"error":"Não autenticado"}
5:30:43 AM [express] GET /api/me 401 in 0ms :: {"error":"Não autenticado"}
5:31:13 AM [express] GET /api/me 401 in 1ms :: {"error":"Não autenticado"}
5:31:13 AM [express] GET /api/me 401 in 0ms :: {"error":"Não autenticado"}
5:31:43 AM [express] GET /api/me 401 in 0ms :: {"error":"Não autenticado"}
5:31:43 AM [express] GET /api/me 401 in 0ms :: {"error":"Não autenticado"}
5:32:13 AM [express] GET /api/me 401 in 0ms :: {"error":"Não autenticado"}
5:32:13 AM [express] GET /api/me 401 in 0ms :: {"error":"Não autenticado"}
5:32:43 AM [express] GET /api/me 401 in 0ms :: {"error":"Não autenticado"}
5:32:43 AM [express] GET /api/me 401 in 0ms :: {"error":"Não autenticado"}
5:33:14 AM [express] GET /api/me 401 in 0ms :: {"error":"Não autenticado"}
5:33:14 AM [express] GET /api/me 401 in 0ms :: {"error":"Não autenticado"}
5:33:44 AM [express] GET /api/me 401 in 0ms :: {"error":"Não autenticado"}
5:33:44 AM [express] GET /api/me 401 in 0ms :: {"error":"Não autenticado"}
5:34:14 AM [express] GET /api/me 401 in 0ms :: {"error":"Não autenticado"}
5:34:14 AM [express] GET /api/me 401 in 1ms :: {"error":"Não autenticado"}
5:34:44 AM [express] GET /api/me 401 in 1ms :: {"error":"Não autenticado"}
5:34:44 AM [express] GET /api/me 401 in 1ms :: {"error":"Não autenticado"}
5:35:14 AM [express] GET /api/me 401 in 1ms :: {"error":"Não autenticado"}
5:35:14 AM [express] GET /api/me 401 in 1ms :: {"error":"Não autenticado"}
5:35:44 AM [express] GET /api/me 401 in 0ms :: {"error":"Não autenticado"}
5:35:44 AM [express] GET /api/me 401 in 0ms :: {"error":"Não autenticado"}
5:36:15 AM [express] GET /api/me 401 in 0ms :: {"error":"Não autenticado"}
5:36:15 AM [express] GET /api/me 401 in 0ms :: {"error":"Não autenticado"}
5:36:45 AM [express] GET /api/me 401 in 0ms :: {"error":"Não autenticado"}
5:36:45 AM [express] GET /api/me 401 in 0ms :: {"error":"Não autenticado"}
5:37:15 AM [express] GET /api/me 401 in 0ms :: {"error":"Não autenticado"}
5:37:15 AM [express] GET /api/me 401 in 0ms :: {"error":"Não autenticado"}
5:37:45 AM [express] GET /api/me 401 in 0ms :: {"error":"Não autenticado"}
5:37:45 AM [express] GET /api/me 401 in 0ms :: {"error":"Não autenticado"}
5:38:15 AM [express] GET /api/me 401 in 1ms :: {"error":"Não autenticado"}
5:38:15 AM [express] GET /api/me 401 in 0ms :: {"error":"Não autenticado"}
5:38:45 AM [express] GET /api/me 401 in 1ms :: {"error":"Não autenticado"}
5:38:45 AM [express] GET /api/me 401 in 0ms :: {"error":"Não autenticado"}
5:39:16 AM [express] GET /api/me 401 in 0ms :: {"error":"Não autenticado"}
5:39:16 AM [express] GET /api/me 401 in 0ms :: {"error":"Não autenticado"}
5:39:46 AM [express] GET /api/me 401 in 0ms :: {"error":"Não autenticado"}
5:39:46 AM [express] GET /api/me 401 in 0ms :: {"error":"Não autenticado"}
5:40:16 AM [express] GET /api/me 401 in 0ms :: {"error":"Não autenticado"}
5:40:16 AM [express] GET /api/me 401 in 0ms :: {"error":"Não autenticado"}
5:40:46 AM [express] GET /api/me 401 in 0ms :: {"error":"Não autenticado"}
5:40:46 AM [express] GET /api/me 401 in 0ms :: {"error":"Não autenticado"}
5:41:16 AM [express] GET /api/me 401 in 0ms :: {"error":"Não autenticado"}
5:41:16 AM [express] GET /api/me 401 in 1ms :: {"error":"Não autenticado"}
5:41:46 AM [express] GET /api/me 401 in 0ms :: {"error":"Não autenticado"}
5:41:46 AM [express] GET /api/me 401 in 1ms :: {"error":"Não autenticado"}
5:42:16 AM [express] GET /api/me 401 in 1ms :: {"error":"Não autenticado"}
5:42:16 AM [express] GET /api/me 401 in 0ms :: {"error":"Não autenticado"}
5:42:46 AM [express] GET /api/me 401 in 0ms :: {"error":"Não autenticado"}
5:42:46 AM [express] GET /api/me 401 in 0ms :: {"error":"Não autenticado"}
5:43:17 AM [express] GET /api/me 401 in 0ms :: {"error":"Não autenticado"}
5:43:17 AM [express] GET /api/me 401 in 0ms :: {"error":"Não autenticado"}
5:43:47 AM [express] GET /api/me 401 in 1ms :: {"error":"Não autenticado"}
5:43:47 AM [express] GET /api/me 401 in 0ms :: {"error":"Não autenticado"}
5:44:17 AM [express] GET /api/me 401 in 0ms :: {"error":"Não autenticado"}
5:44:17 AM [express] GET /api/me 401 in 0ms :: {"error":"Não autenticado"}
5:44:47 AM [express] GET /api/me 401 in 0ms :: {"error":"Não autenticado"}
5:44:47 AM [express] GET /api/me 401 in 0ms :: {"error":"Não autenticado"}
5:45:17 AM [express] GET /api/me 401 in 0ms :: {"error":"Não autenticado"}
5:45:17 AM [express] GET /api/me 401 in 0ms :: {"error":"Não autenticado"}
5:45:47 AM [express] GET /api/me 401 in 0ms :: {"error":"Não autenticado"}
5:45:47 AM [express] GET /api/me 401 in 0ms :: {"error":"Não autenticado"}
5:46:18 AM [express] GET /api/me 401 in 0ms :: {"error":"Não autenticado"}
5:46:18 AM [express] GET /api/me 401 in 0ms :: {"error":"Não autenticado"}
5:46:48 AM [express] GET /api/me 401 in 0ms :: {"error":"Não autenticado"}
5:46:48 AM [express] GET /api/me 401 in 0ms :: {"error":"Não autenticado"}
5:47:18 AM [express] GET /api/me 401 in 0ms :: {"error":"Não autenticado"}
5:47:18 AM [express] GET /api/me 401 in 1ms :: {"error":"Não autenticado"}
5:47:48 AM [express] GET /api/me 401 in 0ms :: {"error":"Não autenticado"}
5:47:48 AM [express] GET /api/me 401 in 0ms :: {"error":"Não autenticado"}
5:48:18 AM [express] GET /api/me 401 in 0ms :: {"error":"Não autenticado"}
5:48:18 AM [express] GET /api/me 401 in 1ms :: {"error":"Não autenticado"}
5:48:48 AM [express] GET /api/me 401 in 1ms :: {"error":"Não autenticado"}
5:48:48 AM [express] GET /api/me 401 in 0ms :: {"error":"Não autenticado"}
5:49:19 AM [express] GET /api/me 401 in 0ms :: {"error":"Não autenticado"}
5:49:19 AM [express] GET /api/me 401 in 1ms :: {"error":"Não autenticado"}
5:49:49 AM [express] GET /api/me 401 in 0ms :: {"error":"Não autenticado"}
5:49:49 AM [express] GET /api/me 401 in 1ms :: {"error":"Não autenticado"}
5:50:19 AM [express] GET /api/me 401 in 1ms :: {"error":"Não autenticado"}
5:50:19 AM [express] GET /api/me 401 in 1ms :: {"error":"Não autenticado"}
5:50:49 AM [express] GET /api/me 401 in 0ms :: {"error":"Não autenticado"}
5:50:49 AM [express] GET /api/me 401 in 0ms :: {"error":"Não autenticado"}
5:51:19 AM [express] GET /api/me 401 in 0ms :: {"error":"Não autenticado"}
5:51:19 AM [express] GET /api/me 401 in 0ms :: {"error":"Não autenticado"}
5:51:49 AM [express] GET /api/me 401 in 0ms :: {"error":"Não autenticado"}
5:51:49 AM [express] GET /api/me 401 in 0ms :: {"error":"Não autenticado"}
5:52:20 AM [express] GET /api/me 401 in 0ms :: {"error":"Não autenticado"}
5:52:20 AM [express] GET /api/me 401 in 0ms :: {"error":"Não autenticado"}
5:52:50 AM [express] GET /api/me 401 in 0ms :: {"error":"Não autenticado"}
5:52:50 AM [express] GET /api/me 401 in 0ms :: {"error":"Não autenticado"}
5:53:20 AM [express] GET /api/me 401 in 0ms :: {"error":"Não autenticado"}
5:53:20 AM [express] GET /api/me 401 in 0ms :: {"error":"Não autenticado"}
5:53:50 AM [express] GET /api/me 401 in 0ms :: {"error":"Não autenticado"}
5:53:50 AM [express] GET /api/me 401 in 0ms :: {"error":"Não autenticado"}
5:54:20 AM [express] GET /api/me 401 in 0ms :: {"error":"Não autenticado"}
5:54:20 AM [express] GET /api/me 401 in 0ms :: {"error":"Não autenticado"}
5:54:50 AM [express] GET /api/me 401 in 0ms :: {"error":"Não autenticado"}
5:54:50 AM [express] GET /api/me 401 in 0ms :: {"error":"Não autenticado"}
5:55:20 AM [express] GET /api/me 401 in 0ms :: {"error":"Não autenticado"}
5:55:20 AM [express] GET /api/me 401 in 0ms :: {"error":"Não autenticado"}
5:55:50 AM [express] GET /api/me 401 in 0ms :: {"error":"Não autenticado"}
5:55:50 AM [express] GET /api/me 401 in 0ms :: {"error":"Não autenticado"}
5:56:21 AM [express] GET /api/me 401 in 0ms :: {"error":"Não autenticado"}
5:56:21 AM [express] GET /api/me 401 in 0ms :: {"error":"Não autenticado"}
5:56:51 AM [express] GET /api/me 401 in 0ms :: {"error":"Não autenticado"}
5:56:51 AM [express] GET /api/me 401 in 0ms :: {"error":"Não autenticado"}
5:57:21 AM [express] GET /api/me 401 in 1ms :: {"error":"Não autenticado"}
5:57:21 AM [express] GET /api/me 401 in 0ms :: {"error":"Não autenticado"}
5:57:51 AM [express] GET /api/me 401 in 0ms :: {"error":"Não autenticado"}
5:57:51 AM [express] GET /api/me 401 in 0ms :: {"error":"Não autenticado"}
5:58:21 AM [express] GET /api/me 401 in 1ms :: {"error":"Não autenticado"}
5:58:21 AM [express] GET /api/me 401 in 0ms :: {"error":"Não autenticado"}
5:58:51 AM [express] GET /api/me 401 in 1ms :: {"error":"Não autenticado"}
5:58:51 AM [express] GET /api/me 401 in 1ms :: {"error":"Não autenticado"}
5:59:22 AM [express] GET /api/me 401 in 1ms :: {"error":"Não autenticado"}
5:59:22 AM [express] GET /api/me 401 in 0ms :: {"error":"Não autenticado"}
5:59:52 AM [express] GET /api/me 401 in 1ms :: {"error":"Não autenticado"}
5:59:52 AM [express] GET /api/me 401 in 0ms :: {"error":"Não autenticado"}
6:00:22 AM [express] GET /api/me 401 in 0ms :: {"error":"Não autenticado"}
6:00:22 AM [express] GET /api/me 401 in 0ms :: {"error":"Não autenticado"}
6:00:52 AM [express] GET /api/me 401 in 1ms :: {"error":"Não autenticado"}
6:00:52 AM [express] GET /api/me 401 in 0ms :: {"error":"Não autenticado"}
6:01:22 AM [express] GET /api/me 401 in 0ms :: {"error":"Não autenticado"}
6:01:22 AM [express] GET /api/me 401 in 1ms :: {"error":"Não autenticado"}
6:01:52 AM [express] GET /api/me 401 in 1ms :: {"error":"Não autenticado"}
6:01:52 AM [express] GET /api/me 401 in 0ms :: {"error":"Não autenticado"}
6:02:23 AM [express] GET /api/me 401 in 0ms :: {"error":"Não autenticado"}
6:02:23 AM [express] GET /api/me 401 in 0ms :: {"error":"Não autenticado"}
6:02:53 AM [express] GET /api/me 401 in 1ms :: {"error":"Não autenticado"}
6:02:53 AM [express] GET /api/me 401 in 1ms :: {"error":"Não autenticado"}
6:03:23 AM [express] GET /api/me 401 in 0ms :: {"error":"Não autenticado"}
6:03:23 AM [express] GET /api/me 401 in 0ms :: {"error":"Não autenticado"}
6:03:53 AM [express] GET /api/me 401 in 1ms :: {"error":"Não autenticado"}
6:03:53 AM [express] GET /api/me 401 in 1ms :: {"error":"Não autenticado"}
6:04:23 AM [express] GET /api/me 401 in 0ms :: {"error":"Não autenticado"}
6:04:23 AM [express] GET /api/me 401 in 1ms :: {"error":"Não autenticado"}
6:04:53 AM [express] GET /api/me 401 in 0ms :: {"error":"Não autenticado"}
6:04:53 AM [express] GET /api/me 401 in 0ms :: {"error":"Não autenticado"}
6:05:24 AM [express] GET /api/me 401 in 1ms :: {"error":"Não autenticado"}
6:05:24 AM [express] GET /api/me 401 in 0ms :: {"error":"Não autenticado"}
6:05:54 AM [express] GET /api/me 401 in 0ms :: {"error":"Não autenticado"}
6:05:54 AM [express] GET /api/me 401 in 0ms :: {"error":"Não autenticado"}
6:06:24 AM [express] GET /api/me 401 in 1ms :: {"error":"Não autenticado"}
6:06:24 AM [express] GET /api/me 401 in 0ms :: {"error":"Não autenticado"}
6:06:54 AM [express] GET /api/me 401 in 0ms :: {"error":"Não autenticado"}
6:06:54 AM [express] GET /api/me 401 in 0ms :: {"error":"Não autenticado"}
6:07:24 AM [express] GET /api/me 401 in 0ms :: {"error":"Não autenticado"}
6:07:24 AM [express] GET /api/me 401 in 0ms :: {"error":"Não autenticado"}
6:07:54 AM [express] GET /api/me 401 in 0ms :: {"error":"Não autenticado"}
6:07:54 AM [express] GET /api/me 401 in 1ms :: {"error":"Não autenticado"}
6:08:24 AM [express] GET /api/me 401 in 0ms :: {"error":"Não autenticado"}
6:08:24 AM [express] GET /api/me 401 in 0ms :: {"error":"Não autenticado"}
6:08:54 AM [express] GET /api/me 401 in 1ms :: {"error":"Não autenticado"}
6:08:54 AM [express] GET /api/me 401 in 0ms :: {"error":"Não autenticado"}
6:09:25 AM [express] GET /api/me 401 in 0ms :: {"error":"Não autenticado"}
6:09:25 AM [express] GET /api/me 401 in 0ms :: {"error":"Não autenticado"}
6:09:55 AM [express] GET /api/me 401 in 1ms :: {"error":"Não autenticado"}
6:09:55 AM [express] GET /api/me 401 in 0ms :: {"error":"Não autenticado"}
6:10:25 AM [express] GET /api/me 401 in 0ms :: {"error":"Não autenticado"}
6:10:25 AM [express] GET /api/me 401 in 0ms :: {"error":"Não autenticado"}
6:10:55 AM [express] GET /api/me 401 in 0ms :: {"error":"Não autenticado"}
6:10:55 AM [express] GET /api/me 401 in 0ms :: {"error":"Não autenticado"}
6:11:25 AM [express] GET /api/me 401 in 1ms :: {"error":"Não autenticado"}
6:11:25 AM [express] GET /api/me 401 in 0ms :: {"error":"Não autenticado"}
6:11:55 AM [express] GET /api/me 401 in 0ms :: {"error":"Não autenticado"}
6:11:55 AM [express] GET /api/me 401 in 0ms :: {"error":"Não autenticado"}
6:12:26 AM [express] GET /api/me 401 in 0ms :: {"error":"Não autenticado"}
6:12:26 AM [express] GET /api/me 401 in 0ms :: {"error":"Não autenticado"}
6:12:56 AM [express] GET /api/me 401 in 1ms :: {"error":"Não autenticado"}
6:12:56 AM [express] GET /api/me 401 in 0ms :: {"error":"Não autenticado"}
6:13:26 AM [express] GET /api/me 401 in 0ms :: {"error":"Não autenticado"}
6:13:26 AM [express] GET /api/me 401 in 0ms :: {"error":"Não autenticado"}
6:13:56 AM [express] GET /api/me 401 in 1ms :: {"error":"Não autenticado"}
6:13:56 AM [express] GET /api/me 401 in 1ms :: {"error":"Não autenticado"}
6:14:26 AM [express] GET /api/me 401 in 0ms :: {"error":"Não autenticado"}
6:14:26 AM [express] GET /api/me 401 in 0ms :: {"error":"Não autenticado"}
6:14:56 AM [express] GET /api/me 401 in 1ms :: {"error":"Não autenticado"}
6:14:56 AM [express] GET /api/me 401 in 1ms :: {"error":"Não autenticado"}
6:15:27 AM [express] GET /api/me 401 in 0ms :: {"error":"Não autenticado"}
6:15:27 AM [express] GET /api/me 401 in 0ms :: {"error":"Não autenticado"}
6:15:57 AM [express] GET /api/me 401 in 0ms :: {"error":"Não autenticado"}
6:15:57 AM [express] GET /api/me 401 in 0ms :: {"error":"Não autenticado"}
6:16:27 AM [express] GET /api/me 401 in 0ms :: {"error":"Não autenticado"}
6:16:27 AM [express] GET /api/me 401 in 0ms :: {"error":"Não autenticado"}
6:16:57 AM [express] GET /api/me 401 in 0ms :: {"error":"Não autenticado"}
6:16:57 AM [express] GET /api/me 401 in 0ms :: {"error":"Não autenticado"}
6:17:27 AM [express] GET /api/me 401 in 1ms :: {"error":"Não autenticado"}
6:17:27 AM [express] GET /api/me 401 in 0ms :: {"error":"Não autenticado"}
6:17:57 AM [express] GET /api/me 401 in 1ms :: {"error":"Não autenticado"}
6:17:57 AM [express] GET /api/me 401 in 1ms :: {"error":"Não autenticado"}
6:18:28 AM [express] GET /api/me 401 in 1ms :: {"error":"Não autenticado"}
6:18:28 AM [express] GET /api/me 401 in 0ms :: {"error":"Não autenticado"}
6:18:58 AM [express] GET /api/me 401 in 0ms :: {"error":"Não autenticado"}
6:18:58 AM [express] GET /api/me 401 in 1ms :: {"error":"Não autenticado"}
6:19:28 AM [express] GET /api/me 401 in 1ms :: {"error":"Não autenticado"}
6:19:28 AM [express] GET /api/me 401 in 0ms :: {"error":"Não autenticado"}
6:19:58 AM [express] GET /api/me 401 in 0ms :: {"error":"Não autenticado"}
6:19:58 AM [express] GET /api/me 401 in 0ms :: {"error":"Não autenticado"}
6:20:28 AM [express] GET /api/me 401 in 0ms :: {"error":"Não autenticado"}
6:20:28 AM [express] GET /api/me 401 in 1ms :: {"error":"Não autenticado"}
6:20:58 AM [express] GET /api/me 401 in 0ms :: {"error":"Não autenticado"}
6:20:58 AM [express] GET /api/me 401 in 0ms :: {"error":"Não autenticado"}
6:21:28 AM [express] GET /api/me 401 in 1ms :: {"error":"Não autenticado"}
6:21:28 AM [express] GET /api/me 401 in 1ms :: {"error":"Não autenticado"}
6:21:58 AM [express] GET /api/me 401 in 0ms :: {"error":"Não autenticado"}
6:21:58 AM [express] GET /api/me 401 in 0ms :: {"error":"Não autenticado"}
6:22:29 AM [express] GET /api/me 401 in 0ms :: {"error":"Não autenticado"}
6:22:29 AM [express] GET /api/me 401 in 0ms :: {"error":"Não autenticado"}
6:22:59 AM [express] GET /api/me 401 in 0ms :: {"error":"Não autenticado"}
6:22:59 AM [express] GET /api/me 401 in 0ms :: {"error":"Não autenticado"}
6:23:29 AM [express] GET /api/me 401 in 0ms :: {"error":"Não autenticado"}
6:23:29 AM [express] GET /api/me 401 in 0ms :: {"error":"Não autenticado"}
6:23:59 AM [express] GET /api/me 401 in 0ms :: {"error":"Não autenticado"}
6:23:59 AM [express] GET /api/me 401 in 0ms :: {"error":"Não autenticado"}
6:24:29 AM [express] GET /api/me 401 in 0ms :: {"error":"Não autenticado"}
6:24:29 AM [express] GET /api/me 401 in 0ms :: {"error":"Não autenticado"}
6:24:59 AM [express] GET /api/me 401 in 1ms :: {"error":"Não autenticado"}
6:24:59 AM [express] GET /api/me 401 in 1ms :: {"error":"Não autenticado"}
6:25:30 AM [express] GET /api/me 401 in 0ms :: {"error":"Não autenticado"}
6:25:30 AM [express] GET /api/me 401 in 0ms :: {"error":"Não autenticado"}
6:26:00 AM [express] GET /api/me 401 in 1ms :: {"error":"Não autenticado"}
6:26:00 AM [express] GET /api/me 401 in 1ms :: {"error":"Não autenticado"}
6:26:30 AM [express] GET /api/me 401 in 0ms :: {"error":"Não autenticado"}
6:26:30 AM [express] GET /api/me 401 in 0ms :: {"error":"Não autenticado"}
6:27:00 AM [express] GET /api/me 401 in 1ms :: {"error":"Não autenticado"}
6:27:00 AM [express] GET /api/me 401 in 1ms :: {"error":"Não autenticado"}
6:27:30 AM [express] GET /api/me 401 in 0ms :: {"error":"Não autenticado"}
6:27:30 AM [express] GET /api/me 401 in 0ms :: {"error":"Não autenticado"}
6:28:00 AM [express] GET /api/me 401 in 1ms :: {"error":"Não autenticado"}
6:28:00 AM [express] GET /api/me 401 in 0ms :: {"error":"Não autenticado"}
6:28:31 AM [express] GET /api/me 401 in 1ms :: {"error":"Não autenticado"}
6:28:31 AM [express] GET /api/me 401 in 0ms :: {"error":"Não autenticado"}
6:29:01 AM [express] GET /api/me 401 in 0ms :: {"error":"Não autenticado"}
6:29:01 AM [express] GET /api/me 401 in 0ms :: {"error":"Não autenticado"}
6:29:31 AM [express] GET /api/me 401 in 0ms :: {"error":"Não autenticado"}
6:29:31 AM [express] GET /api/me 401 in 0ms :: {"error":"Não autenticado"}
6:30:01 AM [express] GET /api/me 401 in 0ms :: {"error":"Não autenticado"}
6:30:01 AM [express] GET /api/me 401 in 0ms :: {"error":"Não autenticado"}
6:30:31 AM [express] GET /api/me 401 in 0ms :: {"error":"Não autenticado"}
6:30:31 AM [express] GET /api/me 401 in 1ms :: {"error":"Não autenticado"}
6:31:01 AM [express] GET /api/me 401 in 0ms :: {"error":"Não autenticado"}
6:31:01 AM [express] GET /api/me 401 in 0ms :: {"error":"Não autenticado"}
6:31:32 AM [express] GET /api/me 401 in 1ms :: {"error":"Não autenticado"}
6:31:32 AM [express] GET /api/me 401 in 0ms :: {"error":"Não autenticado"}
6:32:02 AM [express] GET /api/me 401 in 0ms :: {"error":"Não autenticado"}
6:32:02 AM [express] GET /api/me 401 in 0ms :: {"error":"Não autenticado"}
6:32:32 AM [express] GET /api/me 401 in 0ms :: {"error":"Não autenticado"}
6:32:32 AM [express] GET /api/me 401 in 1ms :: {"error":"Não autenticado"}
6:33:02 AM [express] GET /api/me 401 in 0ms :: {"error":"Não autenticado"}
6:33:02 AM [express] GET /api/me 401 in 0ms :: {"error":"Não autenticado"}
6:33:32 AM [express] GET /api/me 401 in 0ms :: {"error":"Não autenticado"}
6:33:32 AM [express] GET /api/me 401 in 0ms :: {"error":"Não autenticado"}
6:34:02 AM [express] GET /api/me 401 in 1ms :: {"error":"Não autenticado"}
6:34:02 AM [express] GET /api/me 401 in 0ms :: {"error":"Não autenticado"}
6:34:32 AM [express] GET /api/me 401 in 1ms :: {"error":"Não autenticado"}
6:34:32 AM [express] GET /api/me 401 in 0ms :: {"error":"Não autenticado"}
6:35:02 AM [express] GET /api/me 401 in 0ms :: {"error":"Não autenticado"}
6:35:02 AM [express] GET /api/me 401 in 0ms :: {"error":"Não autenticado"}
6:35:33 AM [express] GET /api/me 401 in 1ms :: {"error":"Não autenticado"}
6:35:33 AM [express] GET /api/me 401 in 0ms :: {"error":"Não autenticado"}
6:36:03 AM [express] GET /api/me 401 in 0ms :: {"error":"Não autenticado"}
6:36:03 AM [express] GET /api/me 401 in 0ms :: {"error":"Não autenticado"}
6:36:33 AM [express] GET /api/me 401 in 0ms :: {"error":"Não autenticado"}
6:36:33 AM [express] GET /api/me 401 in 1ms :: {"error":"Não autenticado"}
6:37:03 AM [express] GET /api/me 401 in 0ms :: {"error":"Não autenticado"}
6:37:03 AM [express] GET /api/me 401 in 0ms :: {"error":"Não autenticado"}
6:37:33 AM [express] GET /api/me 401 in 0ms :: {"error":"Não autenticado"}
6:37:33 AM [express] GET /api/me 401 in 0ms :: {"error":"Não autenticado"}
6:38:03 AM [express] GET /api/me 401 in 0ms :: {"error":"Não autenticado"}
6:38:03 AM [express] GET /api/me 401 in 1ms :: {"error":"Não autenticado"}
6:38:34 AM [express] GET /api/me 401 in 0ms :: {"error":"Não autenticado"}
6:38:34 AM [express] GET /api/me 401 in 0ms :: {"error":"Não autenticado"}
6:39:04 AM [express] GET /api/me 401 in 1ms :: {"error":"Não autenticado"}
6:39:04 AM [express] GET /api/me 401 in 0ms :: {"error":"Não autenticado"}
6:39:34 AM [express] GET /api/me 401 in 1ms :: {"error":"Não autenticado"}
6:39:34 AM [express] GET /api/me 401 in 1ms :: {"error":"Não autenticado"}
6:40:04 AM [express] GET /api/me 401 in 0ms :: {"error":"Não autenticado"}
6:40:04 AM [express] GET /api/me 401 in 0ms :: {"error":"Não autenticado"}
6:40:34 AM [express] GET /api/me 401 in 1ms :: {"error":"Não autenticado"}
6:40:34 AM [express] GET /api/me 401 in 0ms :: {"error":"Não autenticado"}
6:41:04 AM [express] GET /api/me 401 in 0ms :: {"error":"Não autenticado"}
6:41:04 AM [express] GET /api/me 401 in 0ms :: {"error":"Não autenticado"}
6:41:35 AM [express] GET /api/me 401 in 1ms :: {"error":"Não autenticado"}
6:41:35 AM [express] GET /api/me 401 in 0ms :: {"error":"Não autenticado"}
6:42:05 AM [express] GET /api/me 401 in 1ms :: {"error":"Não autenticado"}
6:42:05 AM [express] GET /api/me 401 in 0ms :: {"error":"Não autenticado"}
6:42:35 AM [express] GET /api/me 401 in 0ms :: {"error":"Não autenticado"}
6:42:35 AM [express] GET /api/me 401 in 0ms :: {"error":"Não autenticado"}
6:43:05 AM [express] GET /api/me 401 in 0ms :: {"error":"Não autenticado"}
6:43:05 AM [express] GET /api/me 401 in 0ms :: {"error":"Não autenticado"}
6:43:35 AM [express] GET /api/me 401 in 0ms :: {"error":"Não autenticado"}
6:43:35 AM [express] GET /api/me 401 in 0ms :: {"error":"Não autenticado"}
6:44:05 AM [express] GET /api/me 401 in 0ms :: {"error":"Não autenticado"}
6:44:05 AM [express] GET /api/me 401 in 0ms :: {"error":"Não autenticado"}
6:44:36 AM [express] GET /api/me 401 in 0ms :: {"error":"Não autenticado"}
6:44:36 AM [express] GET /api/me 401 in 0ms :: {"error":"Não autenticado"}
6:45:06 AM [express] GET /api/me 401 in 0ms :: {"error":"Não autenticado"}
6:45:06 AM [express] GET /api/me 401 in 0ms :: {"error":"Não autenticado"}
6:45:36 AM [express] GET /api/me 401 in 0ms :: {"error":"Não autenticado"}
6:45:36 AM [express] GET /api/me 401 in 0ms :: {"error":"Não autenticado"}
6:46:06 AM [express] GET /api/me 401 in 1ms :: {"error":"Não autenticado"}
6:46:06 AM [express] GET /api/me 401 in 1ms :: {"error":"Não autenticado"}
6:46:36 AM [express] GET /api/me 401 in 0ms :: {"error":"Não autenticado"}
6:46:36 AM [express] GET /api/me 401 in 0ms :: {"error":"Não autenticado"}
6:47:06 AM [express] GET /api/me 401 in 1ms :: {"error":"Não autenticado"}
6:47:06 AM [express] GET /api/me 401 in 0ms :: {"error":"Não autenticado"}
6:47:36 AM [express] GET /api/me 401 in 0ms :: {"error":"Não autenticado"}
6:47:36 AM [express] GET /api/me 401 in 0ms :: {"error":"Não autenticado"}
6:48:06 AM [express] GET /api/me 401 in 0ms :: {"error":"Não autenticado"}
6:48:06 AM [express] GET /api/me 401 in 0ms :: {"error":"Não autenticado"}
6:48:37 AM [express] GET /api/me 401 in 0ms :: {"error":"Não autenticado"}
6:48:37 AM [express] GET /api/me 401 in 0ms :: {"error":"Não autenticado"}
6:49:07 AM [express] GET /api/me 401 in 0ms :: {"error":"Não autenticado"}
6:49:07 AM [express] GET /api/me 401 in 0ms :: {"error":"Não autenticado"}
6:49:37 AM [express] GET /api/me 401 in 0ms :: {"error":"Não autenticado"}
6:49:37 AM [express] GET /api/me 401 in 0ms :: {"error":"Não autenticado"}
6:50:07 AM [express] GET /api/me 401 in 0ms :: {"error":"Não autenticado"}
6:50:07 AM [express] GET /api/me 401 in 0ms :: {"error":"Não autenticado"}
6:50:37 AM [express] GET /api/me 401 in 1ms :: {"error":"Não autenticado"}
6:50:37 AM [express] GET /api/me 401 in 0ms :: {"error":"Não autenticado"}
6:51:07 AM [express] GET /api/me 401 in 0ms :: {"error":"Não autenticado"}
6:51:07 AM [express] GET /api/me 401 in 1ms :: {"error":"Não autenticado"}
6:51:38 AM [express] GET /api/me 401 in 0ms :: {"error":"Não autenticado"}
6:51:38 AM [express] GET /api/me 401 in 0ms :: {"error":"Não autenticado"}
6:52:08 AM [express] GET /api/me 401 in 0ms :: {"error":"Não autenticado"}
6:52:08 AM [express] GET /api/me 401 in 0ms :: {"error":"Não autenticado"}
6:52:38 AM [express] GET /api/me 401 in 0ms :: {"error":"Não autenticado"}
6:52:38 AM [express] GET /api/me 401 in 0ms :: {"error":"Não autenticado"}
6:53:08 AM [express] GET /api/me 401 in 1ms :: {"error":"Não autenticado"}
6:53:08 AM [express] GET /api/me 401 in 1ms :: {"error":"Não autenticado"}
6:53:38 AM [express] GET /api/me 401 in 0ms :: {"error":"Não autenticado"}
6:53:38 AM [express] GET /api/me 401 in 0ms :: {"error":"Não autenticado"}
6:54:08 AM [express] GET /api/me 401 in 0ms :: {"error":"Não autenticado"}
6:54:08 AM [express] GET /api/me 401 in 0ms :: {"error":"Não autenticado"}
6:54:39 AM [express] GET /api/me 401 in 0ms :: {"error":"Não autenticado"}
6:54:39 AM [express] GET /api/me 401 in 0ms :: {"error":"Não autenticado"}
6:55:09 AM [express] GET /api/me 401 in 1ms :: {"error":"Não autenticado"}
6:55:09 AM [express] GET /api/me 401 in 1ms :: {"error":"Não autenticado"}
6:55:39 AM [express] GET /api/me 401 in 0ms :: {"error":"Não autenticado"}
6:55:39 AM [express] GET /api/me 401 in 0ms :: {"error":"Não autenticado"}
6:56:09 AM [express] GET /api/me 401 in 0ms :: {"error":"Não autenticado"}
6:56:09 AM [express] GET /api/me 401 in 0ms :: {"error":"Não autenticado"}
6:56:39 AM [express] GET /api/me 401 in 1ms :: {"error":"Não autenticado"}
6:56:39 AM [express] GET /api/me 401 in 0ms :: {"error":"Não autenticado"}
6:57:09 AM [express] GET /api/me 401 in 1ms :: {"error":"Não autenticado"}
6:57:09 AM [express] GET /api/me 401 in 0ms :: {"error":"Não autenticado"}
6:57:40 AM [express] GET /api/me 401 in 0ms :: {"error":"Não autenticado"}
6:57:40 AM [express] GET /api/me 401 in 0ms :: {"error":"Não autenticado"}
6:58:10 AM [express] GET /api/me 401 in 0ms :: {"error":"Não autenticado"}
6:58:10 AM [express] GET /api/me 401 in 0ms :: {"error":"Não autenticado"}
6:58:40 AM [express] GET /api/me 401 in 1ms :: {"error":"Não autenticado"}
6:58:40 AM [express] GET /api/me 401 in 0ms :: {"error":"Não autenticado"}
6:59:10 AM [express] GET /api/me 401 in 0ms :: {"error":"Não autenticado"}
6:59:10 AM [express] GET /api/me 401 in 0ms :: {"error":"Não autenticado"}
6:59:40 AM [express] GET /api/me 401 in 0ms :: {"error":"Não autenticado"}
6:59:40 AM [express] GET /api/me 401 in 0ms :: {"error":"Não autenticado"}
7:00:10 AM [express] GET /api/me 401 in 0ms :: {"error":"Não autenticado"}
7:00:10 AM [express] GET /api/me 401 in 0ms :: {"error":"Não autenticado"}
7:00:40 AM [express] GET /api/me 401 in 1ms :: {"error":"Não autenticado"}
7:00:40 AM [express] GET /api/me 401 in 0ms :: {"error":"Não autenticado"}
7:01:10 AM [express] GET /api/me 401 in 0ms :: {"error":"Não autenticado"}
7:01:10 AM [express] GET /api/me 401 in 0ms :: {"error":"Não autenticado"}
7:01:41 AM [express] GET /api/me 401 in 0ms :: {"error":"Não autenticado"}
7:01:41 AM [express] GET /api/me 401 in 0ms :: {"error":"Não autenticado"}
7:02:11 AM [express] GET /api/me 401 in 0ms :: {"error":"Não autenticado"}
7:02:11 AM [express] GET /api/me 401 in 0ms :: {"error":"Não autenticado"}
7:02:41 AM [express] GET /api/me 401 in 0ms :: {"error":"Não autenticado"}
7:02:41 AM [express] GET /api/me 401 in 0ms :: {"error":"Não autenticado"}
7:03:11 AM [express] GET /api/me 401 in 0ms :: {"error":"Não autenticado"}
7:03:11 AM [express] GET /api/me 401 in 0ms :: {"error":"Não autenticado"}
7:03:41 AM [express] GET /api/me 401 in 0ms :: {"error":"Não autenticado"}
7:03:41 AM [express] GET /api/me 401 in 0ms :: {"error":"Não autenticado"}
7:04:11 AM [express] GET /api/me 401 in 0ms :: {"error":"Não autenticado"}
7:04:11 AM [express] GET /api/me 401 in 0ms :: {"error":"Não autenticado"}
7:04:42 AM [express] GET /api/me 401 in 0ms :: {"error":"Não autenticado"}
7:04:42 AM [express] GET /api/me 401 in 0ms :: {"error":"Não autenticado"}
7:05:12 AM [express] GET /api/me 401 in 1ms :: {"error":"Não autenticado"}
7:05:12 AM [express] GET /api/me 401 in 1ms :: {"error":"Não autenticado"}
7:05:42 AM [express] GET /api/me 401 in 1ms :: {"error":"Não autenticado"}
7:05:42 AM [express] GET /api/me 401 in 0ms :: {"error":"Não autenticado"}
7:06:12 AM [express] GET /api/me 401 in 0ms :: {"error":"Não autenticado"}
7:06:12 AM [express] GET /api/me 401 in 0ms :: {"error":"Não autenticado"}
7:06:42 AM [express] GET /api/me 401 in 0ms :: {"error":"Não autenticado"}
7:06:42 AM [express] GET /api/me 401 in 0ms :: {"error":"Não autenticado"}
7:07:12 AM [express] GET /api/me 401 in 0ms :: {"error":"Não autenticado"}
7:07:12 AM [express] GET /api/me 401 in 0ms :: {"error":"Não autenticado"}
7:07:43 AM [express] GET /api/me 401 in 0ms :: {"error":"Não autenticado"}
7:07:43 AM [express] GET /api/me 401 in 0ms :: {"error":"Não autenticado"}
7:08:13 AM [express] GET /api/me 401 in 1ms :: {"error":"Não autenticado"}
7:08:13 AM [express] GET /api/me 401 in 0ms :: {"error":"Não autenticado"}
7:08:43 AM [express] GET /api/me 401 in 0ms :: {"error":"Não autenticado"}
7:08:43 AM [express] GET /api/me 401 in 0ms :: {"error":"Não autenticado"}
7:09:13 AM [express] GET /api/me 401 in 0ms :: {"error":"Não autenticado"}
7:09:13 AM [express] GET /api/me 401 in 0ms :: {"error":"Não autenticado"}
7:09:43 AM [express] GET /api/me 401 in 0ms :: {"error":"Não autenticado"}
7:09:43 AM [express] GET /api/me 401 in 0ms :: {"error":"Não autenticado"}
7:10:13 AM [express] GET /api/me 401 in 0ms :: {"error":"Não autenticado"}
7:10:13 AM [express] GET /api/me 401 in 0ms :: {"error":"Não autenticado"}
7:10:44 AM [express] GET /api/me 401 in 1ms :: {"error":"Não autenticado"}
7:10:44 AM [express] GET /api/me 401 in 0ms :: {"error":"Não autenticado"}
7:11:14 AM [express] GET /api/me 401 in 0ms :: {"error":"Não autenticado"}
7:11:14 AM [express] GET /api/me 401 in 0ms :: {"error":"Não autenticado"}
7:11:44 AM [express] GET /api/me 401 in 0ms :: {"error":"Não autenticado"}
7:11:44 AM [express] GET /api/me 401 in 0ms :: {"error":"Não autenticado"}
7:12:14 AM [express] GET /api/me 401 in 0ms :: {"error":"Não autenticado"}
7:12:14 AM [express] GET /api/me 401 in 0ms :: {"error":"Não autenticado"}
7:12:44 AM [express] GET /api/me 401 in 0ms :: {"error":"Não autenticado"}
7:12:44 AM [express] GET /api/me 401 in 0ms :: {"error":"Não autenticado"}
7:13:14 AM [express] GET /api/me 401 in 0ms :: {"error":"Não autenticado"}
7:13:14 AM [express] GET /api/me 401 in 0ms :: {"error":"Não autenticado"}
7:13:44 AM [express] GET /api/me 401 in 1ms :: {"error":"Não autenticado"}
7:13:44 AM [express] GET /api/me 401 in 0ms :: {"error":"Não autenticado"}
7:14:14 AM [express] GET /api/me 401 in 0ms :: {"error":"Não autenticado"}
7:14:14 AM [express] GET /api/me 401 in 0ms :: {"error":"Não autenticado"}
7:14:45 AM [express] GET /api/me 401 in 0ms :: {"error":"Não autenticado"}
7:14:45 AM [express] GET /api/me 401 in 0ms :: {"error":"Não autenticado"}
7:15:15 AM [express] GET /api/me 401 in 0ms :: {"error":"Não autenticado"}
7:15:15 AM [express] GET /api/me 401 in 0ms :: {"error":"Não autenticado"}
7:15:45 AM [express] GET /api/me 401 in 0ms :: {"error":"Não autenticado"}
7:15:45 AM [express] GET /api/me 401 in 0ms :: {"error":"Não autenticado"}
7:16:15 AM [express] GET /api/me 401 in 0ms :: {"error":"Não autenticado"}
7:16:15 AM [express] GET /api/me 401 in 0ms :: {"error":"Não autenticado"}
7:16:45 AM [express] GET /api/me 401 in 0ms :: {"error":"Não autenticado"}
7:16:45 AM [express] GET /api/me 401 in 0ms :: {"error":"Não autenticado"}
7:17:15 AM [express] GET /api/me 401 in 0ms :: {"error":"Não autenticado"}
7:17:15 AM [express] GET /api/me 401 in 0ms :: {"error":"Não autenticado"}
7:17:46 AM [express] GET /api/me 401 in 0ms :: {"error":"Não autenticado"}
7:17:46 AM [express] GET /api/me 401 in 0ms :: {"error":"Não autenticado"}
7:18:16 AM [express] GET /api/me 401 in 0ms :: {"error":"Não autenticado"}
7:18:16 AM [express] GET /api/me 401 in 0ms :: {"error":"Não autenticado"}
7:18:46 AM [express] GET /api/me 401 in 0ms :: {"error":"Não autenticado"}
7:18:46 AM [express] GET /api/me 401 in 1ms :: {"error":"Não autenticado"}
7:19:16 AM [express] GET /api/me 401 in 0ms :: {"error":"Não autenticado"}
7:19:16 AM [express] GET /api/me 401 in 0ms :: {"error":"Não autenticado"}
7:19:46 AM [express] GET /api/me 401 in 1ms :: {"error":"Não autenticado"}
7:19:46 AM [express] GET /api/me 401 in 0ms :: {"error":"Não autenticado"}
7:20:16 AM [express] GET /api/me 401 in 0ms :: {"error":"Não autenticado"}
7:20:16 AM [express] GET /api/me 401 in 0ms :: {"error":"Não autenticado"}
7:20:47 AM [express] GET /api/me 401 in 0ms :: {"error":"Não autenticado"}
7:20:47 AM [express] GET /api/me 401 in 0ms :: {"error":"Não autenticado"}
7:21:17 AM [express] GET /api/me 401 in 0ms :: {"error":"Não autenticado"}
7:21:17 AM [express] GET /api/me 401 in 0ms :: {"error":"Não autenticado"}
7:21:47 AM [express] GET /api/me 401 in 0ms :: {"error":"Não autenticado"}
7:21:47 AM [express] GET /api/me 401 in 1ms :: {"error":"Não autenticado"}
7:22:17 AM [express] GET /api/me 401 in 0ms :: {"error":"Não autenticado"}
7:22:17 AM [express] GET /api/me 401 in 0ms :: {"error":"Não autenticado"}
7:22:47 AM [express] GET /api/me 401 in 0ms :: {"error":"Não autenticado"}
7:22:47 AM [express] GET /api/me 401 in 1ms :: {"error":"Não autenticado"}
7:23:17 AM [express] GET /api/me 401 in 0ms :: {"error":"Não autenticado"}
7:23:17 AM [express] GET /api/me 401 in 1ms :: {"error":"Não autenticado"}
7:23:48 AM [express] GET /api/me 401 in 0ms :: {"error":"Não autenticado"}
7:23:48 AM [express] GET /api/me 401 in 0ms :: {"error":"Não autenticado"}
7:24:18 AM [express] GET /api/me 401 in 0ms :: {"error":"Não autenticado"}
7:24:18 AM [express] GET /api/me 401 in 0ms :: {"error":"Não autenticado"}
7:24:48 AM [express] GET /api/me 401 in 1ms :: {"error":"Não autenticado"}
7:24:48 AM [express] GET /api/me 401 in 0ms :: {"error":"Não autenticado"}
7:25:18 AM [express] GET /api/me 401 in 0ms :: {"error":"Não autenticado"}
7:25:18 AM [express] GET /api/me 401 in 0ms :: {"error":"Não autenticado"}
7:25:48 AM [express] GET /api/me 401 in 1ms :: {"error":"Não autenticado"}
7:25:48 AM [express] GET /api/me 401 in 0ms :: {"error":"Não autenticado"}
7:26:18 AM [express] GET /api/me 401 in 1ms :: {"error":"Não autenticado"}
7:26:18 AM [express] GET /api/me 401 in 1ms :: {"error":"Não autenticado"}
7:26:48 AM [express] GET /api/me 401 in 0ms :: {"error":"Não autenticado"}
7:26:48 AM [express] GET /api/me 401 in 0ms :: {"error":"Não autenticado"}
7:27:18 AM [express] GET /api/me 401 in 0ms :: {"error":"Não autenticado"}
7:27:18 AM [express] GET /api/me 401 in 0ms :: {"error":"Não autenticado"}
7:27:49 AM [express] GET /api/me 401 in 0ms :: {"error":"Não autenticado"}
7:27:49 AM [express] GET /api/me 401 in 0ms :: {"error":"Não autenticado"}
7:28:19 AM [express] GET /api/me 401 in 0ms :: {"error":"Não autenticado"}
7:28:19 AM [express] GET /api/me 401 in 0ms :: {"error":"Não autenticado"}
7:28:49 AM [express] GET /api/me 401 in 0ms :: {"error":"Não autenticado"}
7:28:49 AM [express] GET /api/me 401 in 0ms :: {"error":"Não autenticado"}
7:29:19 AM [express] GET /api/me 401 in 1ms :: {"error":"Não autenticado"}
7:29:19 AM [express] GET /api/me 401 in 0ms :: {"error":"Não autenticado"}
7:29:49 AM [express] GET /api/me 401 in 1ms :: {"error":"Não autenticado"}
7:29:49 AM [express] GET /api/me 401 in 1ms :: {"error":"Não autenticado"}
7:30:19 AM [express] GET /api/me 401 in 0ms :: {"error":"Não autenticado"}
7:30:19 AM [express] GET /api/me 401 in 0ms :: {"error":"Não autenticado"}
7:30:50 AM [express] GET /api/me 401 in 0ms :: {"error":"Não autenticado"}
7:30:50 AM [express] GET /api/me 401 in 0ms :: {"error":"Não autenticado"}
7:31:20 AM [express] GET /api/me 401 in 0ms :: {"error":"Não autenticado"}
7:31:20 AM [express] GET /api/me 401 in 0ms :: {"error":"Não autenticado"}
7:31:50 AM [express] GET /api/me 401 in 0ms :: {"error":"Não autenticado"}
7:31:50 AM [express] GET /api/me 401 in 0ms :: {"error":"Não autenticado"}
7:32:20 AM [express] GET /api/me 401 in 0ms :: {"error":"Não autenticado"}
7:32:20 AM [express] GET /api/me 401 in 0ms :: {"error":"Não autenticado"}
7:32:50 AM [express] GET /api/me 401 in 0ms :: {"error":"Não autenticado"}
7:32:50 AM [express] GET /api/me 401 in 0ms :: {"error":"Não autenticado"}
7:33:20 AM [express] GET /api/me 401 in 0ms :: {"error":"Não autenticado"}
7:33:20 AM [express] GET /api/me 401 in 0ms :: {"error":"Não autenticado"}
7:33:51 AM [express] GET /api/me 401 in 0ms :: {"error":"Não autenticado"}
7:33:51 AM [express] GET /api/me 401 in 0ms :: {"error":"Não autenticado"}
7:34:21 AM [express] GET /api/me 401 in 0ms :: {"error":"Não autenticado"}
7:34:21 AM [express] GET /api/me 401 in 0ms :: {"error":"Não autenticado"}
7:34:51 AM [express] GET /api/me 401 in 0ms :: {"error":"Não autenticado"}
7:34:51 AM [express] GET /api/me 401 in 0ms :: {"error":"Não autenticado"}
7:35:21 AM [express] GET /api/me 401 in 0ms :: {"error":"Não autenticado"}
7:35:21 AM [express] GET /api/me 401 in 0ms :: {"error":"Não autenticado"}
7:35:51 AM [express] GET /api/me 401 in 0ms :: {"error":"Não autenticado"}
7:35:51 AM [express] GET /api/me 401 in 0ms :: {"error":"Não autenticado"}
7:36:21 AM [express] GET /api/me 401 in 0ms :: {"error":"Não autenticado"}
7:36:21 AM [express] GET /api/me 401 in 0ms :: {"error":"Não autenticado"}
7:36:52 AM [express] GET /api/me 401 in 0ms :: {"error":"Não autenticado"}
7:36:52 AM [express] GET /api/me 401 in 0ms :: {"error":"Não autenticado"}
7:37:22 AM [express] GET /api/me 401 in 0ms :: {"error":"Não autenticado"}
7:37:22 AM [express] GET /api/me 401 in 0ms :: {"error":"Não autenticado"}
7:37:52 AM [express] GET /api/me 401 in 0ms :: {"error":"Não autenticado"}
7:37:52 AM [express] GET /api/me 401 in 0ms :: {"error":"Não autenticado"}
7:38:22 AM [express] GET /api/me 401 in 1ms :: {"error":"Não autenticado"}
7:38:22 AM [express] GET /api/me 401 in 0ms :: {"error":"Não autenticado"}
7:38:52 AM [express] GET /api/me 401 in 1ms :: {"error":"Não autenticado"}
7:38:52 AM [express] GET /api/me 401 in 1ms :: {"error":"Não autenticado"}
7:39:22 AM [express] GET /api/me 401 in 0ms :: {"error":"Não autenticado"}
7:39:22 AM [express] GET /api/me 401 in 0ms :: {"error":"Não autenticado"}
7:39:52 AM [express] GET /api/me 401 in 0ms :: {"error":"Não autenticado"}
7:39:52 AM [express] GET /api/me 401 in 0ms :: {"error":"Não autenticado"}
7:40:22 AM [express] GET /api/me 401 in 0ms :: {"error":"Não autenticado"}
7:40:22 AM [express] GET /api/me 401 in 0ms :: {"error":"Não autenticado"}
7:40:53 AM [express] GET /api/me 401 in 1ms :: {"error":"Não autenticado"}
7:40:53 AM [express] GET /api/me 401 in 1ms :: {"error":"Não autenticado"}
7:41:23 AM [express] GET /api/me 401 in 0ms :: {"error":"Não autenticado"}
7:41:23 AM [express] GET /api/me 401 in 0ms :: {"error":"Não autenticado"}
7:41:53 AM [express] GET /api/me 401 in 1ms :: {"error":"Não autenticado"}
7:41:53 AM [express] GET /api/me 401 in 1ms :: {"error":"Não autenticado"}
7:42:23 AM [express] GET /api/me 401 in 1ms :: {"error":"Não autenticado"}
7:42:23 AM [express] GET /api/me 401 in 1ms :: {"error":"Não autenticado"}
7:42:53 AM [express] GET /api/me 401 in 0ms :: {"error":"Não autenticado"}
7:42:53 AM [express] GET /api/me 401 in 1ms :: {"error":"Não autenticado"}
7:43:23 AM [express] GET /api/me 401 in 1ms :: {"error":"Não autenticado"}
7:43:23 AM [express] GET /api/me 401 in 1ms :: {"error":"Não autenticado"}
7:43:54 AM [express] GET /api/me 401 in 1ms :: {"error":"Não autenticado"}
7:43:54 AM [express] GET /api/me 401 in 1ms :: {"error":"Não autenticado"}
7:44:24 AM [express] GET /api/me 401 in 0ms :: {"error":"Não autenticado"}
7:44:24 AM [express] GET /api/me 401 in 0ms :: {"error":"Não autenticado"}
7:44:54 AM [express] GET /api/me 401 in 0ms :: {"error":"Não autenticado"}
7:44:54 AM [express] GET /api/me 401 in 0ms :: {"error":"Não autenticado"}
7:45:24 AM [express] GET /api/me 401 in 0ms :: {"error":"Não autenticado"}
7:45:24 AM [express] GET /api/me 401 in 1ms :: {"error":"Não autenticado"}
7:45:54 AM [express] GET /api/me 401 in 0ms :: {"error":"Não autenticado"}
7:45:54 AM [express] GET /api/me 401 in 0ms :: {"error":"Não autenticado"}
7:46:24 AM [express] GET /api/me 401 in 1ms :: {"error":"Não autenticado"}
7:46:24 AM [express] GET /api/me 401 in 0ms :: {"error":"Não autenticado"}
7:46:55 AM [express] GET /api/me 401 in 0ms :: {"error":"Não autenticado"}
7:46:55 AM [express] GET /api/me 401 in 0ms :: {"error":"Não autenticado"}
7:47:25 AM [express] GET /api/me 401 in 0ms :: {"error":"Não autenticado"}
7:47:25 AM [express] GET /api/me 401 in 0ms :: {"error":"Não autenticado"}
7:47:55 AM [express] GET /api/me 401 in 0ms :: {"error":"Não autenticado"}
7:47:55 AM [express] GET /api/me 401 in 0ms :: {"error":"Não autenticado"}
7:48:25 AM [express] GET /api/me 401 in 0ms :: {"error":"Não autenticado"}
7:48:25 AM [express] GET /api/me 401 in 0ms :: {"error":"Não autenticado"}
7:48:55 AM [express] GET /api/me 401 in 1ms :: {"error":"Não autenticado"}
7:48:55 AM [express] GET /api/me 401 in 1ms :: {"error":"Não autenticado"}
7:49:25 AM [express] GET /api/me 401 in 0ms :: {"error":"Não autenticado"}
7:49:25 AM [express] GET /api/me 401 in 0ms :: {"error":"Não autenticado"}
7:49:56 AM [express] GET /api/me 401 in 1ms :: {"error":"Não autenticado"}
7:49:56 AM [express] GET /api/me 401 in 1ms :: {"error":"Não autenticado"}
7:50:26 AM [express] GET /api/me 401 in 0ms :: {"error":"Não autenticado"}
7:50:26 AM [express] GET /api/me 401 in 0ms :: {"error":"Não autenticado"}
7:50:56 AM [express] GET /api/me 401 in 0ms :: {"error":"Não autenticado"}
7:50:56 AM [express] GET /api/me 401 in 1ms :: {"error":"Não autenticado"}
7:51:26 AM [express] GET /api/me 401 in 0ms :: {"error":"Não autenticado"}
7:51:26 AM [express] GET /api/me 401 in 0ms :: {"error":"Não autenticado"}
7:51:56 AM [express] GET /api/me 401 in 1ms :: {"error":"Não autenticado"}
7:51:56 AM [express] GET /api/me 401 in 0ms :: {"error":"Não autenticado"}
7:52:26 AM [express] GET /api/me 401 in 0ms :: {"error":"Não autenticado"}
7:52:26 AM [express] GET /api/me 401 in 0ms :: {"error":"Não autenticado"}
7:52:56 AM [express] GET /api/me 401 in 0ms :: {"error":"Não autenticado"}
7:52:56 AM [express] GET /api/me 401 in 0ms :: {"error":"Não autenticado"}
7:53:26 AM [express] GET /api/me 401 in 0ms :: {"error":"Não autenticado"}
7:53:26 AM [express] GET /api/me 401 in 0ms :: {"error":"Não autenticado"}
7:53:57 AM [express] GET /api/me 401 in 0ms :: {"error":"Não autenticado"}
7:53:57 AM [express] GET /api/me 401 in 0ms :: {"error":"Não autenticado"}
7:54:27 AM [express] GET /api/me 401 in 1ms :: {"error":"Não autenticado"}
7:54:27 AM [express] GET /api/me 401 in 0ms :: {"error":"Não autenticado"}
7:54:57 AM [express] GET /api/me 401 in 0ms :: {"error":"Não autenticado"}
7:54:57 AM [express] GET /api/me 401 in 0ms :: {"error":"Não autenticado"}
7:55:27 AM [express] GET /api/me 401 in 0ms :: {"error":"Não autenticado"}
7:55:27 AM [express] GET /api/me 401 in 1ms :: {"error":"Não autenticado"}
7:55:57 AM [express] GET /api/me 401 in 0ms :: {"error":"Não autenticado"}
7:55:57 AM [express] GET /api/me 401 in 0ms :: {"error":"Não autenticado"}
7:56:27 AM [express] GET /api/me 401 in 1ms :: {"error":"Não autenticado"}
7:56:27 AM [express] GET /api/me 401 in 0ms :: {"error":"Não autenticado"}
7:56:58 AM [express] GET /api/me 401 in 0ms :: {"error":"Não autenticado"}
7:56:58 AM [express] GET /api/me 401 in 0ms :: {"error":"Não autenticado"}
7:57:28 AM [express] GET /api/me 401 in 0ms :: {"error":"Não autenticado"}
7:57:28 AM [express] GET /api/me 401 in 0ms :: {"error":"Não autenticado"}
7:57:58 AM [express] GET /api/me 401 in 1ms :: {"error":"Não autenticado"}
7:57:58 AM [express] GET /api/me 401 in 1ms :: {"error":"Não autenticado"}
7:58:28 AM [express] GET /api/me 401 in 0ms :: {"error":"Não autenticado"}
7:58:28 AM [express] GET /api/me 401 in 0ms :: {"error":"Não autenticado"}
7:58:58 AM [express] GET /api/me 401 in 0ms :: {"error":"Não autenticado"}
7:58:58 AM [express] GET /api/me 401 in 0ms :: {"error":"Não autenticado"}
7:59:28 AM [express] GET /api/me 401 in 0ms :: {"error":"Não autenticado"}
7:59:28 AM [express] GET /api/me 401 in 1ms :: {"error":"Não autenticado"}
7:59:59 AM [express] GET /api/me 401 in 0ms :: {"error":"Não autenticado"}
7:59:59 AM [express] GET /api/me 401 in 0ms :: {"error":"Não autenticado"}
8:00:29 AM [express] GET /api/me 401 in 1ms :: {"error":"Não autenticado"}
8:00:29 AM [express] GET /api/me 401 in 1ms :: {"error":"Não autenticado"}
8:00:59 AM [express] GET /api/me 401 in 0ms :: {"error":"Não autenticado"}
8:00:59 AM [express] GET /api/me 401 in 0ms :: {"error":"Não autenticado"}
8:01:29 AM [express] GET /api/me 401 in 1ms :: {"error":"Não autenticado"}
8:01:29 AM [express] GET /api/me 401 in 0ms :: {"error":"Não autenticado"}
8:01:59 AM [express] GET /api/me 401 in 0ms :: {"error":"Não autenticado"}
8:01:59 AM [express] GET /api/me 401 in 0ms :: {"error":"Não autenticado"}
8:02:29 AM [express] GET /api/me 401 in 0ms :: {"error":"Não autenticado"}
8:02:29 AM [express] GET /api/me 401 in 1ms :: {"error":"Não autenticado"}
8:03:00 AM [express] GET /api/me 401 in 1ms :: {"error":"Não autenticado"}
8:03:00 AM [express] GET /api/me 401 in 1ms :: {"error":"Não autenticado"}
8:03:30 AM [express] GET /api/me 401 in 0ms :: {"error":"Não autenticado"}
8:03:30 AM [express] GET /api/me 401 in 0ms :: {"error":"Não autenticado"}
8:04:00 AM [express] GET /api/me 401 in 0ms :: {"error":"Não autenticado"}
8:04:00 AM [express] GET /api/me 401 in 0ms :: {"error":"Não autenticado"}
8:04:30 AM [express] GET /api/me 401 in 1ms :: {"error":"Não autenticado"}
8:04:30 AM [express] GET /api/me 401 in 0ms :: {"error":"Não autenticado"}
8:05:00 AM [express] GET /api/me 401 in 1ms :: {"error":"Não autenticado"}
8:05:00 AM [express] GET /api/me 401 in 0ms :: {"error":"Não autenticado"}
8:05:30 AM [express] GET /api/me 401 in 1ms :: {"error":"Não autenticado"}
8:05:30 AM [express] GET /api/me 401 in 0ms :: {"error":"Não autenticado"}
8:06:00 AM [express] GET /api/me 401 in 0ms :: {"error":"Não autenticado"}
8:06:00 AM [express] GET /api/me 401 in 0ms :: {"error":"Não autenticado"}
8:06:30 AM [express] GET /api/me 401 in 0ms :: {"error":"Não autenticado"}
8:06:30 AM [express] GET /api/me 401 in 0ms :: {"error":"Não autenticado"}
8:07:01 AM [express] GET /api/me 401 in 0ms :: {"error":"Não autenticado"}
8:07:01 AM [express] GET /api/me 401 in 0ms :: {"error":"Não autenticado"}
8:07:31 AM [express] GET /api/me 401 in 1ms :: {"error":"Não autenticado"}
8:07:31 AM [express] GET /api/me 401 in 1ms :: {"error":"Não autenticado"}
8:08:01 AM [express] GET /api/me 401 in 0ms :: {"error":"Não autenticado"}
8:08:01 AM [express] GET /api/me 401 in 0ms :: {"error":"Não autenticado"}
8:08:31 AM [express] GET /api/me 401 in 0ms :: {"error":"Não autenticado"}
8:08:31 AM [express] GET /api/me 401 in 0ms :: {"error":"Não autenticado"}
8:09:01 AM [express] GET /api/me 401 in 0ms :: {"error":"Não autenticado"}
8:09:01 AM [express] GET /api/me 401 in 1ms :: {"error":"Não autenticado"}
8:09:31 AM [express] GET /api/me 401 in 0ms :: {"error":"Não autenticado"}
8:09:31 AM [express] GET /api/me 401 in 0ms :: {"error":"Não autenticado"}
8:10:02 AM [express] GET /api/me 401 in 1ms :: {"error":"Não autenticado"}
8:10:02 AM [express] GET /api/me 401 in 0ms :: {"error":"Não autenticado"}
8:10:32 AM [express] GET /api/me 401 in 1ms :: {"error":"Não autenticado"}
8:10:32 AM [express] GET /api/me 401 in 1ms :: {"error":"Não autenticado"}
8:11:02 AM [express] GET /api/me 401 in 0ms :: {"error":"Não autenticado"}
8:11:02 AM [express] GET /api/me 401 in 0ms :: {"error":"Não autenticado"}
8:11:32 AM [express] GET /api/me 401 in 0ms :: {"error":"Não autenticado"}
8:11:32 AM [express] GET /api/me 401 in 0ms :: {"error":"Não autenticado"}
8:12:02 AM [express] GET /api/me 401 in 0ms :: {"error":"Não autenticado"}
8:12:02 AM [express] GET /api/me 401 in 1ms :: {"error":"Não autenticado"}
8:12:32 AM [express] GET /api/me 401 in 1ms :: {"error":"Não autenticado"}
8:12:32 AM [express] GET /api/me 401 in 1ms :: {"error":"Não autenticado"}
8:13:03 AM [express] GET /api/me 401 in 0ms :: {"error":"Não autenticado"}
8:13:03 AM [express] GET /api/me 401 in 0ms :: {"error":"Não autenticado"}
8:13:33 AM [express] GET /api/me 401 in 0ms :: {"error":"Não autenticado"}
8:13:33 AM [express] GET /api/me 401 in 0ms :: {"error":"Não autenticado"}
8:14:03 AM [express] GET /api/me 401 in 0ms :: {"error":"Não autenticado"}
8:14:03 AM [express] GET /api/me 401 in 0ms :: {"error":"Não autenticado"}
8:14:33 AM [express] GET /api/me 401 in 1ms :: {"error":"Não autenticado"}
8:14:33 AM [express] GET /api/me 401 in 1ms :: {"error":"Não autenticado"}
8:15:03 AM [express] GET /api/me 401 in 0ms :: {"error":"Não autenticado"}
8:15:03 AM [express] GET /api/me 401 in 0ms :: {"error":"Não autenticado"}
8:15:33 AM [express] GET /api/me 401 in 0ms :: {"error":"Não autenticado"}
8:15:33 AM [express] GET /api/me 401 in 0ms :: {"error":"Não autenticado"}
8:16:04 AM [express] GET /api/me 401 in 1ms :: {"error":"Não autenticado"}
8:16:04 AM [express] GET /api/me 401 in 0ms :: {"error":"Não autenticado"}
8:16:34 AM [express] GET /api/me 401 in 0ms :: {"error":"Não autenticado"}
8:16:34 AM [express] GET /api/me 401 in 0ms :: {"error":"Não autenticado"}
8:17:04 AM [express] GET /api/me 401 in 0ms :: {"error":"Não autenticado"}
8:17:04 AM [express] GET /api/me 401 in 0ms :: {"error":"Não autenticado"}
8:17:34 AM [express] GET /api/me 401 in 1ms :: {"error":"Não autenticado"}
8:17:34 AM [express] GET /api/me 401 in 0ms :: {"error":"Não autenticado"}
8:18:04 AM [express] GET /api/me 401 in 0ms :: {"error":"Não autenticado"}
8:18:04 AM [express] GET /api/me 401 in 0ms :: {"error":"Não autenticado"}
8:18:34 AM [express] GET /api/me 401 in 0ms :: {"error":"Não autenticado"}
8:18:34 AM [express] GET /api/me 401 in 0ms :: {"error":"Não autenticado"}
8:19:04 AM [express] GET /api/me 401 in 0ms :: {"error":"Não autenticado"}
8:19:04 AM [express] GET /api/me 401 in 1ms :: {"error":"Não autenticado"}
8:19:34 AM [express] GET /api/me 401 in 1ms :: {"error":"Não autenticado"}
8:19:34 AM [express] GET /api/me 401 in 1ms :: {"error":"Não autenticado"}
8:20:05 AM [express] GET /api/me 401 in 0ms :: {"error":"Não autenticado"}
8:20:05 AM [express] GET /api/me 401 in 0ms :: {"error":"Não autenticado"}
8:20:35 AM [express] GET /api/me 401 in 1ms :: {"error":"Não autenticado"}
8:20:35 AM [express] GET /api/me 401 in 1ms :: {"error":"Não autenticado"}
8:21:05 AM [express] GET /api/me 401 in 1ms :: {"error":"Não autenticado"}
8:21:05 AM [express] GET /api/me 401 in 0ms :: {"error":"Não autenticado"}
8:21:35 AM [express] GET /api/me 401 in 0ms :: {"error":"Não autenticado"}
8:21:35 AM [express] GET /api/me 401 in 0ms :: {"error":"Não autenticado"}
8:22:05 AM [express] GET /api/me 401 in 0ms :: {"error":"Não autenticado"}
8:22:05 AM [express] GET /api/me 401 in 0ms :: {"error":"Não autenticado"}
8:22:35 AM [express] GET /api/me 401 in 1ms :: {"error":"Não autenticado"}
8:22:35 AM [express] GET /api/me 401 in 1ms :: {"error":"Não autenticado"}
8:23:06 AM [express] GET /api/me 401 in 0ms :: {"error":"Não autenticado"}
8:23:06 AM [express] GET /api/me 401 in 0ms :: {"error":"Não autenticado"}
8:23:36 AM [express] GET /api/me 401 in 0ms :: {"error":"Não autenticado"}
8:23:36 AM [express] GET /api/me 401 in 1ms :: {"error":"Não autenticado"}
8:24:06 AM [express] GET /api/me 401 in 0ms :: {"error":"Não autenticado"}
8:24:06 AM [express] GET /api/me 401 in 0ms :: {"error":"Não autenticado"}
8:24:36 AM [express] GET /api/me 401 in 0ms :: {"error":"Não autenticado"}
8:24:36 AM [express] GET /api/me 401 in 0ms :: {"error":"Não autenticado"}
8:25:06 AM [express] GET /api/me 401 in 0ms :: {"error":"Não autenticado"}
8:25:06 AM [express] GET /api/me 401 in 0ms :: {"error":"Não autenticado"}
8:25:36 AM [express] GET /api/me 401 in 1ms :: {"error":"Não autenticado"}
8:25:36 AM [express] GET /api/me 401 in 1ms :: {"error":"Não autenticado"}
8:26:07 AM [express] GET /api/me 401 in 1ms :: {"error":"Não autenticado"}
8:26:07 AM [express] GET /api/me 401 in 1ms :: {"error":"Não autenticado"}
8:26:37 AM [express] GET /api/me 401 in 0ms :: {"error":"Não autenticado"}
8:26:37 AM [express] GET /api/me 401 in 0ms :: {"error":"Não autenticado"}
8:27:07 AM [express] GET /api/me 401 in 0ms :: {"error":"Não autenticado"}
8:27:07 AM [express] GET /api/me 401 in 0ms :: {"error":"Não autenticado"}
8:27:37 AM [express] GET /api/me 401 in 0ms :: {"error":"Não autenticado"}
8:27:37 AM [express] GET /api/me 401 in 0ms :: {"error":"Não autenticado"}
8:28:07 AM [express] GET /api/me 401 in 0ms :: {"error":"Não autenticado"}
8:28:07 AM [express] GET /api/me 401 in 0ms :: {"error":"Não autenticado"}
8:28:37 AM [express] GET /api/me 401 in 1ms :: {"error":"Não autenticado"}
8:28:37 AM [express] GET /api/me 401 in 1ms :: {"error":"Não autenticado"}
8:29:08 AM [express] GET /api/me 401 in 0ms :: {"error":"Não autenticado"}
8:29:08 AM [express] GET /api/me 401 in 0ms :: {"error":"Não autenticado"}
8:29:38 AM [express] GET /api/me 401 in 0ms :: {"error":"Não autenticado"}
8:29:38 AM [express] GET /api/me 401 in 0ms :: {"error":"Não autenticado"}
8:30:08 AM [express] GET /api/me 401 in 1ms :: {"error":"Não autenticado"}
8:30:08 AM [express] GET /api/me 401 in 0ms :: {"error":"Não autenticado"}
8:30:38 AM [express] GET /api/me 401 in 0ms :: {"error":"Não autenticado"}
8:30:38 AM [express] GET /api/me 401 in 0ms :: {"error":"Não autenticado"}
8:31:08 AM [express] GET /api/me 401 in 0ms :: {"error":"Não autenticado"}
8:31:08 AM [express] GET /api/me 401 in 0ms :: {"error":"Não autenticado"}
8:31:38 AM [express] GET /api/me 401 in 1ms :: {"error":"Não autenticado"}
8:31:38 AM [express] GET /api/me 401 in 0ms :: {"error":"Não autenticado"}
8:32:08 AM [express] GET /api/me 401 in 0ms :: {"error":"Não autenticado"}
8:32:08 AM [express] GET /api/me 401 in 0ms :: {"error":"Não autenticado"}
8:32:38 AM [express] GET /api/me 401 in 1ms :: {"error":"Não autenticado"}
8:32:38 AM [express] GET /api/me 401 in 1ms :: {"error":"Não autenticado"}
8:33:09 AM [express] GET /api/me 401 in 0ms :: {"error":"Não autenticado"}
8:33:09 AM [express] GET /api/me 401 in 0ms :: {"error":"Não autenticado"}
8:33:39 AM [express] GET /api/me 401 in 1ms :: {"error":"Não autenticado"}
8:33:39 AM [express] GET /api/me 401 in 1ms :: {"error":"Não autenticado"}
8:34:09 AM [express] GET /api/me 401 in 0ms :: {"error":"Não autenticado"}
8:34:09 AM [express] GET /api/me 401 in 0ms :: {"error":"Não autenticado"}
8:34:39 AM [express] GET /api/me 401 in 0ms :: {"error":"Não autenticado"}
8:34:39 AM [express] GET /api/me 401 in 0ms :: {"error":"Não autenticado"}
8:35:09 AM [express] GET /api/me 401 in 0ms :: {"error":"Não autenticado"}
8:35:09 AM [express] GET /api/me 401 in 0ms :: {"error":"Não autenticado"}
8:35:39 AM [express] GET /api/me 401 in 1ms :: {"error":"Não autenticado"}
8:35:39 AM [express] GET /api/me 401 in 1ms :: {"error":"Não autenticado"}
8:36:10 AM [express] GET /api/me 401 in 0ms :: {"error":"Não autenticado"}
8:36:10 AM [express] GET /api/me 401 in 0ms :: {"error":"Não autenticado"}
8:36:40 AM [express] GET /api/me 401 in 0ms :: {"error":"Não autenticado"}
8:36:40 AM [express] GET /api/me 401 in 1ms :: {"error":"Não autenticado"}
8:37:10 AM [express] GET /api/me 401 in 0ms :: {"error":"Não autenticado"}
8:37:10 AM [express] GET /api/me 401 in 0ms :: {"error":"Não autenticado"}
8:37:40 AM [express] GET /api/me 401 in 0ms :: {"error":"Não autenticado"}
8:37:40 AM [express] GET /api/me 401 in 0ms :: {"error":"Não autenticado"}
8:38:10 AM [express] GET /api/me 401 in 0ms :: {"error":"Não autenticado"}
8:38:10 AM [express] GET /api/me 401 in 0ms :: {"error":"Não autenticado"}
8:38:40 AM [express] GET /api/me 401 in 0ms :: {"error":"Não autenticado"}
8:38:40 AM [express] GET /api/me 401 in 0ms :: {"error":"Não autenticado"}
8:39:11 AM [express] GET /api/me 401 in 0ms :: {"error":"Não autenticado"}
8:39:11 AM [express] GET /api/me 401 in 1ms :: {"error":"Não autenticado"}
8:39:41 AM [express] GET /api/me 401 in 0ms :: {"error":"Não autenticado"}
8:39:41 AM [express] GET /api/me 401 in 1ms :: {"error":"Não autenticado"}
8:40:11 AM [express] GET /api/me 401 in 0ms :: {"error":"Não autenticado"}
8:40:11 AM [express] GET /api/me 401 in 0ms :: {"error":"Não autenticado"}
8:40:41 AM [express] GET /api/me 401 in 0ms :: {"error":"Não autenticado"}
8:40:41 AM [express] GET /api/me 401 in 0ms :: {"error":"Não autenticado"}
8:41:11 AM [express] GET /api/me 401 in 0ms :: {"error":"Não autenticado"}
8:41:11 AM [express] GET /api/me 401 in 0ms :: {"error":"Não autenticado"}
8:41:41 AM [express] GET /api/me 401 in 1ms :: {"error":"Não autenticado"}
8:41:41 AM [express] GET /api/me 401 in 1ms :: {"error":"Não autenticado"}
8:42:12 AM [express] GET /api/me 401 in 0ms :: {"error":"Não autenticado"}
8:42:12 AM [express] GET /api/me 401 in 1ms :: {"error":"Não autenticado"}
8:42:42 AM [express] GET /api/me 401 in 0ms :: {"error":"Não autenticado"}
8:42:42 AM [express] GET /api/me 401 in 1ms :: {"error":"Não autenticado"}
8:43:12 AM [express] GET /api/me 401 in 0ms :: {"error":"Não autenticado"}
8:43:12 AM [express] GET /api/me 401 in 0ms :: {"error":"Não autenticado"}
8:43:42 AM [express] GET /api/me 401 in 1ms :: {"error":"Não autenticado"}
8:43:42 AM [express] GET /api/me 401 in 0ms :: {"error":"Não autenticado"}
8:44:12 AM [express] GET /api/me 401 in 1ms :: {"error":"Não autenticado"}
8:44:12 AM [express] GET /api/me 401 in 0ms :: {"error":"Não autenticado"}
8:44:42 AM [express] GET /api/me 401 in 1ms :: {"error":"Não autenticado"}
8:44:42 AM [express] GET /api/me 401 in 0ms :: {"error":"Não autenticado"}
8:45:12 AM [express] GET /api/me 401 in 0ms :: {"error":"Não autenticado"}
8:45:12 AM [express] GET /api/me 401 in 0ms :: {"error":"Não autenticado"}
8:45:42 AM [express] GET /api/me 401 in 1ms :: {"error":"Não autenticado"}
8:45:42 AM [express] GET /api/me 401 in 0ms :: {"error":"Não autenticado"}
8:46:13 AM [express] GET /api/me 401 in 0ms :: {"error":"Não autenticado"}
8:46:13 AM [express] GET /api/me 401 in 0ms :: {"error":"Não autenticado"}
8:46:43 AM [express] GET /api/me 401 in 0ms :: {"error":"Não autenticado"}
8:46:43 AM [express] GET /api/me 401 in 1ms :: {"error":"Não autenticado"}
8:47:13 AM [express] GET /api/me 401 in 0ms :: {"error":"Não autenticado"}
8:47:13 AM [express] GET /api/me 401 in 0ms :: {"error":"Não autenticado"}
8:47:43 AM [express] GET /api/me 401 in 0ms :: {"error":"Não autenticado"}
8:47:43 AM [express] GET /api/me 401 in 0ms :: {"error":"Não autenticado"}
8:48:13 AM [express] GET /api/me 401 in 0ms :: {"error":"Não autenticado"}
8:48:13 AM [express] GET /api/me 401 in 0ms :: {"error":"Não autenticado"}
8:48:43 AM [express] GET /api/me 401 in 1ms :: {"error":"Não autenticado"}
8:48:43 AM [express] GET /api/me 401 in 0ms :: {"error":"Não autenticado"}
8:49:14 AM [express] GET /api/me 401 in 0ms :: {"error":"Não autenticado"}
8:49:14 AM [express] GET /api/me 401 in 0ms :: {"error":"Não autenticado"}
8:49:44 AM [express] GET /api/me 401 in 1ms :: {"error":"Não autenticado"}
8:49:44 AM [express] GET /api/me 401 in 0ms :: {"error":"Não autenticado"}
8:50:14 AM [express] GET /api/me 401 in 0ms :: {"error":"Não autenticado"}
8:50:14 AM [express] GET /api/me 401 in 1ms :: {"error":"Não autenticado"}
8:50:44 AM [express] GET /api/me 401 in 0ms :: {"error":"Não autenticado"}
8:50:44 AM [express] GET /api/me 401 in 1ms :: {"error":"Não autenticado"}
8:51:14 AM [express] GET /api/me 401 in 0ms :: {"error":"Não autenticado"}
8:51:14 AM [express] GET /api/me 401 in 0ms :: {"error":"Não autenticado"}
8:51:44 AM [express] GET /api/me 401 in 1ms :: {"error":"Não autenticado"}
8:51:44 AM [express] GET /api/me 401 in 0ms :: {"error":"Não autenticado"}
8:52:15 AM [express] GET /api/me 401 in 1ms :: {"error":"Não autenticado"}
8:52:15 AM [express] GET /api/me 401 in 0ms :: {"error":"Não autenticado"}
8:52:45 AM [express] GET /api/me 401 in 0ms :: {"error":"Não autenticado"}
8:52:45 AM [express] GET /api/me 401 in 0ms :: {"error":"Não autenticado"}
8:53:15 AM [express] GET /api/me 401 in 0ms :: {"error":"Não autenticado"}
8:53:15 AM [express] GET /api/me 401 in 0ms :: {"error":"Não autenticado"}
8:53:45 AM [express] GET /api/me 401 in 1ms :: {"error":"Não autenticado"}
8:53:45 AM [express] GET /api/me 401 in 0ms :: {"error":"Não autenticado"}
8:54:15 AM [express] GET /api/me 401 in 0ms :: {"error":"Não autenticado"}
8:54:15 AM [express] GET /api/me 401 in 0ms :: {"error":"Não autenticado"}
8:54:45 AM [express] GET /api/me 401 in 1ms :: {"error":"Não autenticado"}
8:54:45 AM [express] GET /api/me 401 in 0ms :: {"error":"Não autenticado"}
8:55:16 AM [express] GET /api/me 401 in 0ms :: {"error":"Não autenticado"}
8:55:16 AM [express] GET /api/me 401 in 0ms :: {"error":"Não autenticado"}
8:55:46 AM [express] GET /api/me 401 in 1ms :: {"error":"Não autenticado"}
8:55:46 AM [express] GET /api/me 401 in 0ms :: {"error":"Não autenticado"}
8:56:16 AM [express] GET /api/me 401 in 1ms :: {"error":"Não autenticado"}
8:56:16 AM [express] GET /api/me 401 in 1ms :: {"error":"Não autenticado"}
8:56:46 AM [express] GET /api/me 401 in 1ms :: {"error":"Não autenticado"}
8:56:46 AM [express] GET /api/me 401 in 0ms :: {"error":"Não autenticado"}
8:57:16 AM [express] GET /api/me 401 in 0ms :: {"error":"Não autenticado"}
8:57:16 AM [express] GET /api/me 401 in 0ms :: {"error":"Não autenticado"}
8:57:46 AM [express] GET /api/me 401 in 1ms :: {"error":"Não autenticado"}
8:57:46 AM [express] GET /api/me 401 in 0ms :: {"error":"Não autenticado"}
8:58:16 AM [express] GET /api/me 401 in 1ms :: {"error":"Não autenticado"}
8:58:16 AM [express] GET /api/me 401 in 1ms :: {"error":"Não autenticado"}
8:58:46 AM [express] GET /api/me 401 in 1ms :: {"error":"Não autenticado"}
8:58:46 AM [express] GET /api/me 401 in 0ms :: {"error":"Não autenticado"}
8:59:17 AM [express] GET /api/me 401 in 0ms :: {"error":"Não autenticado"}
8:59:17 AM [express] GET /api/me 401 in 0ms :: {"error":"Não autenticado"}
8:59:47 AM [express] GET /api/me 401 in 1ms :: {"error":"Não autenticado"}
8:59:47 AM [express] GET /api/me 401 in 0ms :: {"error":"Não autenticado"}
9:00:17 AM [express] GET /api/me 401 in 0ms :: {"error":"Não autenticado"}
9:00:17 AM [express] GET /api/me 401 in 0ms :: {"error":"Não autenticado"}
9:00:47 AM [express] GET /api/me 401 in 0ms :: {"error":"Não autenticado"}
9:00:47 AM [express] GET /api/me 401 in 0ms :: {"error":"Não autenticado"}
9:01:17 AM [express] GET /api/me 401 in 0ms :: {"error":"Não autenticado"}
9:01:17 AM [express] GET /api/me 401 in 0ms :: {"error":"Não autenticado"}
9:01:47 AM [express] GET /api/me 401 in 0ms :: {"error":"Não autenticado"}
9:01:47 AM [express] GET /api/me 401 in 0ms :: {"error":"Não autenticado"}
9:02:18 AM [express] GET /api/me 401 in 0ms :: {"error":"Não autenticado"}
9:02:18 AM [express] GET /api/me 401 in 0ms :: {"error":"Não autenticado"}
9:02:48 AM [express] GET /api/me 401 in 0ms :: {"error":"Não autenticado"}
9:02:48 AM [express] GET /api/me 401 in 0ms :: {"error":"Não autenticado"}
9:03:18 AM [express] GET /api/me 401 in 1ms :: {"error":"Não autenticado"}
9:03:18 AM [express] GET /api/me 401 in 0ms :: {"error":"Não autenticado"}
9:03:48 AM [express] GET /api/me 401 in 0ms :: {"error":"Não autenticado"}
9:03:48 AM [express] GET /api/me 401 in 0ms :: {"error":"Não autenticado"}
9:04:18 AM [express] GET /api/me 401 in 1ms :: {"error":"Não autenticado"}
9:04:18 AM [express] GET /api/me 401 in 0ms :: {"error":"Não autenticado"}
9:04:48 AM [express] GET /api/me 401 in 0ms :: {"error":"Não autenticado"}
9:04:48 AM [express] GET /api/me 401 in 1ms :: {"error":"Não autenticado"}
9:05:19 AM [express] GET /api/me 401 in 1ms :: {"error":"Não autenticado"}
9:05:19 AM [express] GET /api/me 401 in 0ms :: {"error":"Não autenticado"}
9:05:49 AM [express] GET /api/me 401 in 0ms :: {"error":"Não autenticado"}
9:05:49 AM [express] GET /api/me 401 in 0ms :: {"error":"Não autenticado"}
9:06:19 AM [express] GET /api/me 401 in 0ms :: {"error":"Não autenticado"}
9:06:19 AM [express] GET /api/me 401 in 0ms :: {"error":"Não autenticado"}
9:06:49 AM [express] GET /api/me 401 in 1ms :: {"error":"Não autenticado"}
9:06:49 AM [express] GET /api/me 401 in 0ms :: {"error":"Não autenticado"}
9:07:19 AM [express] GET /api/me 401 in 0ms :: {"error":"Não autenticado"}
9:07:19 AM [express] GET /api/me 401 in 0ms :: {"error":"Não autenticado"}
9:07:49 AM [express] GET /api/me 401 in 0ms :: {"error":"Não autenticado"}
9:07:49 AM [express] GET /api/me 401 in 0ms :: {"error":"Não autenticado"}
9:08:20 AM [express] GET /api/me 401 in 0ms :: {"error":"Não autenticado"}
9:08:20 AM [express] GET /api/me 401 in 0ms :: {"error":"Não autenticado"}
9:08:50 AM [express] GET /api/me 401 in 1ms :: {"error":"Não autenticado"}
9:08:50 AM [express] GET /api/me 401 in 0ms :: {"error":"Não autenticado"}
9:09:20 AM [express] GET /api/me 401 in 0ms :: {"error":"Não autenticado"}
9:09:20 AM [express] GET /api/me 401 in 1ms :: {"error":"Não autenticado"}
9:09:50 AM [express] GET /api/me 401 in 1ms :: {"error":"Não autenticado"}
9:09:50 AM [express] GET /api/me 401 in 0ms :: {"error":"Não autenticado"}
9:10:20 AM [express] GET /api/me 401 in 0ms :: {"error":"Não autenticado"}
9:10:20 AM [express] GET /api/me 401 in 0ms :: {"error":"Não autenticado"}
9:10:50 AM [express] GET /api/me 401 in 1ms :: {"error":"Não autenticado"}
9:10:50 AM [express] GET /api/me 401 in 0ms :: {"error":"Não autenticado"}
9:11:20 AM [express] GET /api/me 401 in 0ms :: {"error":"Não autenticado"}
9:11:21 AM [express] GET /api/me 401 in 0ms :: {"error":"Não autenticado"}
9:11:50 AM [express] GET /api/me 401 in 0ms :: {"error":"Não autenticado"}
9:11:51 AM [express] GET /api/me 401 in 1ms :: {"error":"Não autenticado"}
9:12:21 AM [express] GET /api/me 401 in 0ms :: {"error":"Não autenticado"}
9:12:21 AM [express] GET /api/me 401 in 0ms :: {"error":"Não autenticado"}
9:12:51 AM [express] GET /api/me 401 in 0ms :: {"error":"Não autenticado"}
9:12:51 AM [express] GET /api/me 401 in 0ms :: {"error":"Não autenticado"}
9:13:21 AM [express] GET /api/me 401 in 0ms :: {"error":"Não autenticado"}
9:13:21 AM [express] GET /api/me 401 in 0ms :: {"error":"Não autenticado"}
9:13:51 AM [express] GET /api/me 401 in 1ms :: {"error":"Não autenticado"}
9:13:51 AM [express] GET /api/me 401 in 1ms :: {"error":"Não autenticado"}
9:14:21 AM [express] GET /api/me 401 in 1ms :: {"error":"Não autenticado"}
9:14:21 AM [express] GET /api/me 401 in 0ms :: {"error":"Não autenticado"}
9:14:51 AM [express] GET /api/me 401 in 0ms :: {"error":"Não autenticado"}
9:14:51 AM [express] GET /api/me 401 in 1ms :: {"error":"Não autenticado"}
9:15:22 AM [express] GET /api/me 401 in 0ms :: {"error":"Não autenticado"}
9:15:22 AM [express] GET /api/me 401 in 0ms :: {"error":"Não autenticado"}
9:15:52 AM [express] GET /api/me 401 in 0ms :: {"error":"Não autenticado"}
9:15:52 AM [express] GET /api/me 401 in 0ms :: {"error":"Não autenticado"}
9:16:22 AM [express] GET /api/me 401 in 0ms :: {"error":"Não autenticado"}
9:16:22 AM [express] GET /api/me 401 in 1ms :: {"error":"Não autenticado"}
9:16:52 AM [express] GET /api/me 401 in 1ms :: {"error":"Não autenticado"}
9:16:52 AM [express] GET /api/me 401 in 0ms :: {"error":"Não autenticado"}
9:17:22 AM [express] GET /api/me 401 in 0ms :: {"error":"Não autenticado"}
9:17:22 AM [express] GET /api/me 401 in 0ms :: {"error":"Não autenticado"}
9:17:52 AM [express] GET /api/me 401 in 1ms :: {"error":"Não autenticado"}
9:17:52 AM [express] GET /api/me 401 in 0ms :: {"error":"Não autenticado"}
9:18:23 AM [express] GET /api/me 401 in 0ms :: {"error":"Não autenticado"}
9:18:23 AM [express] GET /api/me 401 in 1ms :: {"error":"Não autenticado"}
9:18:53 AM [express] GET /api/me 401 in 1ms :: {"error":"Não autenticado"}
9:18:53 AM [express] GET /api/me 401 in 1ms :: {"error":"Não autenticado"}
9:19:23 AM [express] GET /api/me 401 in 0ms :: {"error":"Não autenticado"}
9:19:23 AM [express] GET /api/me 401 in 0ms :: {"error":"Não autenticado"}
9:19:53 AM [express] GET /api/me 401 in 0ms :: {"error":"Não autenticado"}
9:19:53 AM [express] GET /api/me 401 in 1ms :: {"error":"Não autenticado"}
9:20:23 AM [express] GET /api/me 401 in 0ms :: {"error":"Não autenticado"}
9:20:23 AM [express] GET /api/me 401 in 1ms :: {"error":"Não autenticado"}
9:20:53 AM [express] GET /api/me 401 in 1ms :: {"error":"Não autenticado"}
9:20:53 AM [express] GET /api/me 401 in 0ms :: {"error":"Não autenticado"}
9:21:24 AM [express] GET /api/me 401 in 0ms :: {"error":"Não autenticado"}
9:21:24 AM [express] GET /api/me 401 in 0ms :: {"error":"Não autenticado"}
9:21:54 AM [express] GET /api/me 401 in 0ms :: {"error":"Não autenticado"}
9:21:54 AM [express] GET /api/me 401 in 0ms :: {"error":"Não autenticado"}
9:22:24 AM [express] GET /api/me 401 in 0ms :: {"error":"Não autenticado"}
9:22:24 AM [express] GET /api/me 401 in 0ms :: {"error":"Não autenticado"}
9:22:54 AM [express] GET /api/me 401 in 0ms :: {"error":"Não autenticado"}
9:22:54 AM [express] GET /api/me 401 in 0ms :: {"error":"Não autenticado"}
9:23:24 AM [express] GET /api/me 401 in 1ms :: {"error":"Não autenticado"}
9:23:24 AM [express] GET /api/me 401 in 1ms :: {"error":"Não autenticado"}
9:23:54 AM [express] GET /api/me 401 in 1ms :: {"error":"Não autenticado"}
9:23:54 AM [express] GET /api/me 401 in 0ms :: {"error":"Não autenticado"}
9:24:24 AM [express] GET /api/me 401 in 0ms :: {"error":"Não autenticado"}
9:24:24 AM [express] GET /api/me 401 in 1ms :: {"error":"Não autenticado"}
9:24:54 AM [express] GET /api/me 401 in 1ms :: {"error":"Não autenticado"}
9:24:54 AM [express] GET /api/me 401 in 1ms :: {"error":"Não autenticado"}
9:25:25 AM [express] GET /api/me 401 in 0ms :: {"error":"Não autenticado"}
9:25:25 AM [express] GET /api/me 401 in 0ms :: {"error":"Não autenticado"}
9:25:55 AM [express] GET /api/me 401 in 0ms :: {"error":"Não autenticado"}
9:25:55 AM [express] GET /api/me 401 in 0ms :: {"error":"Não autenticado"}
9:26:25 AM [express] GET /api/me 401 in 1ms :: {"error":"Não autenticado"}
9:26:25 AM [express] GET /api/me 401 in 0ms :: {"error":"Não autenticado"}
9:26:55 AM [express] GET /api/me 401 in 1ms :: {"error":"Não autenticado"}
9:26:55 AM [express] GET /api/me 401 in 0ms :: {"error":"Não autenticado"}
9:27:25 AM [express] GET /api/me 401 in 0ms :: {"error":"Não autenticado"}
9:27:25 AM [express] GET /api/me 401 in 1ms :: {"error":"Não autenticado"}
9:27:55 AM [express] GET /api/me 401 in 1ms :: {"error":"Não autenticado"}
9:27:55 AM [express] GET /api/me 401 in 0ms :: {"error":"Não autenticado"}
9:28:26 AM [express] GET /api/me 401 in 0ms :: {"error":"Não autenticado"}
9:28:26 AM [express] GET /api/me 401 in 0ms :: {"error":"Não autenticado"}
9:28:56 AM [express] GET /api/me 401 in 1ms :: {"error":"Não autenticado"}
9:28:56 AM [express] GET /api/me 401 in 0ms :: {"error":"Não autenticado"}
9:29:26 AM [express] GET /api/me 401 in 0ms :: {"error":"Não autenticado"}
9:29:26 AM [express] GET /api/me 401 in 0ms :: {"error":"Não autenticado"}
9:29:56 AM [express] GET /api/me 401 in 0ms :: {"error":"Não autenticado"}
9:29:56 AM [express] GET /api/me 401 in 0ms :: {"error":"Não autenticado"}
9:30:26 AM [express] GET /api/me 401 in 0ms :: {"error":"Não autenticado"}
9:30:26 AM [express] GET /api/me 401 in 0ms :: {"error":"Não autenticado"}
9:30:56 AM [express] GET /api/me 401 in 0ms :: {"error":"Não autenticado"}
9:30:56 AM [express] GET /api/me 401 in 0ms :: {"error":"Não autenticado"}
9:31:27 AM [express] GET /api/me 401 in 1ms :: {"error":"Não autenticado"}
9:31:27 AM [express] GET /api/me 401 in 1ms :: {"error":"Não autenticado"}
9:31:57 AM [express] GET /api/me 401 in 0ms :: {"error":"Não autenticado"}
9:31:57 AM [express] GET /api/me 401 in 1ms :: {"error":"Não autenticado"}
9:32:27 AM [express] GET /api/me 401 in 0ms :: {"error":"Não autenticado"}
9:32:27 AM [express] GET /api/me 401 in 0ms :: {"error":"Não autenticado"}
9:32:57 AM [express] GET /api/me 401 in 1ms :: {"error":"Não autenticado"}
9:32:57 AM [express] GET /api/me 401 in 1ms :: {"error":"Não autenticado"}
9:33:27 AM [express] GET /api/me 401 in 0ms :: {"error":"Não autenticado"}
9:33:27 AM [express] GET /api/me 401 in 0ms :: {"error":"Não autenticado"}
9:33:57 AM [express] GET /api/me 401 in 0ms :: {"error":"Não autenticado"}
9:33:57 AM [express] GET /api/me 401 in 0ms :: {"error":"Não autenticado"}
9:34:28 AM [express] GET /api/me 401 in 0ms :: {"error":"Não autenticado"}
9:34:28 AM [express] GET /api/me 401 in 0ms :: {"error":"Não autenticado"}
9:34:58 AM [express] GET /api/me 401 in 0ms :: {"error":"Não autenticado"}
9:34:58 AM [express] GET /api/me 401 in 0ms :: {"error":"Não autenticado"}
9:35:28 AM [express] GET /api/me 401 in 1ms :: {"error":"Não autenticado"}
9:35:28 AM [express] GET /api/me 401 in 1ms :: {"error":"Não autenticado"}
9:35:58 AM [express] GET /api/me 401 in 1ms :: {"error":"Não autenticado"}
9:35:58 AM [express] GET /api/me 401 in 0ms :: {"error":"Não autenticado"}
9:36:28 AM [express] GET /api/me 401 in 0ms :: {"error":"Não autenticado"}
9:36:28 AM [express] GET /api/me 401 in 0ms :: {"error":"Não autenticado"}
9:36:58 AM [express] GET /api/me 401 in 1ms :: {"error":"Não autenticado"}
9:36:58 AM [express] GET /api/me 401 in 0ms :: {"error":"Não autenticado"}
9:37:28 AM [express] GET /api/me 401 in 0ms :: {"error":"Não autenticado"}
9:37:28 AM [express] GET /api/me 401 in 0ms :: {"error":"Não autenticado"}
9:37:58 AM [express] GET /api/me 401 in 0ms :: {"error":"Não autenticado"}
9:37:58 AM [express] GET /api/me 401 in 0ms :: {"error":"Não autenticado"}
9:38:29 AM [express] GET /api/me 401 in 1ms :: {"error":"Não autenticado"}
9:38:29 AM [express] GET /api/me 401 in 0ms :: {"error":"Não autenticado"}
9:38:59 AM [express] GET /api/me 401 in 1ms :: {"error":"Não autenticado"}
9:38:59 AM [express] GET /api/me 401 in 1ms :: {"error":"Não autenticado"}
9:39:29 AM [express] GET /api/me 401 in 1ms :: {"error":"Não autenticado"}
9:39:29 AM [express] GET /api/me 401 in 1ms :: {"error":"Não autenticado"}
9:39:59 AM [express] GET /api/me 401 in 0ms :: {"error":"Não autenticado"}
9:39:59 AM [express] GET /api/me 401 in 0ms :: {"error":"Não autenticado"}
9:40:29 AM [express] GET /api/me 401 in 0ms :: {"error":"Não autenticado"}
9:40:29 AM [express] GET /api/me 401 in 0ms :: {"error":"Não autenticado"}
9:40:59 AM [express] GET /api/me 401 in 0ms :: {"error":"Não autenticado"}
9:40:59 AM [express] GET /api/me 401 in 1ms :: {"error":"Não autenticado"}
9:41:30 AM [express] GET /api/me 401 in 1ms :: {"error":"Não autenticado"}
9:41:30 AM [express] GET /api/me 401 in 0ms :: {"error":"Não autenticado"}
9:42:00 AM [express] GET /api/me 401 in 1ms :: {"error":"Não autenticado"}
9:42:00 AM [express] GET /api/me 401 in 1ms :: {"error":"Não autenticado"}
9:42:30 AM [express] GET /api/me 401 in 0ms :: {"error":"Não autenticado"}
9:42:30 AM [express] GET /api/me 401 in 0ms :: {"error":"Não autenticado"}
9:43:00 AM [express] GET /api/me 401 in 0ms :: {"error":"Não autenticado"}
9:43:00 AM [express] GET /api/me 401 in 0ms :: {"error":"Não autenticado"}
9:43:30 AM [express] GET /api/me 401 in 0ms :: {"error":"Não autenticado"}
9:43:30 AM [express] GET /api/me 401 in 0ms :: {"error":"Não autenticado"}
9:44:00 AM [express] GET /api/me 401 in 0ms :: {"error":"Não autenticado"}
9:44:00 AM [express] GET /api/me 401 in 0ms :: {"error":"Não autenticado"}
9:44:31 AM [express] GET /api/me 401 in 0ms :: {"error":"Não autenticado"}
9:44:31 AM [express] GET /api/me 401 in 0ms :: {"error":"Não autenticado"}
9:45:01 AM [express] GET /api/me 401 in 1ms :: {"error":"Não autenticado"}
9:45:01 AM [express] GET /api/me 401 in 0ms :: {"error":"Não autenticado"}
9:45:31 AM [express] GET /api/me 401 in 1ms :: {"error":"Não autenticado"}
9:45:31 AM [express] GET /api/me 401 in 0ms :: {"error":"Não autenticado"}
9:46:01 AM [express] GET /api/me 401 in 1ms :: {"error":"Não autenticado"}
9:46:01 AM [express] GET /api/me 401 in 0ms :: {"error":"Não autenticado"}
9:46:31 AM [express] GET /api/me 401 in 0ms :: {"error":"Não autenticado"}
9:46:31 AM [express] GET /api/me 401 in 1ms :: {"error":"Não autenticado"}
9:47:01 AM [express] GET /api/me 401 in 0ms :: {"error":"Não autenticado"}
9:47:01 AM [express] GET /api/me 401 in 0ms :: {"error":"Não autenticado"}
9:47:32 AM [express] GET /api/me 401 in 1ms :: {"error":"Não autenticado"}
9:47:32 AM [express] GET /api/me 401 in 1ms :: {"error":"Não autenticado"}
9:48:02 AM [express] GET /api/me 401 in 1ms :: {"error":"Não autenticado"}
9:48:02 AM [express] GET /api/me 401 in 0ms :: {"error":"Não autenticado"}
9:48:32 AM [express] GET /api/me 401 in 0ms :: {"error":"Não autenticado"}
9:48:32 AM [express] GET /api/me 401 in 0ms :: {"error":"Não autenticado"}
9:49:02 AM [express] GET /api/me 401 in 1ms :: {"error":"Não autenticado"}
9:49:02 AM [express] GET /api/me 401 in 1ms :: {"error":"Não autenticado"}
9:49:32 AM [express] GET /api/me 401 in 1ms :: {"error":"Não autenticado"}
9:49:32 AM [express] GET /api/me 401 in 1ms :: {"error":"Não autenticado"}
9:50:02 AM [express] GET /api/me 401 in 1ms :: {"error":"Não autenticado"}
9:50:02 AM [express] GET /api/me 401 in 0ms :: {"error":"Não autenticado"}
9:50:32 AM [express] GET /api/me 401 in 0ms :: {"error":"Não autenticado"}
9:50:32 AM [express] GET /api/me 401 in 0ms :: {"error":"Não autenticado"}
9:51:02 AM [express] GET /api/me 401 in 1ms :: {"error":"Não autenticado"}
9:51:02 AM [express] GET /api/me 401 in 0ms :: {"error":"Não autenticado"}
9:51:33 AM [express] GET /api/me 401 in 0ms :: {"error":"Não autenticado"}
9:51:33 AM [express] GET /api/me 401 in 0ms :: {"error":"Não autenticado"}
9:52:03 AM [express] GET /api/me 401 in 1ms :: {"error":"Não autenticado"}
9:52:03 AM [express] GET /api/me 401 in 0ms :: {"error":"Não autenticado"}
9:52:33 AM [express] GET /api/me 401 in 0ms :: {"error":"Não autenticado"}
9:52:33 AM [express] GET /api/me 401 in 0ms :: {"error":"Não autenticado"}
9:53:03 AM [express] GET /api/me 401 in 0ms :: {"error":"Não autenticado"}
9:53:03 AM [express] GET /api/me 401 in 0ms :: {"error":"Não autenticado"}
9:53:33 AM [express] GET /api/me 401 in 0ms :: {"error":"Não autenticado"}
9:53:33 AM [express] GET /api/me 401 in 0ms :: {"error":"Não autenticado"}
9:54:03 AM [express] GET /api/me 401 in 0ms :: {"error":"Não autenticado"}
9:54:03 AM [express] GET /api/me 401 in 1ms :: {"error":"Não autenticado"}
9:54:34 AM [express] GET /api/me 401 in 1ms :: {"error":"Não autenticado"}
9:54:34 AM [express] GET /api/me 401 in 0ms :: {"error":"Não autenticado"}
9:55:04 AM [express] GET /api/me 401 in 0ms :: {"error":"Não autenticado"}
9:55:04 AM [express] GET /api/me 401 in 0ms :: {"error":"Não autenticado"}
9:55:34 AM [express] GET /api/me 401 in 0ms :: {"error":"Não autenticado"}
9:55:34 AM [express] GET /api/me 401 in 0ms :: {"error":"Não autenticado"}
9:56:04 AM [express] GET /api/me 401 in 0ms :: {"error":"Não autenticado"}
9:56:04 AM [express] GET /api/me 401 in 0ms :: {"error":"Não autenticado"}
9:56:34 AM [express] GET /api/me 401 in 1ms :: {"error":"Não autenticado"}
9:56:34 AM [express] GET /api/me 401 in 0ms :: {"error":"Não autenticado"}
9:57:04 AM [express] GET /api/me 401 in 1ms :: {"error":"Não autenticado"}
9:57:04 AM [express] GET /api/me 401 in 0ms :: {"error":"Não autenticado"}
9:57:35 AM [express] GET /api/me 401 in 0ms :: {"error":"Não autenticado"}
9:57:35 AM [express] GET /api/me 401 in 0ms :: {"error":"Não autenticado"}
9:58:05 AM [express] GET /api/me 401 in 1ms :: {"error":"Não autenticado"}
9:58:05 AM [express] GET /api/me 401 in 0ms :: {"error":"Não autenticado"}
9:58:35 AM [express] GET /api/me 401 in 0ms :: {"error":"Não autenticado"}
9:58:35 AM [express] GET /api/me 401 in 0ms :: {"error":"Não autenticado"}
9:59:05 AM [express] GET /api/me 401 in 0ms :: {"error":"Não autenticado"}
9:59:05 AM [express] GET /api/me 401 in 0ms :: {"error":"Não autenticado"}
9:59:35 AM [express] GET /api/me 401 in 0ms :: {"error":"Não autenticado"}
9:59:35 AM [express] GET /api/me 401 in 1ms :: {"error":"Não autenticado"}
10:00:05 AM [express] GET /api/me 401 in 1ms :: {"error":"Não autenticado"}
10:00:05 AM [express] GET /api/me 401 in 0ms :: {"error":"Não autenticado"}
10:00:36 AM [express] GET /api/me 401 in 1ms :: {"error":"Não autenticado"}
10:00:36 AM [express] GET /api/me 401 in 1ms :: {"error":"Não autenticado"}
10:01:06 AM [express] GET /api/me 401 in 1ms :: {"error":"Não autenticado"}
10:01:06 AM [express] GET /api/me 401 in 0ms :: {"error":"Não autenticado"}
10:01:36 AM [express] GET /api/me 401 in 1ms :: {"error":"Não autenticado"}
10:01:36 AM [express] GET /api/me 401 in 0ms :: {"error":"Não autenticado"}
10:02:06 AM [express] GET /api/me 401 in 0ms :: {"error":"Não autenticado"}
10:02:06 AM [express] GET /api/me 401 in 0ms :: {"error":"Não autenticado"}
10:02:36 AM [express] GET /api/me 401 in 0ms :: {"error":"Não autenticado"}
10:02:36 AM [express] GET /api/me 401 in 0ms :: {"error":"Não autenticado"}
10:03:06 AM [express] GET /api/me 401 in 1ms :: {"error":"Não autenticado"}
10:03:06 AM [express] GET /api/me 401 in 0ms :: {"error":"Não autenticado"}
10:03:36 AM [express] GET /api/me 401 in 0ms :: {"error":"Não autenticado"}
10:03:36 AM [express] GET /api/me 401 in 0ms :: {"error":"Não autenticado"}
10:04:06 AM [express] GET /api/me 401 in 0ms :: {"error":"Não autenticado"}
10:04:06 AM [express] GET /api/me 401 in 0ms :: {"error":"Não autenticado"}
10:04:37 AM [express] GET /api/me 401 in 1ms :: {"error":"Não autenticado"}
10:04:37 AM [express] GET /api/me 401 in 0ms :: {"error":"Não autenticado"}
10:05:07 AM [express] GET /api/me 401 in 0ms :: {"error":"Não autenticado"}
10:05:07 AM [express] GET /api/me 401 in 1ms :: {"error":"Não autenticado"}
10:05:37 AM [express] GET /api/me 401 in 1ms :: {"error":"Não autenticado"}
10:05:37 AM [express] GET /api/me 401 in 1ms :: {"error":"Não autenticado"}
10:06:07 AM [express] GET /api/me 401 in 1ms :: {"error":"Não autenticado"}
10:06:07 AM [express] GET /api/me 401 in 0ms :: {"error":"Não autenticado"}
10:06:37 AM [express] GET /api/me 401 in 0ms :: {"error":"Não autenticado"}
10:06:37 AM [express] GET /api/me 401 in 0ms :: {"error":"Não autenticado"}
10:07:07 AM [express] GET /api/me 401 in 0ms :: {"error":"Não autenticado"}
10:07:07 AM [express] GET /api/me 401 in 0ms :: {"error":"Não autenticado"}
10:07:38 AM [express] GET /api/me 401 in 1ms :: {"error":"Não autenticado"}
10:07:38 AM [express] GET /api/me 401 in 0ms :: {"error":"Não autenticado"}
10:08:08 AM [express] GET /api/me 401 in 0ms :: {"error":"Não autenticado"}
10:08:08 AM [express] GET /api/me 401 in 0ms :: {"error":"Não autenticado"}
10:08:38 AM [express] GET /api/me 401 in 0ms :: {"error":"Não autenticado"}
10:08:38 AM [express] GET /api/me 401 in 0ms :: {"error":"Não autenticado"}
10:09:08 AM [express] GET /api/me 401 in 1ms :: {"error":"Não autenticado"}
10:09:08 AM [express] GET /api/me 401 in 0ms :: {"error":"Não autenticado"}
10:09:38 AM [express] GET /api/me 401 in 0ms :: {"error":"Não autenticado"}
10:09:38 AM [express] GET /api/me 401 in 0ms :: {"error":"Não autenticado"}
10:10:08 AM [express] GET /api/me 401 in 1ms :: {"error":"Não autenticado"}
10:10:08 AM [express] GET /api/me 401 in 0ms :: {"error":"Não autenticado"}
10:10:39 AM [express] GET /api/me 401 in 1ms :: {"error":"Não autenticado"}
10:10:39 AM [express] GET /api/me 401 in 1ms :: {"error":"Não autenticado"}
10:11:09 AM [express] GET /api/me 401 in 0ms :: {"error":"Não autenticado"}
10:11:09 AM [express] GET /api/me 401 in 0ms :: {"error":"Não autenticado"}
10:11:39 AM [express] GET /api/me 401 in 0ms :: {"error":"Não autenticado"}
10:11:39 AM [express] GET /api/me 401 in 0ms :: {"error":"Não autenticado"}
10:12:09 AM [express] GET /api/me 401 in 0ms :: {"error":"Não autenticado"}
10:12:09 AM [express] GET /api/me 401 in 1ms :: {"error":"Não autenticado"}
10:12:39 AM [express] GET /api/me 401 in 1ms :: {"error":"Não autenticado"}
10:12:39 AM [express] GET /api/me 401 in 1ms :: {"error":"Não autenticado"}
10:13:09 AM [express] GET /api/me 401 in 1ms :: {"error":"Não autenticado"}
10:13:09 AM [express] GET /api/me 401 in 0ms :: {"error":"Não autenticado"}
10:13:40 AM [express] GET /api/me 401 in 0ms :: {"error":"Não autenticado"}
10:13:40 AM [express] GET /api/me 401 in 0ms :: {"error":"Não autenticado"}
10:14:10 AM [express] GET /api/me 401 in 0ms :: {"error":"Não autenticado"}
10:14:10 AM [express] GET /api/me 401 in 0ms :: {"error":"Não autenticado"}
10:14:40 AM [express] GET /api/me 401 in 1ms :: {"error":"Não autenticado"}
10:14:40 AM [express] GET /api/me 401 in 0ms :: {"error":"Não autenticado"}
10:15:10 AM [express] GET /api/me 401 in 0ms :: {"error":"Não autenticado"}
10:15:10 AM [express] GET /api/me 401 in 1ms :: {"error":"Não autenticado"}
10:15:40 AM [express] GET /api/me 401 in 0ms :: {"error":"Não autenticado"}
10:15:40 AM [express] GET /api/me 401 in 0ms :: {"error":"Não autenticado"}
10:16:10 AM [express] GET /api/me 401 in 0ms :: {"error":"Não autenticado"}
10:16:10 AM [express] GET /api/me 401 in 0ms :: {"error":"Não autenticado"}
10:16:40 AM [express] GET /api/me 401 in 0ms :: {"error":"Não autenticado"}
10:16:40 AM [express] GET /api/me 401 in 0ms :: {"error":"Não autenticado"}
10:17:10 AM [express] GET /api/me 401 in 1ms :: {"error":"Não autenticado"}
10:17:10 AM [express] GET /api/me 401 in 0ms :: {"error":"Não autenticado"}
10:17:41 AM [express] GET /api/me 401 in 1ms :: {"error":"Não autenticado"}
10:17:41 AM [express] GET /api/me 401 in 0ms :: {"error":"Não autenticado"}
10:18:11 AM [express] GET /api/me 401 in 0ms :: {"error":"Não autenticado"}
10:18:11 AM [express] GET /api/me 401 in 0ms :: {"error":"Não autenticado"}
10:18:41 AM [express] GET /api/me 401 in 0ms :: {"error":"Não autenticado"}
10:18:41 AM [express] GET /api/me 401 in 0ms :: {"error":"Não autenticado"}
10:19:11 AM [express] GET /api/me 401 in 0ms :: {"error":"Não autenticado"}
10:19:11 AM [express] GET /api/me 401 in 0ms :: {"error":"Não autenticado"}
10:19:41 AM [express] GET /api/me 401 in 0ms :: {"error":"Não autenticado"}
10:19:41 AM [express] GET /api/me 401 in 0ms :: {"error":"Não autenticado"}
10:20:11 AM [express] GET /api/me 401 in 1ms :: {"error":"Não autenticado"}
10:20:11 AM [express] GET /api/me 401 in 0ms :: {"error":"Não autenticado"}
10:20:42 AM [express] GET /api/me 401 in 1ms :: {"error":"Não autenticado"}
10:20:42 AM [express] GET /api/me 401 in 0ms :: {"error":"Não autenticado"}
10:21:12 AM [express] GET /api/me 401 in 1ms :: {"error":"Não autenticado"}
10:21:12 AM [express] GET /api/me 401 in 0ms :: {"error":"Não autenticado"}
10:21:42 AM [express] GET /api/me 401 in 1ms :: {"error":"Não autenticado"}
10:21:42 AM [express] GET /api/me 401 in 0ms :: {"error":"Não autenticado"}
10:22:12 AM [express] GET /api/me 401 in 0ms :: {"error":"Não autenticado"}
10:22:12 AM [express] GET /api/me 401 in 0ms :: {"error":"Não autenticado"}
10:22:42 AM [express] GET /api/me 401 in 1ms :: {"error":"Não autenticado"}
10:22:42 AM [express] GET /api/me 401 in 0ms :: {"error":"Não autenticado"}
10:23:12 AM [express] GET /api/me 401 in 0ms :: {"error":"Não autenticado"}
10:23:12 AM [express] GET /api/me 401 in 0ms :: {"error":"Não autenticado"}
10:23:43 AM [express] GET /api/me 401 in 0ms :: {"error":"Não autenticado"}
10:23:43 AM [express] GET /api/me 401 in 0ms :: {"error":"Não autenticado"}
10:24:13 AM [express] GET /api/me 401 in 1ms :: {"error":"Não autenticado"}
10:24:13 AM [express] GET /api/me 401 in 0ms :: {"error":"Não autenticado"}
10:24:43 AM [express] GET /api/me 401 in 0ms :: {"error":"Não autenticado"}
10:24:43 AM [express] GET /api/me 401 in 1ms :: {"error":"Não autenticado"}
10:25:13 AM [express] GET /api/me 401 in 1ms :: {"error":"Não autenticado"}
10:25:13 AM [express] GET /api/me 401 in 1ms :: {"error":"Não autenticado"}
10:25:43 AM [express] GET /api/me 401 in 0ms :: {"error":"Não autenticado"}
10:25:43 AM [express] GET /api/me 401 in 0ms :: {"error":"Não autenticado"}
10:26:13 AM [express] GET /api/me 401 in 0ms :: {"error":"Não autenticado"}
10:26:13 AM [express] GET /api/me 401 in 0ms :: {"error":"Não autenticado"}
10:26:44 AM [express] GET /api/me 401 in 1ms :: {"error":"Não autenticado"}
10:26:44 AM [express] GET /api/me 401 in 1ms :: {"error":"Não autenticado"}
10:27:14 AM [express] GET /api/me 401 in 1ms :: {"error":"Não autenticado"}
10:27:14 AM [express] GET /api/me 401 in 1ms :: {"error":"Não autenticado"}
10:27:44 AM [express] GET /api/me 401 in 1ms :: {"error":"Não autenticado"}
10:27:44 AM [express] GET /api/me 401 in 0ms :: {"error":"Não autenticado"}
10:28:14 AM [express] GET /api/me 401 in 1ms :: {"error":"Não autenticado"}
10:28:14 AM [express] GET /api/me 401 in 0ms :: {"error":"Não autenticado"}
10:28:44 AM [express] GET /api/me 401 in 0ms :: {"error":"Não autenticado"}
10:28:44 AM [express] GET /api/me 401 in 1ms :: {"error":"Não autenticado"}
10:29:14 AM [express] GET /api/me 401 in 1ms :: {"error":"Não autenticado"}
10:29:14 AM [express] GET /api/me 401 in 1ms :: {"error":"Não autenticado"}
10:29:44 AM [express] GET /api/me 401 in 0ms :: {"error":"Não autenticado"}
10:29:44 AM [express] GET /api/me 401 in 0ms :: {"error":"Não autenticado"}
10:30:14 AM [express] GET /api/me 401 in 0ms :: {"error":"Não autenticado"}
10:30:14 AM [express] GET /api/me 401 in 0ms :: {"error":"Não autenticado"}
10:30:45 AM [express] GET /api/me 401 in 1ms :: {"error":"Não autenticado"}
10:30:45 AM [express] GET /api/me 401 in 0ms :: {"error":"Não autenticado"}
10:31:15 AM [express] GET /api/me 401 in 1ms :: {"error":"Não autenticado"}
10:31:15 AM [express] GET /api/me 401 in 0ms :: {"error":"Não autenticado"}
10:31:45 AM [express] GET /api/me 401 in 0ms :: {"error":"Não autenticado"}
10:31:45 AM [express] GET /api/me 401 in 0ms :: {"error":"Não autenticado"}
10:32:15 AM [express] GET /api/me 401 in 1ms :: {"error":"Não autenticado"}
10:32:15 AM [express] GET /api/me 401 in 1ms :: {"error":"Não autenticado"}
10:32:45 AM [express] GET /api/me 401 in 0ms :: {"error":"Não autenticado"}
10:32:45 AM [express] GET /api/me 401 in 0ms :: {"error":"Não autenticado"}
10:33:15 AM [express] GET /api/me 401 in 1ms :: {"error":"Não autenticado"}
10:33:15 AM [express] GET /api/me 401 in 0ms :: {"error":"Não autenticado"}
10:33:46 AM [express] GET /api/me 401 in 0ms :: {"error":"Não autenticado"}
10:33:46 AM [express] GET /api/me 401 in 0ms :: {"error":"Não autenticado"}
10:34:16 AM [express] GET /api/me 401 in 0ms :: {"error":"Não autenticado"}
10:34:16 AM [express] GET /api/me 401 in 0ms :: {"error":"Não autenticado"}
10:34:46 AM [express] GET /api/me 401 in 0ms :: {"error":"Não autenticado"}
10:34:46 AM [express] GET /api/me 401 in 0ms :: {"error":"Não autenticado"}
10:35:16 AM [express] GET /api/me 401 in 1ms :: {"error":"Não autenticado"}
10:35:16 AM [express] GET /api/me 401 in 1ms :: {"error":"Não autenticado"}
10:35:46 AM [express] GET /api/me 401 in 1ms :: {"error":"Não autenticado"}
10:35:46 AM [express] GET /api/me 401 in 0ms :: {"error":"Não autenticado"}
10:36:16 AM [express] GET /api/me 401 in 0ms :: {"error":"Não autenticado"}
10:36:16 AM [express] GET /api/me 401 in 0ms :: {"error":"Não autenticado"}
10:36:47 AM [express] GET /api/me 401 in 1ms :: {"error":"Não autenticado"}
10:36:47 AM [express] GET /api/me 401 in 1ms :: {"error":"Não autenticado"}
10:37:17 AM [express] GET /api/me 401 in 1ms :: {"error":"Não autenticado"}
10:37:17 AM [express] GET /api/me 401 in 0ms :: {"error":"Não autenticado"}
10:37:47 AM [express] GET /api/me 401 in 0ms :: {"error":"Não autenticado"}
10:37:47 AM [express] GET /api/me 401 in 0ms :: {"error":"Não autenticado"}
10:38:17 AM [express] GET /api/me 401 in 0ms :: {"error":"Não autenticado"}
10:38:17 AM [express] GET /api/me 401 in 1ms :: {"error":"Não autenticado"}
10:38:47 AM [express] GET /api/me 401 in 0ms :: {"error":"Não autenticado"}
10:38:47 AM [express] GET /api/me 401 in 0ms :: {"error":"Não autenticado"}
10:39:17 AM [express] GET /api/me 401 in 1ms :: {"error":"Não autenticado"}
10:39:17 AM [express] GET /api/me 401 in 1ms :: {"error":"Não autenticado"}
10:39:48 AM [express] GET /api/me 401 in 1ms :: {"error":"Não autenticado"}
10:39:48 AM [express] GET /api/me 401 in 0ms :: {"error":"Não autenticado"}
10:40:18 AM [express] GET /api/me 401 in 1ms :: {"error":"Não autenticado"}
10:40:18 AM [express] GET /api/me 401 in 0ms :: {"error":"Não autenticado"}
10:40:48 AM [express] GET /api/me 401 in 0ms :: {"error":"Não autenticado"}
10:40:48 AM [express] GET /api/me 401 in 0ms :: {"error":"Não autenticado"}
10:41:18 AM [express] GET /api/me 401 in 0ms :: {"error":"Não autenticado"}
10:41:18 AM [express] GET /api/me 401 in 0ms :: {"error":"Não autenticado"}
10:41:48 AM [express] GET /api/me 401 in 0ms :: {"error":"Não autenticado"}
10:41:48 AM [express] GET /api/me 401 in 0ms :: {"error":"Não autenticado"}
10:42:18 AM [express] GET /api/me 401 in 0ms :: {"error":"Não autenticado"}
10:42:18 AM [express] GET /api/me 401 in 0ms :: {"error":"Não autenticado"}
10:42:48 AM [express] GET /api/me 401 in 0ms :: {"error":"Não autenticado"}
10:42:48 AM [express] GET /api/me 401 in 0ms :: {"error":"Não autenticado"}
10:43:18 AM [express] GET /api/me 401 in 0ms :: {"error":"Não autenticado"}
10:43:18 AM [express] GET /api/me 401 in 0ms :: {"error":"Não autenticado"}
10:43:49 AM [express] GET /api/me 401 in 0ms :: {"error":"Não autenticado"}
10:43:49 AM [express] GET /api/me 401 in 0ms :: {"error":"Não autenticado"}
10:44:19 AM [express] GET /api/me 401 in 0ms :: {"error":"Não autenticado"}
10:44:19 AM [express] GET /api/me 401 in 0ms :: {"error":"Não autenticado"}
10:44:49 AM [express] GET /api/me 401 in 1ms :: {"error":"Não autenticado"}
10:44:49 AM [express] GET /api/me 401 in 0ms :: {"error":"Não autenticado"}
10:45:19 AM [express] GET /api/me 401 in 0ms :: {"error":"Não autenticado"}
10:45:19 AM [express] GET /api/me 401 in 0ms :: {"error":"Não autenticado"}
10:45:49 AM [express] GET /api/me 401 in 1ms :: {"error":"Não autenticado"}
10:45:49 AM [express] GET /api/me 401 in 1ms :: {"error":"Não autenticado"}
10:46:19 AM [express] GET /api/me 401 in 0ms :: {"error":"Não autenticado"}
10:46:19 AM [express] GET /api/me 401 in 0ms :: {"error":"Não autenticado"}
10:46:50 AM [express] GET /api/me 401 in 0ms :: {"error":"Não autenticado"}
10:46:50 AM [express] GET /api/me 401 in 0ms :: {"error":"Não autenticado"}
10:47:20 AM [express] GET /api/me 401 in 0ms :: {"error":"Não autenticado"}
10:47:20 AM [express] GET /api/me 401 in 0ms :: {"error":"Não autenticado"}
10:47:50 AM [express] GET /api/me 401 in 0ms :: {"error":"Não autenticado"}
10:47:50 AM [express] GET /api/me 401 in 0ms :: {"error":"Não autenticado"}
10:48:20 AM [express] GET /api/me 401 in 1ms :: {"error":"Não autenticado"}
10:48:20 AM [express] GET /api/me 401 in 0ms :: {"error":"Não autenticado"}
10:48:50 AM [express] GET /api/me 401 in 1ms :: {"error":"Não autenticado"}
10:48:50 AM [express] GET /api/me 401 in 0ms :: {"error":"Não autenticado"}
10:49:20 AM [express] GET /api/me 401 in 0ms :: {"error":"Não autenticado"}
10:49:20 AM [express] GET /api/me 401 in 0ms :: {"error":"Não autenticado"}
10:49:51 AM [express] GET /api/me 401 in 0ms :: {"error":"Não autenticado"}
10:49:51 AM [express] GET /api/me 401 in 0ms :: {"error":"Não autenticado"}
10:50:21 AM [express] GET /api/me 401 in 1ms :: {"error":"Não autenticado"}
10:50:21 AM [express] GET /api/me 401 in 0ms :: {"error":"Não autenticado"}
10:50:51 AM [express] GET /api/me 401 in 0ms :: {"error":"Não autenticado"}
10:50:51 AM [express] GET /api/me 401 in 0ms :: {"error":"Não autenticado"}
10:51:21 AM [express] GET /api/me 401 in 0ms :: {"error":"Não autenticado"}
10:51:21 AM [express] GET /api/me 401 in 1ms :: {"error":"Não autenticado"}
10:51:51 AM [express] GET /api/me 401 in 0ms :: {"error":"Não autenticado"}
10:51:51 AM [express] GET /api/me 401 in 0ms :: {"error":"Não autenticado"}
10:52:21 AM [express] GET /api/me 401 in 1ms :: {"error":"Não autenticado"}
10:52:21 AM [express] GET /api/me 401 in 0ms :: {"error":"Não autenticado"}
10:52:52 AM [express] GET /api/me 401 in 1ms :: {"error":"Não autenticado"}
10:52:52 AM [express] GET /api/me 401 in 1ms :: {"error":"Não autenticado"}
10:53:22 AM [express] GET /api/me 401 in 0ms :: {"error":"Não autenticado"}
10:53:22 AM [express] GET /api/me 401 in 0ms :: {"error":"Não autenticado"}
10:53:52 AM [express] GET /api/me 401 in 0ms :: {"error":"Não autenticado"}
10:53:52 AM [express] GET /api/me 401 in 0ms :: {"error":"Não autenticado"}
10:54:22 AM [express] GET /api/me 401 in 0ms :: {"error":"Não autenticado"}
10:54:22 AM [express] GET /api/me 401 in 0ms :: {"error":"Não autenticado"}
10:54:52 AM [express] GET /api/me 401 in 0ms :: {"error":"Não autenticado"}
10:54:52 AM [express] GET /api/me 401 in 0ms :: {"error":"Não autenticado"}
10:55:22 AM [express] GET /api/me 401 in 1ms :: {"error":"Não autenticado"}
10:55:22 AM [express] GET /api/me 401 in 0ms :: {"error":"Não autenticado"}
10:55:52 AM [express] GET /api/me 401 in 0ms :: {"error":"Não autenticado"}
10:55:52 AM [express] GET /api/me 401 in 0ms :: {"error":"Não autenticado"}
10:56:22 AM [express] GET /api/me 401 in 0ms :: {"error":"Não autenticado"}
10:56:22 AM [express] GET /api/me 401 in 0ms :: {"error":"Não autenticado"}
10:56:53 AM [express] GET /api/me 401 in 0ms :: {"error":"Não autenticado"}
10:56:53 AM [express] GET /api/me 401 in 0ms :: {"error":"Não autenticado"}
10:57:23 AM [express] GET /api/me 401 in 0ms :: {"error":"Não autenticado"}
10:57:23 AM [express] GET /api/me 401 in 0ms :: {"error":"Não autenticado"}
10:57:53 AM [express] GET /api/me 401 in 1ms :: {"error":"Não autenticado"}
10:57:53 AM [express] GET /api/me 401 in 1ms :: {"error":"Não autenticado"}
10:58:23 AM [express] GET /api/me 401 in 0ms :: {"error":"Não autenticado"}
10:58:23 AM [express] GET /api/me 401 in 0ms :: {"error":"Não autenticado"}
10:58:53 AM [express] GET /api/me 401 in 1ms :: {"error":"Não autenticado"}
10:58:53 AM [express] GET /api/me 401 in 0ms :: {"error":"Não autenticado"}
10:59:23 AM [express] GET /api/me 401 in 0ms :: {"error":"Não autenticado"}
10:59:23 AM [express] GET /api/me 401 in 0ms :: {"error":"Não autenticado"}
10:59:54 AM [express] GET /api/me 401 in 0ms :: {"error":"Não autenticado"}
10:59:54 AM [express] GET /api/me 401 in 0ms :: {"error":"Não autenticado"}
11:00:24 AM [express] GET /api/me 401 in 1ms :: {"error":"Não autenticado"}
11:00:24 AM [express] GET /api/me 401 in 0ms :: {"error":"Não autenticado"}
11:00:54 AM [express] GET /api/me 401 in 0ms :: {"error":"Não autenticado"}
11:00:54 AM [express] GET /api/me 401 in 0ms :: {"error":"Não autenticado"}
11:01:24 AM [express] GET /api/me 401 in 1ms :: {"error":"Não autenticado"}
11:01:24 AM [express] GET /api/me 401 in 1ms :: {"error":"Não autenticado"}
11:01:54 AM [express] GET /api/me 401 in 1ms :: {"error":"Não autenticado"}
11:01:54 AM [express] GET /api/me 401 in 0ms :: {"error":"Não autenticado"}
11:02:24 AM [express] GET /api/me 401 in 0ms :: {"error":"Não autenticado"}
11:02:24 AM [express] GET /api/me 401 in 0ms :: {"error":"Não autenticado"}
11:02:55 AM [express] GET /api/me 401 in 0ms :: {"error":"Não autenticado"}
11:02:55 AM [express] GET /api/me 401 in 0ms :: {"error":"Não autenticado"}
11:03:25 AM [express] GET /api/me 401 in 1ms :: {"error":"Não autenticado"}
11:03:25 AM [express] GET /api/me 401 in 0ms :: {"error":"Não autenticado"}
11:03:55 AM [express] GET /api/me 401 in 1ms :: {"error":"Não autenticado"}
11:03:55 AM [express] GET /api/me 401 in 1ms :: {"error":"Não autenticado"}
11:04:25 AM [express] GET /api/me 401 in 1ms :: {"error":"Não autenticado"}
11:04:25 AM [express] GET /api/me 401 in 1ms :: {"error":"Não autenticado"}
11:04:55 AM [express] GET /api/me 401 in 1ms :: {"error":"Não autenticado"}
11:04:55 AM [express] GET /api/me 401 in 0ms :: {"error":"Não autenticado"}
11:05:25 AM [express] GET /api/me 401 in 0ms :: {"error":"Não autenticado"}
11:05:25 AM [express] GET /api/me 401 in 0ms :: {"error":"Não autenticado"}
11:05:56 AM [express] GET /api/me 401 in 0ms :: {"error":"Não autenticado"}
11:05:56 AM [express] GET /api/me 401 in 1ms :: {"error":"Não autenticado"}
11:06:26 AM [express] GET /api/me 401 in 1ms :: {"error":"Não autenticado"}
11:06:26 AM [express] GET /api/me 401 in 0ms :: {"error":"Não autenticado"}
11:06:56 AM [express] GET /api/me 401 in 0ms :: {"error":"Não autenticado"}
11:06:56 AM [express] GET /api/me 401 in 0ms :: {"error":"Não autenticado"}
11:07:26 AM [express] GET /api/me 401 in 1ms :: {"error":"Não autenticado"}
11:07:26 AM [express] GET /api/me 401 in 0ms :: {"error":"Não autenticado"}
11:07:56 AM [express] GET /api/me 401 in 0ms :: {"error":"Não autenticado"}
11:07:56 AM [express] GET /api/me 401 in 0ms :: {"error":"Não autenticado"}
11:08:26 AM [express] GET /api/me 401 in 0ms :: {"error":"Não autenticado"}
11:08:26 AM [express] GET /api/me 401 in 0ms :: {"error":"Não autenticado"}
11:08:56 AM [express] GET /api/me 401 in 0ms :: {"error":"Não autenticado"}
11:08:56 AM [express] GET /api/me 401 in 0ms :: {"error":"Não autenticado"}
11:09:26 AM [express] GET /api/me 401 in 1ms :: {"error":"Não autenticado"}
11:09:26 AM [express] GET /api/me 401 in 0ms :: {"error":"Não autenticado"}
11:09:57 AM [express] GET /api/me 401 in 0ms :: {"error":"Não autenticado"}
11:09:57 AM [express] GET /api/me 401 in 0ms :: {"error":"Não autenticado"}
11:10:27 AM [express] GET /api/me 401 in 0ms :: {"error":"Não autenticado"}
11:10:27 AM [express] GET /api/me 401 in 0ms :: {"error":"Não autenticado"}
11:10:57 AM [express] GET /api/me 401 in 1ms :: {"error":"Não autenticado"}
11:10:57 AM [express] GET /api/me 401 in 1ms :: {"error":"Não autenticado"}
11:11:27 AM [express] GET /api/me 401 in 0ms :: {"error":"Não autenticado"}
11:11:27 AM [express] GET /api/me 401 in 0ms :: {"error":"Não autenticado"}
11:11:57 AM [express] GET /api/me 401 in 0ms :: {"error":"Não autenticado"}
11:11:57 AM [express] GET /api/me 401 in 1ms :: {"error":"Não autenticado"}
11:12:27 AM [express] GET /api/me 401 in 0ms :: {"error":"Não autenticado"}
11:12:27 AM [express] GET /api/me 401 in 0ms :: {"error":"Não autenticado"}
11:12:58 AM [express] GET /api/me 401 in 0ms :: {"error":"Não autenticado"}
11:12:58 AM [express] GET /api/me 401 in 0ms :: {"error":"Não autenticado"}
11:13:28 AM [express] GET /api/me 401 in 0ms :: {"error":"Não autenticado"}
11:13:28 AM [express] GET /api/me 401 in 0ms :: {"error":"Não autenticado"}
11:13:58 AM [express] GET /api/me 401 in 0ms :: {"error":"Não autenticado"}
11:13:58 AM [express] GET /api/me 401 in 0ms :: {"error":"Não autenticado"}
11:14:28 AM [express] GET /api/me 401 in 1ms :: {"error":"Não autenticado"}
11:14:28 AM [express] GET /api/me 401 in 0ms :: {"error":"Não autenticado"}
11:14:58 AM [express] GET /api/me 401 in 0ms :: {"error":"Não autenticado"}
11:14:58 AM [express] GET /api/me 401 in 1ms :: {"error":"Não autenticado"}
11:15:28 AM [express] GET /api/me 401 in 0ms :: {"error":"Não autenticado"}
11:15:28 AM [express] GET /api/me 401 in 1ms :: {"error":"Não autenticado"}
11:15:59 AM [express] GET /api/me 401 in 0ms :: {"error":"Não autenticado"}
11:15:59 AM [express] GET /api/me 401 in 1ms :: {"error":"Não autenticado"}
11:16:29 AM [express] GET /api/me 401 in 1ms :: {"error":"Não autenticado"}
11:16:29 AM [express] GET /api/me 401 in 0ms :: {"error":"Não autenticado"}
11:16:59 AM [express] GET /api/me 401 in 1ms :: {"error":"Não autenticado"}
11:16:59 AM [express] GET /api/me 401 in 1ms :: {"error":"Não autenticado"}
11:17:29 AM [express] GET /api/me 401 in 0ms :: {"error":"Não autenticado"}
11:17:29 AM [express] GET /api/me 401 in 0ms :: {"error":"Não autenticado"}
11:17:59 AM [express] GET /api/me 401 in 1ms :: {"error":"Não autenticado"}
11:17:59 AM [express] GET /api/me 401 in 1ms :: {"error":"Não autenticado"}
11:18:29 AM [express] GET /api/me 401 in 1ms :: {"error":"Não autenticado"}
11:18:29 AM [express] GET /api/me 401 in 0ms :: {"error":"Não autenticado"}
11:19:00 AM [express] GET /api/me 401 in 0ms :: {"error":"Não autenticado"}
11:19:00 AM [express] GET /api/me 401 in 0ms :: {"error":"Não autenticado"}
11:19:30 AM [express] GET /api/me 401 in 0ms :: {"error":"Não autenticado"}
11:19:30 AM [express] GET /api/me 401 in 0ms :: {"error":"Não autenticado"}
11:20:00 AM [express] GET /api/me 401 in 0ms :: {"error":"Não autenticado"}
11:20:00 AM [express] GET /api/me 401 in 1ms :: {"error":"Não autenticado"}
11:20:30 AM [express] GET /api/me 401 in 0ms :: {"error":"Não autenticado"}
11:20:30 AM [express] GET /api/me 401 in 0ms :: {"error":"Não autenticado"}
11:21:00 AM [express] GET /api/me 401 in 1ms :: {"error":"Não autenticado"}
11:21:00 AM [express] GET /api/me 401 in 1ms :: {"error":"Não autenticado"}
11:21:30 AM [express] GET /api/me 401 in 0ms :: {"error":"Não autenticado"}
11:21:30 AM [express] GET /api/me 401 in 0ms :: {"error":"Não autenticado"}
11:22:00 AM [express] GET /api/me 401 in 1ms :: {"error":"Não autenticado"}
11:22:00 AM [express] GET /api/me 401 in 0ms :: {"error":"Não autenticado"}
11:22:30 AM [express] GET /api/me 401 in 1ms :: {"error":"Não autenticado"}
11:22:30 AM [express] GET /api/me 401 in 0ms :: {"error":"Não autenticado"}
11:23:01 AM [express] GET /api/me 401 in 1ms :: {"error":"Não autenticado"}
11:23:01 AM [express] GET /api/me 401 in 0ms :: {"error":"Não autenticado"}
11:23:31 AM [express] GET /api/me 401 in 0ms :: {"error":"Não autenticado"}
11:23:31 AM [express] GET /api/me 401 in 0ms :: {"error":"Não autenticado"}
11:24:01 AM [express] GET /api/me 401 in 0ms :: {"error":"Não autenticado"}
11:24:01 AM [express] GET /api/me 401 in 0ms :: {"error":"Não autenticado"}
11:24:31 AM [express] GET /api/me 401 in 0ms :: {"error":"Não autenticado"}
11:24:31 AM [express] GET /api/me 401 in 0ms :: {"error":"Não autenticado"}
11:25:01 AM [express] GET /api/me 401 in 0ms :: {"error":"Não autenticado"}
11:25:01 AM [express] GET /api/me 401 in 0ms :: {"error":"Não autenticado"}
11:25:31 AM [express] GET /api/me 401 in 0ms :: {"error":"Não autenticado"}
11:25:31 AM [express] GET /api/me 401 in 1ms :: {"error":"Não autenticado"}
11:26:02 AM [express] GET /api/me 401 in 0ms :: {"error":"Não autenticado"}
11:26:02 AM [express] GET /api/me 401 in 0ms :: {"error":"Não autenticado"}
11:26:32 AM [express] GET /api/me 401 in 1ms :: {"error":"Não autenticado"}
11:26:32 AM [express] GET /api/me 401 in 0ms :: {"error":"Não autenticado"}
11:27:02 AM [express] GET /api/me 401 in 1ms :: {"error":"Não autenticado"}
11:27:02 AM [express] GET /api/me 401 in 1ms :: {"error":"Não autenticado"}
11:27:32 AM [express] GET /api/me 401 in 0ms :: {"error":"Não autenticado"}
11:27:32 AM [express] GET /api/me 401 in 0ms :: {"error":"Não autenticado"}
11:28:02 AM [express] GET /api/me 401 in 0ms :: {"error":"Não autenticado"}
11:28:02 AM [express] GET /api/me 401 in 0ms :: {"error":"Não autenticado"}
11:28:32 AM [express] GET /api/me 401 in 0ms :: {"error":"Não autenticado"}
11:28:32 AM [express] GET /api/me 401 in 1ms :: {"error":"Não autenticado"}
11:29:03 AM [express] GET /api/me 401 in 1ms :: {"error":"Não autenticado"}
11:29:03 AM [express] GET /api/me 401 in 0ms :: {"error":"Não autenticado"}
11:29:33 AM [express] GET /api/me 401 in 0ms :: {"error":"Não autenticado"}
11:29:33 AM [express] GET /api/me 401 in 0ms :: {"error":"Não autenticado"}
11:30:03 AM [express] GET /api/me 401 in 1ms :: {"error":"Não autenticado"}
11:30:03 AM [express] GET /api/me 401 in 1ms :: {"error":"Não autenticado"}
11:30:33 AM [express] GET /api/me 401 in 1ms :: {"error":"Não autenticado"}
11:30:33 AM [express] GET /api/me 401 in 0ms :: {"error":"Não autenticado"}
11:31:03 AM [express] GET /api/me 401 in 0ms :: {"error":"Não autenticado"}
11:31:03 AM [express] GET /api/me 401 in 0ms :: {"error":"Não autenticado"}
11:31:33 AM [express] GET /api/me 401 in 1ms :: {"error":"Não autenticado"}
11:31:33 AM [express] GET /api/me 401 in 1ms :: {"error":"Não autenticado"}
11:32:04 AM [express] GET /api/me 401 in 0ms :: {"error":"Não autenticado"}
11:32:04 AM [express] GET /api/me 401 in 0ms :: {"error":"Não autenticado"}
11:32:34 AM [express] GET /api/me 401 in 1ms :: {"error":"Não autenticado"}
11:32:34 AM [express] GET /api/me 401 in 0ms :: {"error":"Não autenticado"}
11:33:04 AM [express] GET /api/me 401 in 1ms :: {"error":"Não autenticado"}
11:33:04 AM [express] GET /api/me 401 in 1ms :: {"error":"Não autenticado"}
11:33:34 AM [express] GET /api/me 401 in 1ms :: {"error":"Não autenticado"}
11:33:34 AM [express] GET /api/me 401 in 0ms :: {"error":"Não autenticado"}
11:34:04 AM [express] GET /api/me 401 in 0ms :: {"error":"Não autenticado"}
11:34:04 AM [express] GET /api/me 401 in 0ms :: {"error":"Não autenticado"}
11:34:34 AM [express] GET /api/me 401 in 0ms :: {"error":"Não autenticado"}
11:34:34 AM [express] GET /api/me 401 in 0ms :: {"error":"Não autenticado"}
11:35:04 AM [express] GET /api/me 401 in 0ms :: {"error":"Não autenticado"}
11:35:04 AM [express] GET /api/me 401 in 0ms :: {"error":"Não autenticado"}
11:35:34 AM [express] GET /api/me 401 in 0ms :: {"error":"Não autenticado"}
11:35:34 AM [express] GET /api/me 401 in 1ms :: {"error":"Não autenticado"}
11:36:05 AM [express] GET /api/me 401 in 1ms :: {"error":"Não autenticado"}
11:36:05 AM [express] GET /api/me 401 in 0ms :: {"error":"Não autenticado"}
11:36:35 AM [express] GET /api/me 401 in 1ms :: {"error":"Não autenticado"}
11:36:35 AM [express] GET /api/me 401 in 1ms :: {"error":"Não autenticado"}
11:37:05 AM [express] GET /api/me 401 in 0ms :: {"error":"Não autenticado"}
11:37:05 AM [express] GET /api/me 401 in 0ms :: {"error":"Não autenticado"}
11:37:35 AM [express] GET /api/me 401 in 0ms :: {"error":"Não autenticado"}
11:37:35 AM [express] GET /api/me 401 in 0ms :: {"error":"Não autenticado"}
11:38:05 AM [express] GET /api/me 401 in 0ms :: {"error":"Não autenticado"}
11:38:05 AM [express] GET /api/me 401 in 0ms :: {"error":"Não autenticado"}
11:38:35 AM [express] GET /api/me 401 in 0ms :: {"error":"Não autenticado"}
11:38:35 AM [express] GET /api/me 401 in 0ms :: {"error":"Não autenticado"}
11:39:06 AM [express] GET /api/me 401 in 0ms :: {"error":"Não autenticado"}
11:39:06 AM [express] GET /api/me 401 in 0ms :: {"error":"Não autenticado"}
11:39:36 AM [express] GET /api/me 401 in 1ms :: {"error":"Não autenticado"}
11:39:36 AM [express] GET /api/me 401 in 0ms :: {"error":"Não autenticado"}
11:40:06 AM [express] GET /api/me 401 in 0ms :: {"error":"Não autenticado"}
11:40:06 AM [express] GET /api/me 401 in 0ms :: {"error":"Não autenticado"}
11:40:36 AM [express] GET /api/me 401 in 1ms :: {"error":"Não autenticado"}
11:40:36 AM [express] GET /api/me 401 in 0ms :: {"error":"Não autenticado"}
11:41:06 AM [express] GET /api/me 401 in 0ms :: {"error":"Não autenticado"}
11:41:06 AM [express] GET /api/me 401 in 0ms :: {"error":"Não autenticado"}
11:41:36 AM [express] GET /api/me 401 in 1ms :: {"error":"Não autenticado"}
11:41:36 AM [express] GET /api/me 401 in 0ms :: {"error":"Não autenticado"}
11:42:07 AM [express] GET /api/me 401 in 0ms :: {"error":"Não autenticado"}
11:42:07 AM [express] GET /api/me 401 in 1ms :: {"error":"Não autenticado"}
11:42:37 AM [express] GET /api/me 401 in 1ms :: {"error":"Não autenticado"}
11:42:37 AM [express] GET /api/me 401 in 0ms :: {"error":"Não autenticado"}
11:43:07 AM [express] GET /api/me 401 in 0ms :: {"error":"Não autenticado"}
11:43:07 AM [express] GET /api/me 401 in 0ms :: {"error":"Não autenticado"}
11:43:37 AM [express] GET /api/me 401 in 1ms :: {"error":"Não autenticado"}
11:43:37 AM [express] GET /api/me 401 in 0ms :: {"error":"Não autenticado"}
11:44:07 AM [express] GET /api/me 401 in 1ms :: {"error":"Não autenticado"}
11:44:07 AM [express] GET /api/me 401 in 1ms :: {"error":"Não autenticado"}
11:44:37 AM [express] GET /api/me 401 in 0ms :: {"error":"Não autenticado"}
11:44:37 AM [express] GET /api/me 401 in 0ms :: {"error":"Não autenticado"}
11:45:08 AM [express] GET /api/me 401 in 1ms :: {"error":"Não autenticado"}
11:45:08 AM [express] GET /api/me 401 in 0ms :: {"error":"Não autenticado"}
11:45:38 AM [express] GET /api/me 401 in 0ms :: {"error":"Não autenticado"}
11:45:38 AM [express] GET /api/me 401 in 1ms :: {"error":"Não autenticado"}
11:46:08 AM [express] GET /api/me 401 in 0ms :: {"error":"Não autenticado"}
11:46:08 AM [express] GET /api/me 401 in 0ms :: {"error":"Não autenticado"}
11:46:38 AM [express] GET /api/me 401 in 0ms :: {"error":"Não autenticado"}
11:46:38 AM [express] GET /api/me 401 in 1ms :: {"error":"Não autenticado"}
11:47:08 AM [express] GET /api/me 401 in 0ms :: {"error":"Não autenticado"}
11:47:08 AM [express] GET /api/me 401 in 0ms :: {"error":"Não autenticado"}
11:47:38 AM [express] GET /api/me 401 in 0ms :: {"error":"Não autenticado"}
11:47:38 AM [express] GET /api/me 401 in 0ms :: {"error":"Não autenticado"}
11:48:08 AM [express] GET /api/me 401 in 0ms :: {"error":"Não autenticado"}
11:48:08 AM [express] GET /api/me 401 in 0ms :: {"error":"Não autenticado"}
11:48:38 AM [express] GET /api/me 401 in 0ms :: {"error":"Não autenticado"}
11:48:38 AM [express] GET /api/me 401 in 0ms :: {"error":"Não autenticado"}
11:49:09 AM [express] GET /api/me 401 in 1ms :: {"error":"Não autenticado"}
11:49:09 AM [express] GET /api/me 401 in 0ms :: {"error":"Não autenticado"}
11:49:39 AM [express] GET /api/me 401 in 1ms :: {"error":"Não autenticado"}
11:49:39 AM [express] GET /api/me 401 in 0ms :: {"error":"Não autenticado"}
11:50:09 AM [express] GET /api/me 401 in 0ms :: {"error":"Não autenticado"}
11:50:09 AM [express] GET /api/me 401 in 0ms :: {"error":"Não autenticado"}
11:50:39 AM [express] GET /api/me 401 in 0ms :: {"error":"Não autenticado"}
11:50:39 AM [express] GET /api/me 401 in 0ms :: {"error":"Não autenticado"}
11:51:09 AM [express] GET /api/me 401 in 0ms :: {"error":"Não autenticado"}
11:51:09 AM [express] GET /api/me 401 in 1ms :: {"error":"Não autenticado"}
11:51:39 AM [express] GET /api/me 401 in 0ms :: {"error":"Não autenticado"}
11:51:39 AM [express] GET /api/me 401 in 1ms :: {"error":"Não autenticado"}
11:52:10 AM [express] GET /api/me 401 in 1ms :: {"error":"Não autenticado"}
11:52:10 AM [express] GET /api/me 401 in 0ms :: {"error":"Não autenticado"}
11:52:40 AM [express] GET /api/me 401 in 0ms :: {"error":"Não autenticado"}
11:52:40 AM [express] GET /api/me 401 in 1ms :: {"error":"Não autenticado"}
11:53:10 AM [express] GET /api/me 401 in 1ms :: {"error":"Não autenticado"}
11:53:10 AM [express] GET /api/me 401 in 0ms :: {"error":"Não autenticado"}
11:53:40 AM [express] GET /api/me 401 in 0ms :: {"error":"Não autenticado"}
11:53:40 AM [express] GET /api/me 401 in 0ms :: {"error":"Não autenticado"}
11:54:10 AM [express] GET /api/me 401 in 0ms :: {"error":"Não autenticado"}
11:54:10 AM [express] GET /api/me 401 in 1ms :: {"error":"Não autenticado"}
11:54:40 AM [express] GET /api/me 401 in 1ms :: {"error":"Não autenticado"}
11:54:41 AM [express] GET /api/me 401 in 1ms :: {"error":"Não autenticado"}
11:55:11 AM [express] GET /api/me 401 in 1ms :: {"error":"Não autenticado"}
11:55:11 AM [express] GET /api/me 401 in 0ms :: {"error":"Não autenticado"}
11:55:41 AM [express] GET /api/me 401 in 0ms :: {"error":"Não autenticado"}
11:55:41 AM [express] GET /api/me 401 in 0ms :: {"error":"Não autenticado"}
11:56:11 AM [express] GET /api/me 401 in 1ms :: {"error":"Não autenticado"}
11:56:11 AM [express] GET /api/me 401 in 1ms :: {"error":"Não autenticado"}
11:56:41 AM [express] GET /api/me 401 in 1ms :: {"error":"Não autenticado"}
11:56:41 AM [express] GET /api/me 401 in 0ms :: {"error":"Não autenticado"}
11:57:12 AM [express] GET /api/me 401 in 0ms :: {"error":"Não autenticado"}
11:57:12 AM [express] GET /api/me 401 in 0ms :: {"error":"Não autenticado"}
11:57:42 AM [express] GET /api/me 401 in 1ms :: {"error":"Não autenticado"}
11:57:42 AM [express] GET /api/me 401 in 0ms :: {"error":"Não autenticado"}
11:58:12 AM [express] GET /api/me 401 in 0ms :: {"error":"Não autenticado"}
11:58:12 AM [express] GET /api/me 401 in 0ms :: {"error":"Não autenticado"}
11:58:42 AM [express] GET /api/me 401 in 1ms :: {"error":"Não autenticado"}
11:58:42 AM [express] GET /api/me 401 in 0ms :: {"error":"Não autenticado"}
11:59:12 AM [express] GET /api/me 401 in 1ms :: {"error":"Não autenticado"}
11:59:12 AM [express] GET /api/me 401 in 0ms :: {"error":"Não autenticado"}
11:59:42 AM [express] GET /api/me 401 in 1ms :: {"error":"Não autenticado"}
11:59:42 AM [express] GET /api/me 401 in 0ms :: {"error":"Não autenticado"}
12:00:12 PM [express] GET /api/me 401 in 0ms :: {"error":"Não autenticado"}
12:00:12 PM [express] GET /api/me 401 in 0ms :: {"error":"Não autenticado"}
12:00:42 PM [express] GET /api/me 401 in 1ms :: {"error":"Não autenticado"}
12:00:42 PM [express] GET /api/me 401 in 0ms :: {"error":"Não autenticado"}
12:01:13 PM [express] GET /api/me 401 in 0ms :: {"error":"Não autenticado"}
12:01:13 PM [express] GET /api/me 401 in 1ms :: {"error":"Não autenticado"}
12:01:43 PM [express] GET /api/me 401 in 1ms :: {"error":"Não autenticado"}
12:01:43 PM [express] GET /api/me 401 in 0ms :: {"error":"Não autenticado"}
12:02:13 PM [express] GET /api/me 401 in 0ms :: {"error":"Não autenticado"}
12:02:13 PM [express] GET /api/me 401 in 0ms :: {"error":"Não autenticado"}
12:02:43 PM [express] GET /api/me 401 in 0ms :: {"error":"Não autenticado"}
12:02:43 PM [express] GET /api/me 401 in 1ms :: {"error":"Não autenticado"}
12:03:13 PM [express] GET /api/me 401 in 0ms :: {"error":"Não autenticado"}
12:03:13 PM [express] GET /api/me 401 in 1ms :: {"error":"Não autenticado"}
12:03:43 PM [express] GET /api/me 401 in 1ms :: {"error":"Não autenticado"}
12:03:43 PM [express] GET /api/me 401 in 0ms :: {"error":"Não autenticado"}
12:04:14 PM [express] GET /api/me 401 in 1ms :: {"error":"Não autenticado"}
12:04:14 PM [express] GET /api/me 401 in 0ms :: {"error":"Não autenticado"}
12:04:44 PM [express] GET /api/me 401 in 1ms :: {"error":"Não autenticado"}
12:04:44 PM [express] GET /api/me 401 in 0ms :: {"error":"Não autenticado"}
12:05:14 PM [express] GET /api/me 401 in 0ms :: {"error":"Não autenticado"}
12:05:14 PM [express] GET /api/me 401 in 0ms :: {"error":"Não autenticado"}
12:05:44 PM [express] GET /api/me 401 in 1ms :: {"error":"Não autenticado"}
12:05:44 PM [express] GET /api/me 401 in 0ms :: {"error":"Não autenticado"}
12:06:14 PM [express] GET /api/me 401 in 0ms :: {"error":"Não autenticado"}
12:06:14 PM [express] GET /api/me 401 in 0ms :: {"error":"Não autenticado"}
12:06:44 PM [express] GET /api/me 401 in 0ms :: {"error":"Não autenticado"}
12:06:44 PM [express] GET /api/me 401 in 0ms :: {"error":"Não autenticado"}
12:07:15 PM [express] GET /api/me 401 in 0ms :: {"error":"Não autenticado"}
12:07:15 PM [express] GET /api/me 401 in 0ms :: {"error":"Não autenticado"}
12:07:45 PM [express] GET /api/me 401 in 0ms :: {"error":"Não autenticado"}
12:07:45 PM [express] GET /api/me 401 in 1ms :: {"error":"Não autenticado"}
12:08:15 PM [express] GET /api/me 401 in 0ms :: {"error":"Não autenticado"}
12:08:15 PM [express] GET /api/me 401 in 0ms :: {"error":"Não autenticado"}
12:08:45 PM [express] GET /api/me 401 in 0ms :: {"error":"Não autenticado"}
12:08:45 PM [express] GET /api/me 401 in 1ms :: {"error":"Não autenticado"}
12:09:15 PM [express] GET /api/me 401 in 0ms :: {"error":"Não autenticado"}
12:09:15 PM [express] GET /api/me 401 in 0ms :: {"error":"Não autenticado"}
12:09:45 PM [express] GET /api/me 401 in 0ms :: {"error":"Não autenticado"}
12:09:45 PM [express] GET /api/me 401 in 0ms :: {"error":"Não autenticado"}
12:10:16 PM [express] GET /api/me 401 in 0ms :: {"error":"Não autenticado"}
12:10:16 PM [express] GET /api/me 401 in 1ms :: {"error":"Não autenticado"}
12:10:46 PM [express] GET /api/me 401 in 0ms :: {"error":"Não autenticado"}
12:10:46 PM [express] GET /api/me 401 in 1ms :: {"error":"Não autenticado"}
12:11:16 PM [express] GET /api/me 401 in 0ms :: {"error":"Não autenticado"}
12:11:16 PM [express] GET /api/me 401 in 0ms :: {"error":"Não autenticado"}
12:11:46 PM [express] GET /api/me 401 in 0ms :: {"error":"Não autenticado"}
12:11:46 PM [express] GET /api/me 401 in 0ms :: {"error":"Não autenticado"}
12:12:16 PM [express] GET /api/me 401 in 0ms :: {"error":"Não autenticado"}
12:12:16 PM [express] GET /api/me 401 in 0ms :: {"error":"Não autenticado"}
12:12:46 PM [express] GET /api/me 401 in 0ms :: {"error":"Não autenticado"}
12:12:46 PM [express] GET /api/me 401 in 0ms :: {"error":"Não autenticado"}
12:13:16 PM [express] GET /api/me 401 in 1ms :: {"error":"Não autenticado"}
12:13:16 PM [express] GET /api/me 401 in 0ms :: {"error":"Não autenticado"}
12:13:46 PM [express] GET /api/me 401 in 0ms :: {"error":"Não autenticado"}
12:13:46 PM [express] GET /api/me 401 in 1ms :: {"error":"Não autenticado"}
12:14:17 PM [express] GET /api/me 401 in 0ms :: {"error":"Não autenticado"}
12:14:17 PM [express] GET /api/me 401 in 0ms :: {"error":"Não autenticado"}
12:14:47 PM [express] GET /api/me 401 in 0ms :: {"error":"Não autenticado"}
12:14:47 PM [express] GET /api/me 401 in 0ms :: {"error":"Não autenticado"}
12:15:17 PM [express] GET /api/me 401 in 0ms :: {"error":"Não autenticado"}
12:15:17 PM [express] GET /api/me 401 in 0ms :: {"error":"Não autenticado"}
12:15:47 PM [express] GET /api/me 401 in 0ms :: {"error":"Não autenticado"}
12:15:47 PM [express] GET /api/me 401 in 1ms :: {"error":"Não autenticado"}
12:16:17 PM [express] GET /api/me 401 in 1ms :: {"error":"Não autenticado"}
12:16:17 PM [express] GET /api/me 401 in 0ms :: {"error":"Não autenticado"}
12:16:47 PM [express] GET /api/me 401 in 0ms :: {"error":"Não autenticado"}
12:16:47 PM [express] GET /api/me 401 in 0ms :: {"error":"Não autenticado"}
12:17:18 PM [express] GET /api/me 401 in 0ms :: {"error":"Não autenticado"}
12:17:18 PM [express] GET /api/me 401 in 0ms :: {"error":"Não autenticado"}
12:17:48 PM [express] GET /api/me 401 in 0ms :: {"error":"Não autenticado"}
12:17:48 PM [express] GET /api/me 401 in 0ms :: {"error":"Não autenticado"}
12:18:18 PM [express] GET /api/me 401 in 0ms :: {"error":"Não autenticado"}
12:18:18 PM [express] GET /api/me 401 in 0ms :: {"error":"Não autenticado"}
12:18:48 PM [express] GET /api/me 401 in 0ms :: {"error":"Não autenticado"}
12:18:48 PM [express] GET /api/me 401 in 0ms :: {"error":"Não autenticado"}
12:19:18 PM [express] GET /api/me 401 in 1ms :: {"error":"Não autenticado"}
12:19:18 PM [express] GET /api/me 401 in 0ms :: {"error":"Não autenticado"}
12:19:48 PM [express] GET /api/me 401 in 0ms :: {"error":"Não autenticado"}
12:19:48 PM [express] GET /api/me 401 in 1ms :: {"error":"Não autenticado"}
12:20:19 PM [express] GET /api/me 401 in 0ms :: {"error":"Não autenticado"}
12:20:19 PM [express] GET /api/me 401 in 0ms :: {"error":"Não autenticado"}
12:20:49 PM [express] GET /api/me 401 in 0ms :: {"error":"Não autenticado"}
12:20:49 PM [express] GET /api/me 401 in 0ms :: {"error":"Não autenticado"}
12:21:19 PM [express] GET /api/me 401 in 1ms :: {"error":"Não autenticado"}
12:21:19 PM [express] GET /api/me 401 in 1ms :: {"error":"Não autenticado"}
12:21:49 PM [express] GET /api/me 401 in 0ms :: {"error":"Não autenticado"}
12:21:49 PM [express] GET /api/me 401 in 0ms :: {"error":"Não autenticado"}
12:22:19 PM [express] GET /api/me 401 in 0ms :: {"error":"Não autenticado"}
12:22:19 PM [express] GET /api/me 401 in 0ms :: {"error":"Não autenticado"}
12:22:49 PM [express] GET /api/me 401 in 0ms :: {"error":"Não autenticado"}
12:22:49 PM [express] GET /api/me 401 in 0ms :: {"error":"Não autenticado"}
12:23:20 PM [express] GET /api/me 401 in 0ms :: {"error":"Não autenticado"}
12:23:20 PM [express] GET /api/me 401 in 0ms :: {"error":"Não autenticado"}
12:23:50 PM [express] GET /api/me 401 in 0ms :: {"error":"Não autenticado"}
12:23:50 PM [express] GET /api/me 401 in 0ms :: {"error":"Não autenticado"}
12:24:20 PM [express] GET /api/me 401 in 0ms :: {"error":"Não autenticado"}
12:24:20 PM [express] GET /api/me 401 in 0ms :: {"error":"Não autenticado"}
12:24:50 PM [express] GET /api/me 401 in 0ms :: {"error":"Não autenticado"}
12:24:50 PM [express] GET /api/me 401 in 0ms :: {"error":"Não autenticado"}
12:25:20 PM [express] GET /api/me 401 in 0ms :: {"error":"Não autenticado"}
12:25:20 PM [express] GET /api/me 401 in 0ms :: {"error":"Não autenticado"}
12:25:50 PM [express] GET /api/me 401 in 0ms :: {"error":"Não autenticado"}
12:25:50 PM [express] GET /api/me 401 in 0ms :: {"error":"Não autenticado"}
12:26:21 PM [express] GET /api/me 401 in 1ms :: {"error":"Não autenticado"}
12:26:21 PM [express] GET /api/me 401 in 0ms :: {"error":"Não autenticado"}
12:26:51 PM [express] GET /api/me 401 in 0ms :: {"error":"Não autenticado"}
12:26:51 PM [express] GET /api/me 401 in 0ms :: {"error":"Não autenticado"}
12:27:21 PM [express] GET /api/me 401 in 0ms :: {"error":"Não autenticado"}
12:27:21 PM [express] GET /api/me 401 in 1ms :: {"error":"Não autenticado"}
12:27:51 PM [express] GET /api/me 401 in 0ms :: {"error":"Não autenticado"}
12:27:51 PM [express] GET /api/me 401 in 0ms :: {"error":"Não autenticado"}
12:28:21 PM [express] GET /api/me 401 in 0ms :: {"error":"Não autenticado"}
12:28:21 PM [express] GET /api/me 401 in 0ms :: {"error":"Não autenticado"}
12:28:51 PM [express] GET /api/me 401 in 0ms :: {"error":"Não autenticado"}
12:28:51 PM [express] GET /api/me 401 in 0ms :: {"error":"Não autenticado"}
12:29:21 PM [express] GET /api/me 401 in 1ms :: {"error":"Não autenticado"}
12:29:21 PM [express] GET /api/me 401 in 0ms :: {"error":"Não autenticado"}
12:29:52 PM [express] GET /api/me 401 in 0ms :: {"error":"Não autenticado"}
12:29:52 PM [express] GET /api/me 401 in 0ms :: {"error":"Não autenticado"}
12:30:22 PM [express] GET /api/me 401 in 0ms :: {"error":"Não autenticado"}
12:30:22 PM [express] GET /api/me 401 in 1ms :: {"error":"Não autenticado"}
12:30:52 PM [express] GET /api/me 401 in 0ms :: {"error":"Não autenticado"}
12:30:52 PM [express] GET /api/me 401 in 1ms :: {"error":"Não autenticado"}
12:31:22 PM [express] GET /api/me 401 in 0ms :: {"error":"Não autenticado"}
12:31:22 PM [express] GET /api/me 401 in 0ms :: {"error":"Não autenticado"}
12:31:52 PM [express] GET /api/me 401 in 1ms :: {"error":"Não autenticado"}
12:31:52 PM [express] GET /api/me 401 in 0ms :: {"error":"Não autenticado"}
12:32:22 PM [express] GET /api/me 401 in 0ms :: {"error":"Não autenticado"}
12:32:22 PM [express] GET /api/me 401 in 0ms :: {"error":"Não autenticado"}
12:32:52 PM [express] GET /api/me 401 in 0ms :: {"error":"Não autenticado"}
12:32:52 PM [express] GET /api/me 401 in 0ms :: {"error":"Não autenticado"}
12:33:23 PM [express] GET /api/me 401 in 1ms :: {"error":"Não autenticado"}
12:33:23 PM [express] GET /api/me 401 in 0ms :: {"error":"Não autenticado"}
12:33:53 PM [express] GET /api/me 401 in 1ms :: {"error":"Não autenticado"}
12:33:53 PM [express] GET /api/me 401 in 0ms :: {"error":"Não autenticado"}
12:34:23 PM [express] GET /api/me 401 in 1ms :: {"error":"Não autenticado"}
12:34:23 PM [express] GET /api/me 401 in 1ms :: {"error":"Não autenticado"}
12:34:53 PM [express] GET /api/me 401 in 0ms :: {"error":"Não autenticado"}
12:34:53 PM [express] GET /api/me 401 in 1ms :: {"error":"Não autenticado"}
12:35:23 PM [express] GET /api/me 401 in 0ms :: {"error":"Não autenticado"}
12:35:23 PM [express] GET /api/me 401 in 1ms :: {"error":"Não autenticado"}
12:35:53 PM [express] GET /api/me 401 in 0ms :: {"error":"Não autenticado"}
12:35:53 PM [express] GET /api/me 401 in 0ms :: {"error":"Não autenticado"}
12:36:24 PM [express] GET /api/me 401 in 1ms :: {"error":"Não autenticado"}
12:36:24 PM [express] GET /api/me 401 in 0ms :: {"error":"Não autenticado"}
12:36:54 PM [express] GET /api/me 401 in 0ms :: {"error":"Não autenticado"}
12:36:54 PM [express] GET /api/me 401 in 0ms :: {"error":"Não autenticado"}
12:37:24 PM [express] GET /api/me 401 in 0ms :: {"error":"Não autenticado"}
12:37:24 PM [express] GET /api/me 401 in 0ms :: {"error":"Não autenticado"}
12:37:54 PM [express] GET /api/me 401 in 0ms :: {"error":"Não autenticado"}
12:37:54 PM [express] GET /api/me 401 in 0ms :: {"error":"Não autenticado"}
12:38:24 PM [express] GET /api/me 401 in 0ms :: {"error":"Não autenticado"}
12:38:24 PM [express] GET /api/me 401 in 1ms :: {"error":"Não autenticado"}
12:38:54 PM [express] GET /api/me 401 in 0ms :: {"error":"Não autenticado"}
12:38:54 PM [express] GET /api/me 401 in 1ms :: {"error":"Não autenticado"}
12:39:25 PM [express] GET /api/me 401 in 0ms :: {"error":"Não autenticado"}
12:39:25 PM [express] GET /api/me 401 in 0ms :: {"error":"Não autenticado"}
12:39:55 PM [express] GET /api/me 401 in 0ms :: {"error":"Não autenticado"}
12:39:55 PM [express] GET /api/me 401 in 1ms :: {"error":"Não autenticado"}
12:40:25 PM [express] GET /api/me 401 in 0ms :: {"error":"Não autenticado"}
12:40:25 PM [express] GET /api/me 401 in 1ms :: {"error":"Não autenticado"}
12:40:55 PM [express] GET /api/me 401 in 0ms :: {"error":"Não autenticado"}
12:40:55 PM [express] GET /api/me 401 in 0ms :: {"error":"Não autenticado"}
12:41:25 PM [express] GET /api/me 401 in 0ms :: {"error":"Não autenticado"}
12:41:25 PM [express] GET /api/me 401 in 1ms :: {"error":"Não autenticado"}
12:41:55 PM [express] GET /api/me 401 in 1ms :: {"error":"Não autenticado"}
12:41:55 PM [express] GET /api/me 401 in 1ms :: {"error":"Não autenticado"}
12:42:26 PM [express] GET /api/me 401 in 0ms :: {"error":"Não autenticado"}
12:42:26 PM [express] GET /api/me 401 in 0ms :: {"error":"Não autenticado"}
12:42:56 PM [express] GET /api/me 401 in 1ms :: {"error":"Não autenticado"}
12:42:56 PM [express] GET /api/me 401 in 0ms :: {"error":"Não autenticado"}
12:43:26 PM [express] GET /api/me 401 in 0ms :: {"error":"Não autenticado"}
12:43:26 PM [express] GET /api/me 401 in 1ms :: {"error":"Não autenticado"}
12:43:56 PM [express] GET /api/me 401 in 0ms :: {"error":"Não autenticado"}
12:43:56 PM [express] GET /api/me 401 in 1ms :: {"error":"Não autenticado"}
12:44:26 PM [express] GET /api/me 401 in 26ms :: {"error":"Não autenticado"}
12:44:26 PM [express] GET /api/me 401 in 0ms :: {"error":"Não autenticado"}
12:44:56 PM [express] GET /api/me 401 in 0ms :: {"error":"Não autenticado"}
12:44:56 PM [express] GET /api/me 401 in 0ms :: {"error":"Não autenticado"}
12:45:27 PM [express] GET /api/me 401 in 0ms :: {"error":"Não autenticado"}
12:45:27 PM [express] GET /api/me 401 in 1ms :: {"error":"Não autenticado"}
12:45:57 PM [express] GET /api/me 401 in 0ms :: {"error":"Não autenticado"}
12:45:57 PM [express] GET /api/me 401 in 0ms :: {"error":"Não autenticado"}
12:46:27 PM [express] GET /api/me 401 in 1ms :: {"error":"Não autenticado"}
12:46:27 PM [express] GET /api/me 401 in 1ms :: {"error":"Não autenticado"}
12:46:57 PM [express] GET /api/me 401 in 0ms :: {"error":"Não autenticado"}
12:46:57 PM [express] GET /api/me 401 in 0ms :: {"error":"Não autenticado"}
12:47:27 PM [express] GET /api/me 401 in 0ms :: {"error":"Não autenticado"}
12:47:27 PM [express] GET /api/me 401 in 0ms :: {"error":"Não autenticado"}
12:47:57 PM [express] GET /api/me 401 in 0ms :: {"error":"Não autenticado"}
12:47:57 PM [express] GET /api/me 401 in 0ms :: {"error":"Não autenticado"}
12:48:27 PM [express] GET /api/me 401 in 0ms :: {"error":"Não autenticado"}
12:48:27 PM [express] GET /api/me 401 in 0ms :: {"error":"Não autenticado"}
12:48:57 PM [express] GET /api/me 401 in 0ms :: {"error":"Não autenticado"}
12:48:57 PM [express] GET /api/me 401 in 1ms :: {"error":"Não autenticado"}
12:49:28 PM [express] GET /api/me 401 in 0ms :: {"error":"Não autenticado"}
12:49:28 PM [express] GET /api/me 401 in 0ms :: {"error":"Não autenticado"}
12:49:58 PM [express] GET /api/me 401 in 0ms :: {"error":"Não autenticado"}
12:49:58 PM [express] GET /api/me 401 in 0ms :: {"error":"Não autenticado"}
12:50:28 PM [express] GET /api/me 401 in 0ms :: {"error":"Não autenticado"}
12:50:28 PM [express] GET /api/me 401 in 0ms :: {"error":"Não autenticado"}
12:50:58 PM [express] GET /api/me 401 in 0ms :: {"error":"Não autenticado"}
12:50:58 PM [express] GET /api/me 401 in 0ms :: {"error":"Não autenticado"}
12:51:28 PM [express] GET /api/me 401 in 0ms :: {"error":"Não autenticado"}
12:51:28 PM [express] GET /api/me 401 in 0ms :: {"error":"Não autenticado"}
12:51:58 PM [express] GET /api/me 401 in 0ms :: {"error":"Não autenticado"}
12:51:58 PM [express] GET /api/me 401 in 0ms :: {"error":"Não autenticado"}
12:52:29 PM [express] GET /api/me 401 in 0ms :: {"error":"Não autenticado"}
12:52:29 PM [express] GET /api/me 401 in 0ms :: {"error":"Não autenticado"}
12:52:59 PM [express] GET /api/me 401 in 0ms :: {"error":"Não autenticado"}
12:52:59 PM [express] GET /api/me 401 in 0ms :: {"error":"Não autenticado"}
12:53:29 PM [express] GET /api/me 401 in 0ms :: {"error":"Não autenticado"}
12:53:29 PM [express] GET /api/me 401 in 0ms :: {"error":"Não autenticado"}
12:53:59 PM [express] GET /api/me 401 in 0ms :: {"error":"Não autenticado"}
12:53:59 PM [express] GET /api/me 401 in 0ms :: {"error":"Não autenticado"}
12:54:29 PM [express] GET /api/me 401 in 1ms :: {"error":"Não autenticado"}
12:54:29 PM [express] GET /api/me 401 in 1ms :: {"error":"Não autenticado"}
12:54:59 PM [express] GET /api/me 401 in 0ms :: {"error":"Não autenticado"}
12:54:59 PM [express] GET /api/me 401 in 0ms :: {"error":"Não autenticado"}
12:55:30 PM [express] GET /api/me 401 in 0ms :: {"error":"Não autenticado"}
12:55:30 PM [express] GET /api/me 401 in 0ms :: {"error":"Não autenticado"}
12:56:00 PM [express] GET /api/me 401 in 0ms :: {"error":"Não autenticado"}
12:56:00 PM [express] GET /api/me 401 in 0ms :: {"error":"Não autenticado"}
12:56:30 PM [express] GET /api/me 401 in 0ms :: {"error":"Não autenticado"}
12:56:30 PM [express] GET /api/me 401 in 0ms :: {"error":"Não autenticado"}
12:57:00 PM [express] GET /api/me 401 in 0ms :: {"error":"Não autenticado"}
12:57:00 PM [express] GET /api/me 401 in 0ms :: {"error":"Não autenticado"}
12:57:30 PM [express] GET /api/me 401 in 0ms :: {"error":"Não autenticado"}
12:57:30 PM [express] GET /api/me 401 in 0ms :: {"error":"Não autenticado"}
12:58:00 PM [express] GET /api/me 401 in 0ms :: {"error":"Não autenticado"}
12:58:00 PM [express] GET /api/me 401 in 1ms :: {"error":"Não autenticado"}
12:58:31 PM [express] GET /api/me 401 in 0ms :: {"error":"Não autenticado"}
12:58:31 PM [express] GET /api/me 401 in 1ms :: {"error":"Não autenticado"}
12:59:01 PM [express] GET /api/me 401 in 1ms :: {"error":"Não autenticado"}
12:59:01 PM [express] GET /api/me 401 in 0ms :: {"error":"Não autenticado"}
12:59:31 PM [express] GET /api/me 401 in 0ms :: {"error":"Não autenticado"}
12:59:31 PM [express] GET /api/me 401 in 0ms :: {"error":"Não autenticado"}
1:00:01 PM [express] GET /api/me 401 in 0ms :: {"error":"Não autenticado"}
1:00:01 PM [express] GET /api/me 401 in 0ms :: {"error":"Não autenticado"}
1:00:31 PM [express] GET /api/me 401 in 0ms :: {"error":"Não autenticado"}
1:00:31 PM [express] GET /api/me 401 in 0ms :: {"error":"Não autenticado"}
1:01:01 PM [express] GET /api/me 401 in 0ms :: {"error":"Não autenticado"}
1:01:01 PM [express] GET /api/me 401 in 0ms :: {"error":"Não autenticado"}
1:01:31 PM [express] GET /api/me 401 in 0ms :: {"error":"Não autenticado"}
1:01:31 PM [express] GET /api/me 401 in 1ms :: {"error":"Não autenticado"}
1:02:01 PM [express] GET /api/me 401 in 0ms :: {"error":"Não autenticado"}
1:02:01 PM [express] GET /api/me 401 in 1ms :: {"error":"Não autenticado"}
1:02:32 PM [express] GET /api/me 401 in 0ms :: {"error":"Não autenticado"}
1:02:32 PM [express] GET /api/me 401 in 0ms :: {"error":"Não autenticado"}
1:03:02 PM [express] GET /api/me 401 in 0ms :: {"error":"Não autenticado"}
1:03:02 PM [express] GET /api/me 401 in 0ms :: {"error":"Não autenticado"}
1:03:32 PM [express] GET /api/me 401 in 0ms :: {"error":"Não autenticado"}
1:03:32 PM [express] GET /api/me 401 in 1ms :: {"error":"Não autenticado"}
1:04:02 PM [express] GET /api/me 401 in 0ms :: {"error":"Não autenticado"}
1:04:02 PM [express] GET /api/me 401 in 1ms :: {"error":"Não autenticado"}
1:04:32 PM [express] GET /api/me 401 in 0ms :: {"error":"Não autenticado"}
1:04:32 PM [express] GET /api/me 401 in 1ms :: {"error":"Não autenticado"}
1:05:02 PM [express] GET /api/me 401 in 0ms :: {"error":"Não autenticado"}
1:05:02 PM [express] GET /api/me 401 in 0ms :: {"error":"Não autenticado"}
1:05:33 PM [express] GET /api/me 401 in 0ms :: {"error":"Não autenticado"}
1:05:33 PM [express] GET /api/me 401 in 0ms :: {"error":"Não autenticado"}
1:06:03 PM [express] GET /api/me 401 in 0ms :: {"error":"Não autenticado"}
1:06:03 PM [express] GET /api/me 401 in 1ms :: {"error":"Não autenticado"}
1:06:33 PM [express] GET /api/me 401 in 0ms :: {"error":"Não autenticado"}
1:06:33 PM [express] GET /api/me 401 in 0ms :: {"error":"Não autenticado"}
1:07:03 PM [express] GET /api/me 401 in 0ms :: {"error":"Não autenticado"}
1:07:03 PM [express] GET /api/me 401 in 1ms :: {"error":"Não autenticado"}
1:07:33 PM [express] GET /api/me 401 in 0ms :: {"error":"Não autenticado"}
1:07:33 PM [express] GET /api/me 401 in 0ms :: {"error":"Não autenticado"}
1:08:03 PM [express] GET /api/me 401 in 0ms :: {"error":"Não autenticado"}
1:08:03 PM [express] GET /api/me 401 in 0ms :: {"error":"Não autenticado"}
1:08:34 PM [express] GET /api/me 401 in 1ms :: {"error":"Não autenticado"}
1:08:34 PM [express] GET /api/me 401 in 1ms :: {"error":"Não autenticado"}
1:09:04 PM [express] GET /api/me 401 in 0ms :: {"error":"Não autenticado"}
1:09:04 PM [express] GET /api/me 401 in 0ms :: {"error":"Não autenticado"}
1:09:34 PM [express] GET /api/me 401 in 0ms :: {"error":"Não autenticado"}
1:09:34 PM [express] GET /api/me 401 in 0ms :: {"error":"Não autenticado"}
1:10:04 PM [express] GET /api/me 401 in 1ms :: {"error":"Não autenticado"}
1:10:04 PM [express] GET /api/me 401 in 0ms :: {"error":"Não autenticado"}
1:10:34 PM [express] GET /api/me 401 in 0ms :: {"error":"Não autenticado"}
1:10:34 PM [express] GET /api/me 401 in 0ms :: {"error":"Não autenticado"}
1:11:04 PM [express] GET /api/me 401 in 0ms :: {"error":"Não autenticado"}
1:11:04 PM [express] GET /api/me 401 in 0ms :: {"error":"Não autenticado"}
1:11:35 PM [express] GET /api/me 401 in 0ms :: {"error":"Não autenticado"}
1:11:35 PM [express] GET /api/me 401 in 1ms :: {"error":"Não autenticado"}
1:12:05 PM [express] GET /api/me 401 in 0ms :: {"error":"Não autenticado"}
1:12:05 PM [express] GET /api/me 401 in 1ms :: {"error":"Não autenticado"}
1:12:35 PM [express] GET /api/me 401 in 0ms :: {"error":"Não autenticado"}
1:12:35 PM [express] GET /api/me 401 in 0ms :: {"error":"Não autenticado"}
1:13:05 PM [express] GET /api/me 401 in 0ms :: {"error":"Não autenticado"}
1:13:05 PM [express] GET /api/me 401 in 1ms :: {"error":"Não autenticado"}
1:13:35 PM [express] GET /api/me 401 in 0ms :: {"error":"Não autenticado"}
1:13:35 PM [express] GET /api/me 401 in 0ms :: {"error":"Não autenticado"}
1:14:05 PM [express] GET /api/me 401 in 0ms :: {"error":"Não autenticado"}
1:14:05 PM [express] GET /api/me 401 in 0ms :: {"error":"Não autenticado"}
1:14:35 PM [express] GET /api/me 401 in 0ms :: {"error":"Não autenticado"}
1:14:35 PM [express] GET /api/me 401 in 0ms :: {"error":"Não autenticado"}
1:15:05 PM [express] GET /api/me 401 in 0ms :: {"error":"Não autenticado"}
1:15:05 PM [express] GET /api/me 401 in 0ms :: {"error":"Não autenticado"}
1:15:36 PM [express] GET /api/me 401 in 0ms :: {"error":"Não autenticado"}
1:15:36 PM [express] GET /api/me 401 in 0ms :: {"error":"Não autenticado"}
1:16:06 PM [express] GET /api/me 401 in 0ms :: {"error":"Não autenticado"}
1:16:06 PM [express] GET /api/me 401 in 0ms :: {"error":"Não autenticado"}
1:16:36 PM [express] GET /api/me 401 in 1ms :: {"error":"Não autenticado"}
1:16:36 PM [express] GET /api/me 401 in 1ms :: {"error":"Não autenticado"}
1:17:06 PM [express] GET /api/me 401 in 0ms :: {"error":"Não autenticado"}
1:17:06 PM [express] GET /api/me 401 in 0ms :: {"error":"Não autenticado"}
1:17:36 PM [express] GET /api/me 401 in 0ms :: {"error":"Não autenticado"}
1:17:36 PM [express] GET /api/me 401 in 0ms :: {"error":"Não autenticado"}
1:18:06 PM [express] GET /api/me 401 in 0ms :: {"error":"Não autenticado"}
1:18:06 PM [express] GET /api/me 401 in 0ms :: {"error":"Não autenticado"}
1:18:37 PM [express] GET /api/me 401 in 0ms :: {"error":"Não autenticado"}
1:18:37 PM [express] GET /api/me 401 in 0ms :: {"error":"Não autenticado"}
1:19:07 PM [express] GET /api/me 401 in 0ms :: {"error":"Não autenticado"}
1:19:07 PM [express] GET /api/me 401 in 1ms :: {"error":"Não autenticado"}
1:19:37 PM [express] GET /api/me 401 in 0ms :: {"error":"Não autenticado"}
1:19:37 PM [express] GET /api/me 401 in 0ms :: {"error":"Não autenticado"}
1:20:07 PM [express] GET /api/me 401 in 1ms :: {"error":"Não autenticado"}
1:20:07 PM [express] GET /api/me 401 in 1ms :: {"error":"Não autenticado"}
1:20:37 PM [express] GET /api/me 401 in 0ms :: {"error":"Não autenticado"}
1:20:37 PM [express] GET /api/me 401 in 0ms :: {"error":"Não autenticado"}
1:21:07 PM [express] GET /api/me 401 in 2ms :: {"error":"Não autenticado"}
1:21:07 PM [express] GET /api/me 401 in 0ms :: {"error":"Não autenticado"}
1:21:38 PM [express] GET /api/me 401 in 0ms :: {"error":"Não autenticado"}
1:21:38 PM [express] GET /api/me 401 in 0ms :: {"error":"Não autenticado"}
1:22:08 PM [express] GET /api/me 401 in 1ms :: {"error":"Não autenticado"}
1:22:08 PM [express] GET /api/me 401 in 0ms :: {"error":"Não autenticado"}
1:22:38 PM [express] GET /api/me 401 in 1ms :: {"error":"Não autenticado"}
1:22:38 PM [express] GET /api/me 401 in 0ms :: {"error":"Não autenticado"}
1:23:08 PM [express] GET /api/me 401 in 0ms :: {"error":"Não autenticado"}
1:23:08 PM [express] GET /api/me 401 in 0ms :: {"error":"Não autenticado"}
1:23:38 PM [express] GET /api/me 401 in 1ms :: {"error":"Não autenticado"}
1:23:38 PM [express] GET /api/me 401 in 0ms :: {"error":"Não autenticado"}
1:24:08 PM [express] GET /api/me 401 in 0ms :: {"error":"Não autenticado"}
1:24:08 PM [express] GET /api/me 401 in 1ms :: {"error":"Não autenticado"}
1:24:39 PM [express] GET /api/me 401 in 0ms :: {"error":"Não autenticado"}
1:24:39 PM [express] GET /api/me 401 in 1ms :: {"error":"Não autenticado"}
1:25:09 PM [express] GET /api/me 401 in 0ms :: {"error":"Não autenticado"}
1:25:09 PM [express] GET /api/me 401 in 0ms :: {"error":"Não autenticado"}
1:25:39 PM [express] GET /api/me 401 in 0ms :: {"error":"Não autenticado"}
1:25:39 PM [express] GET /api/me 401 in 0ms :: {"error":"Não autenticado"}
1:26:09 PM [express] GET /api/me 401 in 0ms :: {"error":"Não autenticado"}
1:26:09 PM [express] GET /api/me 401 in 0ms :: {"error":"Não autenticado"}
1:26:39 PM [express] GET /api/me 401 in 0ms :: {"error":"Não autenticado"}
1:26:39 PM [express] GET /api/me 401 in 0ms :: {"error":"Não autenticado"}
1:27:09 PM [express] GET /api/me 401 in 0ms :: {"error":"Não autenticado"}
1:27:09 PM [express] GET /api/me 401 in 0ms :: {"error":"Não autenticado"}
1:27:39 PM [express] GET /api/me 401 in 0ms :: {"error":"Não autenticado"}
1:27:39 PM [express] GET /api/me 401 in 0ms :: {"error":"Não autenticado"}
1:28:09 PM [express] GET /api/me 401 in 0ms :: {"error":"Não autenticado"}
1:28:09 PM [express] GET /api/me 401 in 1ms :: {"error":"Não autenticado"}
1:28:40 PM [express] GET /api/me 401 in 0ms :: {"error":"Não autenticado"}
1:28:40 PM [express] GET /api/me 401 in 0ms :: {"error":"Não autenticado"}
1:29:10 PM [express] GET /api/me 401 in 0ms :: {"error":"Não autenticado"}
1:29:10 PM [express] GET /api/me 401 in 0ms :: {"error":"Não autenticado"}
1:29:40 PM [express] GET /api/me 401 in 0ms :: {"error":"Não autenticado"}
1:29:40 PM [express] GET /api/me 401 in 0ms :: {"error":"Não autenticado"}
1:30:10 PM [express] GET /api/me 401 in 0ms :: {"error":"Não autenticado"}
1:30:10 PM [express] GET /api/me 401 in 0ms :: {"error":"Não autenticado"}
1:30:40 PM [express] GET /api/me 401 in 1ms :: {"error":"Não autenticado"}
1:30:40 PM [express] GET /api/me 401 in 1ms :: {"error":"Não autenticado"}
1:31:10 PM [express] GET /api/me 401 in 0ms :: {"error":"Não autenticado"}
1:31:10 PM [express] GET /api/me 401 in 0ms :: {"error":"Não autenticado"}
1:31:41 PM [express] GET /api/me 401 in 0ms :: {"error":"Não autenticado"}
1:31:41 PM [express] GET /api/me 401 in 1ms :: {"error":"Não autenticado"}
1:32:11 PM [express] GET /api/me 401 in 0ms :: {"error":"Não autenticado"}
1:32:11 PM [express] GET /api/me 401 in 0ms :: {"error":"Não autenticado"}
1:32:41 PM [express] GET /api/me 401 in 0ms :: {"error":"Não autenticado"}
1:32:41 PM [express] GET /api/me 401 in 0ms :: {"error":"Não autenticado"}
1:33:11 PM [express] GET /api/me 401 in 1ms :: {"error":"Não autenticado"}
1:33:11 PM [express] GET /api/me 401 in 0ms :: {"error":"Não autenticado"}
1:33:41 PM [express] GET /api/me 401 in 1ms :: {"error":"Não autenticado"}
1:33:41 PM [express] GET /api/me 401 in 1ms :: {"error":"Não autenticado"}
1:34:11 PM [express] GET /api/me 401 in 1ms :: {"error":"Não autenticado"}
1:34:11 PM [express] GET /api/me 401 in 0ms :: {"error":"Não autenticado"}
1:34:42 PM [express] GET /api/me 401 in 1ms :: {"error":"Não autenticado"}
1:34:42 PM [express] GET /api/me 401 in 1ms :: {"error":"Não autenticado"}
1:35:12 PM [express] GET /api/me 401 in 0ms :: {"error":"Não autenticado"}
1:35:12 PM [express] GET /api/me 401 in 0ms :: {"error":"Não autenticado"}
1:35:42 PM [express] GET /api/me 401 in 0ms :: {"error":"Não autenticado"}
1:35:42 PM [express] GET /api/me 401 in 1ms :: {"error":"Não autenticado"}
1:36:12 PM [express] GET /api/me 401 in 0ms :: {"error":"Não autenticado"}
1:36:12 PM [express] GET /api/me 401 in 0ms :: {"error":"Não autenticado"}
1:36:42 PM [express] GET /api/me 401 in 1ms :: {"error":"Não autenticado"}
1:36:42 PM [express] GET /api/me 401 in 0ms :: {"error":"Não autenticado"}
1:37:12 PM [express] GET /api/me 401 in 0ms :: {"error":"Não autenticado"}
1:37:12 PM [express] GET /api/me 401 in 1ms :: {"error":"Não autenticado"}
1:37:43 PM [express] GET /api/me 401 in 0ms :: {"error":"Não autenticado"}
1:37:43 PM [express] GET /api/me 401 in 0ms :: {"error":"Não autenticado"}
1:38:13 PM [express] GET /api/me 401 in 0ms :: {"error":"Não autenticado"}
1:38:13 PM [express] GET /api/me 401 in 0ms :: {"error":"Não autenticado"}
1:38:43 PM [express] GET /api/me 401 in 1ms :: {"error":"Não autenticado"}
1:38:43 PM [express] GET /api/me 401 in 0ms :: {"error":"Não autenticado"}
1:39:13 PM [express] GET /api/me 401 in 0ms :: {"error":"Não autenticado"}
1:39:13 PM [express] GET /api/me 401 in 0ms :: {"error":"Não autenticado"}
1:39:43 PM [express] GET /api/me 401 in 0ms :: {"error":"Não autenticado"}
1:39:43 PM [express] GET /api/me 401 in 0ms :: {"error":"Não autenticado"}
1:40:13 PM [express] GET /api/me 401 in 0ms :: {"error":"Não autenticado"}
1:40:13 PM [express] GET /api/me 401 in 0ms :: {"error":"Não autenticado"}
1:40:43 PM [express] GET /api/me 401 in 1ms :: {"error":"Não autenticado"}
1:40:43 PM [express] GET /api/me 401 in 0ms :: {"error":"Não autenticado"}
1:41:13 PM [express] GET /api/me 401 in 0ms :: {"error":"Não autenticado"}
1:41:13 PM [express] GET /api/me 401 in 0ms :: {"error":"Não autenticado"}
1:41:44 PM [express] GET /api/me 401 in 0ms :: {"error":"Não autenticado"}
1:41:44 PM [express] GET /api/me 401 in 0ms :: {"error":"Não autenticado"}
1:42:14 PM [express] GET /api/me 401 in 0ms :: {"error":"Não autenticado"}
1:42:14 PM [express] GET /api/me 401 in 0ms :: {"error":"Não autenticado"}
1:42:44 PM [express] GET /api/me 401 in 0ms :: {"error":"Não autenticado"}
1:42:44 PM [express] GET /api/me 401 in 0ms :: {"error":"Não autenticado"}
1:43:14 PM [express] GET /api/me 401 in 0ms :: {"error":"Não autenticado"}
1:43:14 PM [express] GET /api/me 401 in 0ms :: {"error":"Não autenticado"}
1:43:44 PM [express] GET /api/me 401 in 0ms :: {"error":"Não autenticado"}
1:43:44 PM [express] GET /api/me 401 in 0ms :: {"error":"Não autenticado"}
1:44:15 PM [express] GET /api/me 401 in 0ms :: {"error":"Não autenticado"}
1:44:15 PM [express] GET /api/me 401 in 0ms :: {"error":"Não autenticado"}
1:44:45 PM [express] GET /api/me 401 in 0ms :: {"error":"Não autenticado"}
1:44:45 PM [express] GET /api/me 401 in 0ms :: {"error":"Não autenticado"}
1:45:15 PM [express] GET /api/me 401 in 0ms :: {"error":"Não autenticado"}
1:45:15 PM [express] GET /api/me 401 in 1ms :: {"error":"Não autenticado"}
1:45:45 PM [express] GET /api/me 401 in 0ms :: {"error":"Não autenticado"}
1:45:45 PM [express] GET /api/me 401 in 0ms :: {"error":"Não autenticado"}
1:46:15 PM [express] GET /api/me 401 in 0ms :: {"error":"Não autenticado"}
1:46:15 PM [express] GET /api/me 401 in 0ms :: {"error":"Não autenticado"}
1:46:45 PM [express] GET /api/me 401 in 0ms :: {"error":"Não autenticado"}
1:46:45 PM [express] GET /api/me 401 in 0ms :: {"error":"Não autenticado"}
1:47:16 PM [express] GET /api/me 401 in 0ms :: {"error":"Não autenticado"}
1:47:16 PM [express] GET /api/me 401 in 0ms :: {"error":"Não autenticado"}
1:47:46 PM [express] GET /api/me 401 in 1ms :: {"error":"Não autenticado"}
1:47:46 PM [express] GET /api/me 401 in 1ms :: {"error":"Não autenticado"}
1:48:16 PM [express] GET /api/me 401 in 0ms :: {"error":"Não autenticado"}
1:48:16 PM [express] GET /api/me 401 in 0ms :: {"error":"Não autenticado"}
1:48:46 PM [express] GET /api/me 401 in 0ms :: {"error":"Não autenticado"}
1:48:46 PM [express] GET /api/me 401 in 0ms :: {"error":"Não autenticado"}
1:49:16 PM [express] GET /api/me 401 in 0ms :: {"error":"Não autenticado"}
1:49:16 PM [express] GET /api/me 401 in 0ms :: {"error":"Não autenticado"}
1:49:46 PM [express] GET /api/me 401 in 0ms :: {"error":"Não autenticado"}
1:49:46 PM [express] GET /api/me 401 in 0ms :: {"error":"Não autenticado"}
1:50:17 PM [express] GET /api/me 401 in 0ms :: {"error":"Não autenticado"}
1:50:17 PM [express] GET /api/me 401 in 1ms :: {"error":"Não autenticado"}
1:50:47 PM [express] GET /api/me 401 in 0ms :: {"error":"Não autenticado"}
1:50:47 PM [express] GET /api/me 401 in 0ms :: {"error":"Não autenticado"}
1:51:17 PM [express] GET /api/me 401 in 0ms :: {"error":"Não autenticado"}
1:51:17 PM [express] GET /api/me 401 in 0ms :: {"error":"Não autenticado"}
1:51:47 PM [express] GET /api/me 401 in 0ms :: {"error":"Não autenticado"}
1:51:47 PM [express] GET /api/me 401 in 0ms :: {"error":"Não autenticado"}
1:52:17 PM [express] GET /api/me 401 in 0ms :: {"error":"Não autenticado"}
1:52:17 PM [express] GET /api/me 401 in 0ms :: {"error":"Não autenticado"}
1:52:47 PM [express] GET /api/me 401 in 0ms :: {"error":"Não autenticado"}
1:52:47 PM [express] GET /api/me 401 in 0ms :: {"error":"Não autenticado"}
1:53:17 PM [express] GET /api/me 401 in 0ms :: {"error":"Não autenticado"}
1:53:17 PM [express] GET /api/me 401 in 0ms :: {"error":"Não autenticado"}
1:53:47 PM [express] GET /api/me 401 in 0ms :: {"error":"Não autenticado"}
1:53:47 PM [express] GET /api/me 401 in 1ms :: {"error":"Não autenticado"}
1:54:18 PM [express] GET /api/me 401 in 0ms :: {"error":"Não autenticado"}
1:54:18 PM [express] GET /api/me 401 in 0ms :: {"error":"Não autenticado"}
