[google-auth] Google OAuth enabled (callback: https://app.builtalliances.com/auth/google/callback)
[bias-valid] No field validations to clear
[comunidade] Found collection as 'Comunidade'
[bia] nome_bia varchar length OK, skipping
[estudos] Collection already exists
[nucleo_tecnico] Directus collection exists (data stored in local PostgreSQL)
[cadastro_geral] nome expanded to varchar(500)
[cadastro_geral] perfil_aliado already OK (text/null), skipping
[cadastro_geral] nucleo_alianca already OK (text/null), skipping
[perms] No reference permissions found
[cadastro_geral] empresa expanded to varchar(500)
[cadastro_geral] cargo expanded to varchar(500)
[perms] No reference permissions found
[comunidade] M2M 'membros': parent_id=integer, related_id=uuid
[comunidade] Junction 'comunidade_membros' already exists
[comunidade] M2M alias 'membros': INVALID_PAYLOAD
[comunidade] M2M rel1 'membros': INVALID_PAYLOAD
[comunidade] M2M rel2 'membros': INVALID_PAYLOAD
[comunidade] M2M 'bias': parent_id=integer, related_id=uuid
[comunidade] Junction 'comunidade_bias' already exists
[comunidade] M2M alias 'bias': INVALID_PAYLOAD
[comunidade] M2M rel1 'bias': INVALID_PAYLOAD
[comunidade] M2M rel2 'bias': INVALID_PAYLOAD
[comunidade] Fields ensured (M2O/M2M)
9:30:50 PM [express] serving on port 3004
9:30:59 PM [express] GET /api/me 401 in 5ms :: {"error":"Não autenticado"}
9:30:59 PM [express] GET /api/me 401 in 1ms :: {"error":"Não autenticado"}
9:30:59 PM [express] GET /api/me 401 in 1ms :: {"error":"Não autenticado"}
9:30:59 PM [express] GET /api/me 401 in 1ms :: {"error":"Não autenticado"}
9:31:29 PM [express] GET /api/me 401 in 0ms :: {"error":"Não autenticado"}
9:31:29 PM [express] GET /api/me 401 in 1ms :: {"error":"Não autenticado"}
9:31:29 PM [express] GET /api/me 401 in 0ms :: {"error":"Não autenticado"}
9:31:29 PM [express] GET /api/me 401 in 0ms :: {"error":"Não autenticado"}
9:32:00 PM [express] GET /api/me 401 in 1ms :: {"error":"Não autenticado"}
9:32:00 PM [express] GET /api/me 401 in 1ms :: {"error":"Não autenticado"}
9:32:00 PM [express] GET /api/me 401 in 1ms :: {"error":"Não autenticado"}
9:32:00 PM [express] GET /api/me 401 in 1ms :: {"error":"Não autenticado"}
9:32:31 PM [express] GET /api/me 401 in 1ms :: {"error":"Não autenticado"}
9:32:31 PM [express] GET /api/me 401 in 0ms :: {"error":"Não autenticado"}
9:32:31 PM [express] GET /api/me 401 in 1ms :: {"error":"Não autenticado"}
9:32:31 PM [express] GET /api/me 401 in 1ms :: {"error":"Não autenticado"}
9:33:01 PM [express] GET /api/me 401 in 0ms :: {"error":"Não autenticado"}
9:33:01 PM [express] GET /api/me 401 in 1ms :: {"error":"Não autenticado"}
9:33:01 PM [express] GET /api/me 401 in 0ms :: {"error":"Não autenticado"}
9:33:01 PM [express] GET /api/me 401 in 0ms :: {"error":"Não autenticado"}
9:33:21 PM [express] GET /api/me 401 in 0ms :: {"error":"Não autenticado"}
9:33:31 PM [express] GET /api/me 401 in 0ms :: {"error":"Não autenticado"}
9:33:31 PM [express] GET /api/me 401 in 0ms :: {"error":"Não autenticado"}
9:33:31 PM [express] GET /api/me 401 in 0ms :: {"error":"Não autenticado"}
9:33:51 PM [express] GET /api/me 401 in 0ms :: {"error":"Não autenticado"}
9:34:01 PM [express] GET /api/me 401 in 1ms :: {"error":"Não autenticado"}
9:34:01 PM [express] GET /api/me 401 in 1ms :: {"error":"Não autenticado"}
9:34:01 PM [express] GET /api/me 401 in 0ms :: {"error":"Não autenticado"}
9:34:21 PM [express] GET /api/me 401 in 1ms :: {"error":"Não autenticado"}
9:34:31 PM [express] GET /api/me 401 in 1ms :: {"error":"Não autenticado"}
9:34:31 PM [express] GET /api/me 401 in 0ms :: {"error":"Não autenticado"}
9:34:31 PM [express] GET /api/me 401 in 0ms :: {"error":"Não autenticado"}
9:34:51 PM [express] GET /api/me 401 in 1ms :: {"error":"Não autenticado"}
9:35:01 PM [express] GET /api/me 401 in 0ms :: {"error":"Não autenticado"}
9:35:01 PM [express] GET /api/me 401 in 0ms :: {"error":"Não autenticado"}
9:35:01 PM [express] GET /api/me 401 in 0ms :: {"error":"Não autenticado"}
9:35:09 PM [vite] (client) hmr update /src/pages/login.tsx, /src/index.css
9:35:21 PM [express] GET /api/me 401 in 1ms :: {"error":"Não autenticado"}
9:35:31 PM [express] GET /api/me 401 in 1ms :: {"error":"Não autenticado"}
9:35:31 PM [express] GET /api/me 401 in 0ms :: {"error":"Não autenticado"}
9:35:31 PM [express] GET /api/me 401 in 0ms :: {"error":"Não autenticado"}
9:35:52 PM [express] GET /api/me 401 in 1ms :: {"error":"Não autenticado"}
9:36:01 PM [express] GET /api/me 401 in 1ms :: {"error":"Não autenticado"}
9:36:01 PM [express] GET /api/me 401 in 0ms :: {"error":"Não autenticado"}
9:36:01 PM [express] GET /api/me 401 in 1ms :: {"error":"Não autenticado"}
9:36:22 PM [express] GET /api/me 401 in 0ms :: {"error":"Não autenticado"}
9:36:31 PM [express] GET /api/me 401 in 0ms :: {"error":"Não autenticado"}
9:36:32 PM [express] GET /api/me 401 in 1ms :: {"error":"Não autenticado"}
9:36:32 PM [express] GET /api/me 401 in 0ms :: {"error":"Não autenticado"}
9:36:52 PM [express] GET /api/me 401 in 1ms :: {"error":"Não autenticado"}
9:37:02 PM [express] GET /api/me 401 in 1ms :: {"error":"Não autenticado"}
9:37:02 PM [express] GET /api/me 401 in 0ms :: {"error":"Não autenticado"}
9:37:02 PM [express] GET /api/me 401 in 0ms :: {"error":"Não autenticado"}
9:37:22 PM [express] GET /api/me 401 in 0ms :: {"error":"Não autenticado"}
9:37:32 PM [express] GET /api/me 401 in 0ms :: {"error":"Não autenticado"}
9:37:32 PM [express] GET /api/me 401 in 1ms :: {"error":"Não autenticado"}
9:37:32 PM [express] GET /api/me 401 in 0ms :: {"error":"Não autenticado"}
9:37:44 PM [express] GET /api/carteira/onboarding-status 401 in 1ms :: {"error":"Não autenticado"}
9:37:53 PM [express] GET /api/me 401 in 1ms :: {"error":"Não autenticado"}
9:38:02 PM [express] GET /api/me 401 in 1ms :: {"error":"Não autenticado"}
9:38:02 PM [express] GET /api/me 401 in 0ms :: {"error":"Não autenticado"}
9:38:02 PM [express] GET /api/me 401 in 1ms :: {"error":"Não autenticado"}
9:38:23 PM [express] GET /api/me 401 in 1ms :: {"error":"Não autenticado"}
9:38:32 PM [express] GET /api/me 401 in 1ms :: {"error":"Não autenticado"}
9:38:32 PM [express] GET /api/me 401 in 1ms :: {"error":"Não autenticado"}
9:38:32 PM [express] GET /api/me 401 in 0ms :: {"error":"Não autenticado"}
9:38:53 PM [express] GET /api/me 401 in 1ms :: {"error":"Não autenticado"}
9:39:02 PM [express] GET /api/me 401 in 0ms :: {"error":"Não autenticado"}
9:39:02 PM [express] GET /api/me 401 in 1ms :: {"error":"Não autenticado"}
9:39:02 PM [express] GET /api/me 401 in 0ms :: {"error":"Não autenticado"}
9:39:24 PM [express] GET /api/me 401 in 1ms :: {"error":"Não autenticado"}
9:39:32 PM [express] GET /api/me 401 in 0ms :: {"error":"Não autenticado"}
9:39:32 PM [express] GET /api/me 401 in 1ms :: {"error":"Não autenticado"}
9:39:32 PM [express] GET /api/me 401 in 1ms :: {"error":"Não autenticado"}
9:39:54 PM [express] GET /api/me 401 in 0ms :: {"error":"Não autenticado"}
9:40:02 PM [express] GET /api/me 401 in 0ms :: {"error":"Não autenticado"}
9:40:02 PM [express] GET /api/me 401 in 0ms :: {"error":"Não autenticado"}
9:40:02 PM [express] GET /api/me 401 in 0ms :: {"error":"Não autenticado"}
9:40:24 PM [express] GET /api/me 401 in 1ms :: {"error":"Não autenticado"}
9:40:32 PM [express] GET /api/me 401 in 0ms :: {"error":"Não autenticado"}
9:40:32 PM [express] GET /api/me 401 in 0ms :: {"error":"Não autenticado"}
9:40:32 PM [express] GET /api/me 401 in 0ms :: {"error":"Não autenticado"}
9:40:39 PM [express] GET /api/me 401 in 1ms :: {"error":"Não autenticado"}
9:40:42 PM [express] GET /api/me 401 in 1ms :: {"error":"Não autenticado"}
9:40:42 PM [express] GET /api/me 401 in 1ms :: {"error":"Não autenticado"}
[login] cadastro_geral lookup: http://127.0.0.1:8055/items/cadastro_geral?filter%5Bemail%5D%5B_eq%5D=seitikatsumi%40gmail.com&fields=id%2CNome_de_usuario%2Cnome%2Cemail&limit=1
[login] cadastro_geral status: 200 body: {"data":[{"id":"06196cc4-b506-4fa0-b3eb-a74576d5b059","Nome_de_usuario":"Barão do Império Chácaras de Lazer SPE Ltda","nome":"Barão do Império Chácaras de Lazer SPE Ltda","email":"seitikatsumi@gmail.com"}]}
9:40:47 PM [express] POST /api/login 200 in 2909ms :: {"id":"3c4b4d72-32d3-469f-9598-0a0ccad6fd79","nome":"Barao do Imperio Chacaras de Lazer SPE Ltda","email":"seitikatsumi@gmail.com","membro_directus_id":"06196cc4-b506-4fa0-b3eb-a74576d5b059","role":"admin","permissions":{"aura":"edit","bias":"edit","admin":"edit","painel":"edit","membros":"edit","calculadora":"edit","fluxo_caixa":"edit","oportunidades":"edit","cadastro_geral":"edit"}}
[login] cadastro_geral lookup: http://127.0.0.1:8055/items/cadastro_geral?filter%5Bemail%5D%5B_eq%5D=seitikatsumi%40gmail.com&fields=id%2CNome_de_usuario%2Cnome%2Cemail&limit=1
[login] cadastro_geral status: 200 body: {"data":[{"id":"06196cc4-b506-4fa0-b3eb-a74576d5b059","Nome_de_usuario":"Barão do Império Chácaras de Lazer SPE Ltda","nome":"Barão do Império Chácaras de Lazer SPE Ltda","email":"seitikatsumi@gmail.com"}]}
9:40:51 PM [express] POST /api/login 200 in 2200ms :: {"id":"3c4b4d72-32d3-469f-9598-0a0ccad6fd79","nome":"Barao do Imperio Chacaras de Lazer SPE Ltda","email":"seitikatsumi@gmail.com","membro_directus_id":"06196cc4-b506-4fa0-b3eb-a74576d5b059","role":"admin","permissions":{"aura":"edit","bias":"edit","admin":"edit","painel":"edit","membros":"edit","calculadora":"edit","fluxo_caixa":"edit","oportunidades":"edit","cadastro_geral":"edit"}}
9:40:52 PM [express] GET /api/me 200 in 4600ms :: {"id":"3c4b4d72-32d3-469f-9598-0a0ccad6fd79","nome":"Barão do Império Chácaras de Lazer SPE Ltda","email":"seitikatsumi@gmail.com","membro_directus_id":"06196cc4-b506-4fa0-b3eb-a74576d5b059","role":"admin","permissions":{"aura":"edit","bias":"edit","admin":"edit","painel":"edit","membros":"edit","calculadora":"edit","fluxo_caixa":"edit","oportunidades":"edit","cadastro_geral":"edit"},"tipos_alianca":["Alianças de Investimento","Alianças de Projeto","Alianças de Operações e Facilities","Alianças de Liderança Comercial"],"Outras_redes_as_quais_pertenco":["BUILT_FOUNDING_MEMBER","BUILT_PROUD_MEMBER","BUILT_CAPITAL_PARTNER","BNI"],"na_vitrine":false,"em_membros_built":true,"em_built_capital":true,"foto_perfil":"/api/assets/1e2983ee-d739-492a-a13d-f5f398676c87?v=directus-db-20260616","vitrine_termo_aceito_em":"2026-05-12T12:28:01.674Z","vitrine_termo_versao":"BUILT JUR - 2","area_aliancas_termo_aceito_em":"2026-06-23T23:38:41.780Z","area_aliancas_termo_versao":"BUILT JUR - 4","built_capital_termo_aceito_em":"2026-05-12T12:42:55.624Z","built_capital_termo_versao":"built_capital_v1_provisorio","pending_vitrine":false,"convite_pendente":null,"adesao_pendente":null,"company_employee":false,"company_owner_user_id":null,"company_owner_membro_id":null,"company_owner_nome":null,"company_owner_email":null,"company_employee_role":null,"company_permissions":null}
[login] cadastro_geral lookup: http://127.0.0.1:8055/items/cadastro_geral?filter%5Bemail%5D%5B_eq%5D=seitikatsumi%40gmail.com&fields=id%2CNome_de_usuario%2Cnome%2Cemail&limit=1
[login] cadastro_geral status: 200 body: {"data":[{"id":"06196cc4-b506-4fa0-b3eb-a74576d5b059","Nome_de_usuario":"Barão do Império Chácaras de Lazer SPE Ltda","nome":"Barão do Império Chácaras de Lazer SPE Ltda","email":"seitikatsumi@gmail.com"}]}
9:40:54 PM [express] POST /api/login 200 in 1423ms :: {"id":"3c4b4d72-32d3-469f-9598-0a0ccad6fd79","nome":"Barao do Imperio Chacaras de Lazer SPE Ltda","email":"seitikatsumi@gmail.com","membro_directus_id":"06196cc4-b506-4fa0-b3eb-a74576d5b059","role":"admin","permissions":{"aura":"edit","bias":"edit","admin":"edit","painel":"edit","membros":"edit","calculadora":"edit","fluxo_caixa":"edit","oportunidades":"edit","cadastro_geral":"edit"}}
9:40:55 PM [express] GET /api/me 401 in 0ms :: {"error":"Não autenticado"}
9:40:55 PM [express] GET /api/me 304 in 3357ms :: {"id":"3c4b4d72-32d3-469f-9598-0a0ccad6fd79","nome":"Barão do Império Chácaras de Lazer SPE Ltda","email":"seitikatsumi@gmail.com","membro_directus_id":"06196cc4-b506-4fa0-b3eb-a74576d5b059","role":"admin","permissions":{"aura":"edit","bias":"edit","admin":"edit","painel":"edit","membros":"edit","calculadora":"edit","fluxo_caixa":"edit","oportunidades":"edit","cadastro_geral":"edit"},"tipos_alianca":["Alianças de Investimento","Alianças de Projeto","Alianças de Operações e Facilities","Alianças de Liderança Comercial"],"Outras_redes_as_quais_pertenco":["BUILT_FOUNDING_MEMBER","BUILT_PROUD_MEMBER","BUILT_CAPITAL_PARTNER","BNI"],"na_vitrine":false,"em_membros_built":true,"em_built_capital":true,"foto_perfil":"/api/assets/1e2983ee-d739-492a-a13d-f5f398676c87?v=directus-db-20260616","vitrine_termo_aceito_em":"2026-05-12T12:28:01.674Z","vitrine_termo_versao":"BUILT JUR - 2","area_aliancas_termo_aceito_em":"2026-06-23T23:38:41.780Z","area_aliancas_termo_versao":"BUILT JUR - 4","built_capital_termo_aceito_em":"2026-05-12T12:42:55.624Z","built_capital_termo_versao":"built_capital_v1_provisorio","pending_vitrine":false,"convite_pendente":null,"adesao_pendente":null,"company_employee":false,"company_owner_user_id":null,"company_owner_membro_id":null,"company_owner_nome":null,"company_owner_email":null,"company_employee_role":null,"company_permissions":null}
9:40:59 PM [express] GET /api/me 304 in 3598ms :: {"id":"3c4b4d72-32d3-469f-9598-0a0ccad6fd79","nome":"Barão do Império Chácaras de Lazer SPE Ltda","email":"seitikatsumi@gmail.com","membro_directus_id":"06196cc4-b506-4fa0-b3eb-a74576d5b059","role":"admin","permissions":{"aura":"edit","bias":"edit","admin":"edit","painel":"edit","membros":"edit","calculadora":"edit","fluxo_caixa":"edit","oportunidades":"edit","cadastro_geral":"edit"},"tipos_alianca":["Alianças de Investimento","Alianças de Projeto","Alianças de Operações e Facilities","Alianças de Liderança Comercial"],"Outras_redes_as_quais_pertenco":["BUILT_FOUNDING_MEMBER","BUILT_PROUD_MEMBER","BUILT_CAPITAL_PARTNER","BNI"],"na_vitrine":false,"em_membros_built":true,"em_built_capital":true,"foto_perfil":"/api/assets/1e2983ee-d739-492a-a13d-f5f398676c87?v=directus-db-20260616","vitrine_termo_aceito_em":"2026-05-12T12:28:01.674Z","vitrine_termo_versao":"BUILT JUR - 2","area_aliancas_termo_aceito_em":"2026-06-23T23:38:41.780Z","area_aliancas_termo_versao":"BUILT JUR - 4","built_capital_termo_aceito_em":"2026-05-12T12:42:55.624Z","built_capital_termo_versao":"built_capital_v1_provisorio","pending_vitrine":false,"convite_pendente":null,"adesao_pendente":null,"company_employee":false,"company_owner_user_id":null,"company_owner_membro_id":null,"company_owner_nome":null,"company_owner_email":null,"company_employee_role":null,"company_permissions":null}
9:41:00 PM [express] GET /api/meu-convite 200 in 709ms
9:41:01 PM [express] GET /api/carteira/alertas 304 in 846ms :: [{"id":"fefef4e9-ee59-4010-a981-a092a56e0b2b","imovel_id":"inv-1784470695598-9fe3c616","tipo":"documental","severidade":"alta","titulo":"Documento vencido","descricao":"Registro de Imóvel · versão 1","impacto":"A validade documental pode limitar decisões ou transações relacionadas ao imóvel.","acao_sugerida":"Revisar o documento e providenciar uma versão atualizada.","prazo":"2026-01-03","status":"aberto","delegado_para_user_id":null,"criado_por_user_id":"2d0c93ce-370c-480e-85be-5bd5eb94c0f1","criado_em":"2026-08-07 11:09:02.718067","atualizado_em":"2026-08-07 11:09:02.718067","acao_registrada":null,"acao_registrada_em":null,"acao_registrada_por_user_id":null,"ignorado_em":null,"ignorado_por_user_id":null,"imovel_nome":"Lote 09","imovel_cidade":"Lagoa Santa","imovel_estado":"MG","access_level":"administracao","can_act":true}]
9:41:01 PM [express] GET /api/agenda-alertas/contador 200 in 2073ms :: {"pendencias_ativas":2,"display":2}
9:41:01 PM [express] GET /api/bia-diretor-solicitacoes/minhas 200 in 209ms :: []
9:41:01 PM [express] GET /api/agenda 304 in 1958ms :: [{"id":"5775c2f8-cac5-4f32-9763-623c9701b89a","user_id":"3c4b4d72-32d3-469f-9598-0a0ccad6fd79","membro_id":"06196cc4-b506-4fa0-b3eb-a74576d5b059","titulo":"Teste","descricao":"oioioioi","data":"2026-06-06","hora":null,"status":"pendente","prioridade":"media","contexto_tipo":null,"contexto_id":null,"origem_tarefa_id":null,"atribuido_por_user_id":null,"atribuido_por_membro_id":null,"atribuido_por_nome":null,"criado_em":"2026-05-29T12:05:40.210Z","atualizado_em":"2026-06-05T00:53:28.060Z","compartilhada_com":0}]
9:41:01 PM [express] GET /api/bia-socio-solicitacoes/minhas 200 in 400ms :: []
9:41:01 PM [express] GET /api/chamadas-alianca/minhas 304 in 400ms :: []
9:41:02 PM [express] GET /api/me 401 in 0ms :: {"error":"Não autenticado"}
9:41:02 PM [express] GET /api/me 401 in 0ms :: {"error":"Não autenticado"}
9:41:02 PM [express] GET /api/me 401 in 0ms :: {"error":"Não autenticado"}
9:41:02 PM [express] GET /api/carteira/onboarding-status 200 in 405ms :: {"required":false,"reason":"no_property_purpose","purposes":[]}
9:41:02 PM [express] GET /api/bia-diretor-solicitacoes/minhas 304 in 512ms :: []
9:41:02 PM [express] GET /api/rede/oportunidades/notificacoes/minhas 200 in 512ms :: []
9:41:02 PM [express] GET /api/membros/06196cc4-b506-4fa0-b3eb-a74576d5b059 304 in 3021ms :: {"id":"06196cc4-b506-4fa0-b3eb-a74576d5b059","nome":"Barão do Império Chácaras de Lazer SPE Ltda","tipo_pessoa":"PJ","tipo_de_cadastro":"Fornecedor","cpf_cnpj":"23.887.039/0001-78","data_nascimento":"2026-06-30","email":"seitikatsumi@gmail.com","whatsapp":"+55 27999817831","telefone":"+55 312312312123","telefone_secundario":null,"site":null,"instagram":null,"responsavel_nome":null,"responsavel_cargo":null,"cep":"29060270","logradouro":null,"numero":"1","complemento":"1","bairro":"Jardim da Penha","cidade":"Vitória","estado":"ES","pais":"Brasil","origem":null,"utm_source":null,"utm_medium":null,"utm_campaign":null,"canal_preferido":null,"observacoes":null,"ativo":true,"whatsapp_e164":null,"whatsapp_opt_in":false,"whatsapp_opt_in_em":null,"whatsapp_opt_out_em":null,"cadastro_geral_id":null,"empresa":"empresaaa","cargo":"Cargo","perfil_aliado":"sou legal\nVAKFKLANDkmdklMKAKFKLANDkmdklMKAKFKLANDkmdklMK\n\nAKFKLANDkmdklMKVAKFKLANDkmdklMKAKFKLANDkmdklMKVAKFKLANDkmdklMKAKFKLANDkmdklMKAKFKLANDkmdklMK\n\nAKFKLANDkmdklMKVAKFKLANDkmdklMKAKFKLANDkmdklMKVAKFKLANDkmdklMKAKFKLANDkmdklMKAKFKLANDkmdklMK\n\nAKFKLANDkmdklMKVAKFKLANDkmdklMKAKFKLANDkmdklMKVAKFKLANDkmdklMKAKFKLANDkmdklMKAKFKLANDkmdklMK\n\nAKFKLANDkmdklMKVAKFKLANDkmdklMKAKFKLANDkmdklMKVAKFKLANDkmdklMKAKFKLANDkmdklMKAKFKLANDkmdklMK\n\nAKFKLANDkmdklMKVAKFKLANDkmdklMKAKFKLANDkmdklMKVAKFKLANDkmdklMKAKFKLANDkmdklMKAKFKLANDkmdklMK\n\nAKFKLANDkmdklMKVAKFKLANDkmdklMKAKFKLANDkmdklMKVAKFKLANDkmdklMKAKFKLANDkmdklMKAKFKLANDkmdklMK\n\nAKFKLANDkmdklMKVAKFKLANDkmdklMKAKFKLANDkmdklMKVAKFKLANDkmdklMKAKFKLANDkmdklMKAKFKLANDkmdklMK\n\nAKFKLANDkmdklMKVAKFKLANDkmdklMKAKFKLANDkmdklMK\n\n\nAKFKLANDkmdklMKAKFKLANDkmdklMKV","nucleo_alianca":"Diretoria da Aliança","linguas_faladas":null,"selos":null,"categoria":null,"links":null,"contatos":null,"fuso_horario":null,"foto_perfil":"1e2983ee-d739-492a-a13d-f5f398676c87","built_code":"d851f5b6-0ae8-4220-b921-9d05e1c608ab","Favorecido_fluxo":null,"Nome_de_usuario":"Barão do Império Chácaras de Lazer SPE Ltda","na_vitrine":false,"em_membros_built":true,"em_built_capital":true,"link_site":"elevenmind.com.br","latitude":-29.379286,"longitude":-50.873703,"Outras_redes_as_quais_pertenco":["BUILT_FOUNDING_MEMBER","BUILT_PROUD_MEMBER","BUILT_CAPITAL_PARTNER","BNI"],"tipo_alianca":"Projeto","logo_empresa":"35895822-b96e-43bd-a97c-2fa1ade9e884","especialidade_livre":"especialidade","idiomas":["Português","Russo"],"nucleos_alianca":["Núcleo de Capital","Núcleo Técnico","Núcleo Comercial","Diretoria da Aliança"],"tipos_alianca":["Alianças de Investimento","Alianças de Projeto","Alianças de Operações e Facilities","Alianças de Liderança Comercial"],"ramo_atuacao":"Arquitetura, Engenharia & Planejamento","segmento":"Projetos de arquitetura; Estudos de viabilidade técnica e econômica; Arquitetura de interiores","CNPJ":null,"codigo_etica_aceito_em":"2026-06-29T23:28:34.220Z","codigo_etica_versao":"BUILT JUR - 1","politicas_participacao_aceito_em":"2026-06-29T23:28:53.049Z","politicas_participacao_versao":"BUILT JUR - 1","vitrine_termo_aceito_em":"2026-05-12T12:28:01.674Z","vitrine_termo_versao":"BUILT JUR - 2","built_capital_termo_aceito_em":"2026-05-12T12:42:55.624Z","built_capital_termo_versao":"built_capital_v1_provisorio","area_aliancas_termo_aceito_em":"2026-06-23T23:38:41.780Z","area_aliancas_termo_versao":"BUILT JUR - 4","foto_posicao_x":50,"foto_posicao_y":50,"area_atuacao":"Local","nacionalidade":"Brasilierooo","nome_mae":"mae","nome_pai":"pai","profissao":"profission","cpf":"121232132","rg":"123123123","estado_civil":"solteiro","regime_comunhao":null,"conjuge_nome_completo":null,"conjuge_nacionalidade":null,"conjuge_nome_mae":null,"conjuge_nome_pai":null,"conjuge_data_nascimento":null,"conjuge_profissao":null,"conjuge_email":null,"conjuge_telefone":null,"conjuge_cpf":null,"conjuge_rg":null,"mesmo_endereco":true,"endereco":"Rua Comissário Octávio Queiroz","titular_endereco":"Rua Comissário Octávio Queiroz","titular_bairro":"Jardim da Penha","titular_cidade":"Vitória","titular_estado":"ES","titular_pais":"Brasil","conjuge_endereco":null,"conjuge_bairro":null,"conjuge_cidade":null,"conjuge_estado":null,"conjuge_pais":null,"cnpj":"312312312","titular_cep":null,"titular_numero":null,"titular_complemento":null,"conjuge_cep":null,"conjuge_numero":null,"conjuge_complemento":null,"Especialidades":[{"especialidades_id":{"id":"59e82731-35d3-4f72-b536-1186f8f9945e","nome_especialidade":"Acústica e conforto ambiental"}}],"foto":"1e2983ee-d739-492a-a13d-f5f398676c87","especialidade_id":"59e82731-35d3-4f72-b536-1186f8f9945e","especialidade":"Acústica e conforto ambiental"}
9:41:02 PM [express] GET /api/aura/score/06196cc4-b506-4fa0-b3eb-a74576d5b059 304 in 2884ms :: {"score":null,"T":null,"R":null,"C":null,"aura_plena":0,"aura_observada":null,"aura_publicavel":null,"cobertura_dimensional":0,"teto_cobertura":null,"teto_confianca":69,"teto_curadoria":null,"motivos_trava":[],"n":0,"faixa":null,"FR_T":1,"FR_R":1,"FR_C":1,"confianca":"Sem base reputacional","confianca_descricao":"Aguardando primeira avaliação","total_palavras":0,"scores_reputacionais":{"T":0,"R":0,"C":0},"scores_ajustados":{"T":0,"R":0,"C":0},"pontos_positivos":{"T":0,"R":0,"C":0},"penalidades_negativas":{"T":0,"R":0,"C":0},"amplitude_reputacional":{"T":0,"R":0,"C":0},"convergencia_reputacional":{"T":0,"R":0,"C":0},"dimensoes_com_evidencia":[],"dimensoes_sem_evidencia":["T","R","C"],"elegivel_aura_suprema":false,"correspondencia_valores":{"T":0,"R":0,"C":0},"redutor_reputacional":0,"pontos_atencao_reputacional":[],"palavras_recebidas":[]}
9:41:02 PM [express] GET /api/bia-socio-solicitacoes/minhas 304 in 524ms :: []
9:41:02 PM [express] GET /api/chamadas-alianca/minhas 304 in 209ms :: []
9:41:02 PM [express] POST /api/usage-events 200 in 416ms :: {"success":true}
9:41:03 PM [express] GET /api/dashboard 200 in 3338ms :: {"bias":[],"comunidades":[{"id":4,"nome":"BUILT Brasil | Belo Horizonte | Comunidade A01","sigla":"BR-BH-COM-A01","pais":"Brasil","sigla_pais":"BR","territorio":"Belo Horizonte","sigla_territorio":"BH","codigo_sequencial":"A01","aliado_id":null,"membros_ids":null,"bias_ids":null,"status":"ativa","date_created":"2026-04-15T14:25:50.715Z","membros":[{"cadastro_geral_id":{"id":"fbf45997-9940-4386-a1f3-77407a22dee7","nome":"LuhanTeste","email":"watanabeluhan@gmail.com","foto_perfil":null,"cargo":null,"empresa":"Empresaa","tipo_de_cadastro":"lead","tipo_alianca":null,"tipos_alianca":["Alianças de Liderança Comercial"],"nucleo_alianca":null,"nucleos_alianca":["Diretoria da Aliança"],"Outras_redes_as_quais_pertenco":["BUILT_PROUD_MEMBER"],"em_built_capital":false,"na_vitrine":true}},{"cadastro_geral_id":{"id":"d1fb76b0-e9bd-47d0-a32f-65b70366c1b0","nome":"Teste cadastro Mario","email":"flebogram2@gmail.com","foto_perfil":null,"cargo":null,"empresa":"empresa","tipo_de_cadastro":"lead","tipo_alianca":null,"tipos_alianca":null,"nucleo_alianca":null,"nucleos_alianca":null,"Outras_redes_as_quais_pertenco":null,"em_built_capital":true,"na_vitrine":true}},{"cadastro_geral_id":{"id":"06196cc4-b506-4fa0-b3eb-a74576d5b059","nome":"Barão do Império Chácaras de Lazer SPE Ltda","email":"seitikatsumi@gmail.com","foto_perfil":"1e2983ee-d739-492a-a13d-f5f398676c87","cargo":"Cargo","empresa":"empresaaa","tipo_de_cadastro":"Fornecedor","tipo_alianca":"Projeto","tipos_alianca":["Alianças de Investimento","Alianças de Projeto","Alianças de Operações e Facilities","Alianças de Liderança Comercial"],"nucleo_alianca":"Diretoria da Aliança","nucleos_alianca":["Núcleo de Capital","Núcleo Técnico","Núcleo Comercial","Diretoria da Aliança"],"Outras_redes_as_quais_pertenco":["BUILT_FOUNDING_MEMBER","BUILT_PROUD_MEMBER","BUILT_CAPITAL_PARTNER","BNI"],"em_built_capital":true,"na_vitrine":false}},{"cadastro_geral_id":{"id":"724d77a1-8154-4845-97f2-e526e8f0214b","nome":" JOBSON AZEVEDO","email":"JOBSON@AMAISREFRIGERACAO.COM.BR","foto_perfil":"3383a339-48ab-498f-b677-044e03f18e3c","cargo":null,"empresa":" A+REFRIGERAÇÃO","tipo_de_cadastro":"lead","tipo_alianca":"Alianças de Execução","tipos_alianca":null,"nucleo_alianca":"Núcleo de Obra","nucleos_alianca":null,"Outras_redes_as_quais_pertenco":["BUILT_PROUD_MEMBER","BUILT_FOUNDING_MEMBER","BNI"],"em_built_capital":true,"na_vitrine":true}},{"cadastro_geral_id":{"id":"7146606c-1240-4e59-97d4-9bb0ec466231","nome":"Luhan4","email":"a@gnail.com","foto_perfil":null,"cargo":null,"empresa":null,"tipo_de_cadastro":"lead","tipo_alianca":"Alianças de Liderança Técnica","tipos_alianca":["Alianças de Liderança Técnica"],"nucleo_alianca":"Diretoria da Aliança","nucleos_alianca":["Diretoria da Aliança"],"Outras_redes_as_quais_pertenco":null,"em_built_capital":false,"na_vitrine":true}}],"bias":[{"bias_projetos_id":{"id":"a9011ff0-74d0-4ac3-99a6-dfdddc528f66","nome_bia":"BIA de testes"}}],"aliado":{"id":"06196cc4-b506-4fa0-b3eb-a74576d5b059","nome":"Barão do Império Chácaras de Lazer SPE Ltda","email":"seitikatsumi@gmail.com","foto_perfil":"1e2983ee-d739-492a-a13d-f5f398676c87","cargo":"Cargo","empresa":"empresaaa","tipo_de_cadastro":"Fornecedor","tipo_alianca":"Projeto","tipos_alianca":["Alianças de Investimento","Alianças de Projeto","Alianças de Operações e Facilities","Alianças de Liderança Comercial"],"nucleo_alianca":"Diretoria da Aliança","nucleos_alianca":["Núcleo de Capital","Núcleo Técnico","Núcleo Comercial","Diretoria da Aliança"],"Outras_redes_as_quais_pertenco":["BUILT_FOUNDING_MEMBER","BUILT_PROUD_MEMBER","BUILT_CAPITAL_PARTNER","BNI"],"em_built_capital":true,"na_vitrine":false}}],"opas":[],"convergencias":[{"id":"5794c801-4698-43b9-bd7e-ce5114f28ff5","nome_oportunidade":"Liderança de Núcleo Comercial","tipo":"Liderança","ramo_atuacao":null,"bia":"67a11303-2772-4f85-89c3-301539ef2662","bia_id":"67a11303-2772-4f85-89c3-301539ef2662","valor_origem_opa":"7000.00","Minimo_esforco_multiplicador":"100","objetivo_alianca":null,"nucleo_alianca":"Núcleo Comercial","pais":null,"descricao":null,"perfil_aliado":"Credibilidade local, conhecedor do mercado de Cachoeiro. ","imagem_directus_id":null,"imagem_url":null,"status":"ativa","motivo_encerramento":null,"date_created":"2026-04-06T17:59:45","user_created":null,"criado_por_user_id":null,"criado_por_membro_id":null,"localizacao":null,"latitude":null,"longitude":null,"Anexos":[],"opportunity_kind":"oba","selo":"OBA","nome_bia_vinculada":"BIA MCGRAN Partners"},{"id":"76a24d26-640c-45ef-98af-16ac0f642d20","nome_oportunidade":"Execução de projeto de Design de Interiores","tipo":"Projeto","ramo_atuacao":null,"bia":"ec7d8735-7ef2-410b-8c19-07ce69f38e9d","bia_id":"ec7d8735-7ef2-410b-8c19-07ce69f38e9d","valor_origem_opa":"6000.00","Minimo_esforco_multiplicador":"50","objetivo_alianca":null,"nucleo_alianca":"Núcleo técnico","pais":null,"descricao":"Projeto de interiores focado em Airbnb com detalhamento de mobílias, acabamentos, móveis planejados.\nAp 95m²","perfil_aliado":"Conhecedor da cultura de ambientes da Serra Gaúcha\nFocado em viabilidade econômica de execução (custo x benefício)","imagem_directus_id":"3633ca33-e625-4ba8-ba23-348a6c2bbb37","imagem_url":"/api/assets/3633ca33-e625-4ba8-ba23-348a6c2bbb37?v=directus-db-20260616","status":"ativa","motivo_encerramento":null,"date_created":"2026-04-10T13:50:09","user_created":null,"criado_por_user_id":null,"criado_por_membro_id":null,"localizacao":null,"latitude":null,"longitude":null,"Anexos":[],"opportunity_kind":"oba","selo":"OBA","nome_bia_vinculada":"BIA Veneto 104 Vivenda"},{"id":"b55e3704-8c87-4ade-841d-89ea8e7eb749","nome_oportunidade":"CPP para Construção de Casa em Condomínio Fechado","tipo":"Investimento","ramo_atuacao":null,"bia":"36f94462-dcd8-429d-b232-7e1d7c364e5f","bia_id":"36f94462-dcd8-429d-b232-7e1d7c364e5f","valor_origem_opa":"100000.00","Minimo_esforco_multiplicador":"100","objetivo_alianca":null,"nucleo_alianca":"Núcleo de Capital","pais":null,"descricao":"Casa 09 - 293 m²\nCota de 100.000,00 em 20 parcelas corrigidas a 0,6% ao mês","perfil_aliado":"Parceiro de Capital ","imagem_directus_id":"b13f266d-f98d-4590-9eb5-ea7b5de8c710","imagem_url":"/api/assets/b13f266d-f98d-4590-9eb5-ea7b5de8c710?v=directus-db-20260616","status":"ativa","motivo_encerramento":null,"date_created":"2026-04-10T14:37:01","user_created":null,"criado_por_user_id":null,"criado_por_membro_id":null,"localizacao":null,"latitude":null,"longitude":null,"Anexos":[],"opportunity_kind":"oba","selo":"OBA","nome_bia_vinculada":"BIA Quintas Top View 9"},{"id":"bf613fb5-7129-4d28-ab8d-74fec46efb54","nome_oportunidade":"Chamadas para aliança de Liderança","tipo":"Investimento","ramo_atuacao":null,"bia":"a9011ff0-74d0-4ac3-99a6-dfdddc528f66","bia_id":"a9011ff0-74d0-4ac3-99a6-dfdddc528f66","valor_origem_opa":"51343.00","Minimo_esforco_multiplicador":"100","objetivo_alianca":null,"nucleo_alianca":"Núcleo de Capital","pais":null,"descricao":"RO para a comunidade da BIA BIA de testes.\nCargo em aberto: Diretor de Capital.\n\nRO para a comunidade da BIA BIA de testes.\nArea: Liderança.\nNucleo acionado: Núcleo de Capital.\nCargo em aberto: Núcleo de Capital.\nData da reuniao: 11/06/2026, 22:09.\nLink da reuniao: https://meet.google.com/pde-qsfx-bxr","perfil_aliado":"Convite para cargo em aberto","imagem_directus_id":null,"imagem_url":null,"status":"ativa","motivo_encerramento":null,"date_created":"2026-06-10T13:09:35","user_created":null,"criado_por_user_id":null,"criado_por_membro_id":null,"localizacao":"Itatiba, Região Imediata de Jundiaí, Região Metropolitana de Campinas, Região Geográfica Intermediária de Campinas, São Paulo, Brasil","latitude":-23.005554,"longitude":-46.83977,"Anexos":[],"opportunity_kind":"oba","selo":"OBA","nome_bia_vinculada":"BIA de testes"},{"id":"dc654554-9fe3-4c15-8ec8-d6d64479bdaa","nome_oportunidade":"Chamada para aliança de Liderança","tipo":"Investimento","ramo_atuacao":null,"bia":"a9011ff0-74d0-4ac3-99a6-dfdddc528f66","bia_id":"a9011ff0-74d0-4ac3-99a6-dfdddc528f66","valor_origem_opa":"51343.00","Minimo_esforco_multiplicador":"100","objetivo_alianca":null,"nucleo_alianca":"Núcleo de Capital","pais":null,"descricao":"RO para o território da BIA BIA de testes.\nCargo em aberto: Diretor de Capital.\n\nRO para a comunidade da BIA BIA de testes.\nArea: Liderança.\nNucleo acionado: Núcleo de Capital.\nCargo em aberto: Núcleo de Capital.\nData da reuniao: 11/06/2026, 22:30.\nLink da reuniao: https://meet.google.com/pde-qsfx-bxr","perfil_aliado":"Convite para cargo em aberto","imagem_directus_id":null,"imagem_url":null,"status":"ativa","motivo_encerramento":null,"date_created":"2026-06-10T13:30:49","user_created":null,"criado_por_user_id":null,"criado_por_membro_id":null,"localizacao":"Itatiba, Região Imediata de Jundiaí, Região Metropolitana de Campinas, Região Geográfica Intermediária de Campinas, São Paulo, Brasil","latitude":-23.005554,"longitude":-46.83977,"Anexos":[],"opportunity_kind":"oba","selo":"OBA","nome_bia_vinculada":"BIA de testes"},{"id":"e1a36a60-d51c-4c50-aa81-297285ac6d36","nome_oportunidade":"Aquisição de terreno em lançamento","tipo":"Investimento","ramo_atuacao":null,"bia":"701e044c-93ac-4e86-b3e8-e2e9592dcb75","bia_id":"701e044c-93ac-4e86-b3e8-e2e9592dcb75","valor_origem_opa":"665000.00","Minimo_esforco_multiplicador":"100","objetivo_alianca":null,"nucleo_alianca":"Núcleo de Capital","pais":null,"descricao":"Aquisição dividida em 10 cotas de aproximadamente R$ 66.500,00 em 36x (R$1.847,00)","perfil_aliado":"Investidor para comercialização","imagem_directus_id":"a7b4d51a-5878-404a-8761-500a7f78ee24","imagem_url":"/api/assets/a7b4d51a-5878-404a-8761-500a7f78ee24?v=directus-db-20260616","status":"ativa","motivo_encerramento":null,"date_created":"2026-06-08T16:42:42","user_created":null,"criado_por_user_id":null,"criado_por_membro_id":null,"localizacao":"Vila Velha, Espírito Santo, Região Sudeste, Brasil","latitude":-20.329704,"longitude":-40.29202,"Anexos":[],"opportunity_kind":"oba","selo":"OBA","nome_bia_vinculada":"BIA Arbori"}],"dashboard_stats":{"convergencias_total":6,"opas_total_periodo":9,"interesses_manifestados":0,"indice_convergencia":66.66666666666666,"taxa_interesse":0,"opas_comunidade_total":2,"opas_por_abrangencia":[{"name":"Regional","value":0},{"name":"Nacional","value":2},{"name":"Global","value":0}]},"totals":{"valor_origem":0,"custo_final_previsto":0,"resultado_liquido":0},"opas_abertas":0}
9:41:04 PM [express] GET /api/convites 200 in 1688ms :: [{"id":"3d71fc02-a4a6-49e4-9ea3-2e98f7684d76","token":"ed77071f-5209-4d02-8770-2673c4d9c5fd","comunidade_id":"4","candidato_membro_id":"d1090fea-9eae-4bd9-b49e-4c22a55eb75f","candidato_nome":"Luhan Teste imovel","candidato_email":"imovel@gmail.com","invitador_membro_id":"06196cc4-b506-4fa0-b3eb-a74576d5b059","status":"termos_pendentes","tipo":"jornada_imoveis","dados_contratuais":{"cpf":null,"cnpj":null,"pais":"Brasil","cargo":null,"email":"imovel@gmail.com","cidade":null,"estado":null,"origem":"cadastro_inicial","empresa":null,"telefone":null,"whatsapp":null,"interesses":["imoveis"],"nome_empresa":null,"nome_completo":"Luhan Teste imovel","termos_aceitos":{},"termos_versoes":{},"convite_link_tipo":"vitrine","finalidades_conta":["imoveis"],"acesso_imoveis_gratuito":true},"expires_at":null,"termos_aceitos_em":null,"solicitacao_acesso_em":null,"aura_invitador_avaliada_em":null,"avaliacao_token":null,"lembrete_24h_em":null,"lembrete_48h_em":null,"lembrete_72h_em":null,"criado_em":"2026-08-17T11:57:13.603Z","atualizado_em":"2026-08-17T11:57:13.603Z"},{"id":"daa6e885-22d3-4ef8-96ca-1b4bb0c8f671","token":"3061dcb2-f429-4822-a728-5e7c64eb456c","comunidade_id":"4","candidato_membro_id":"7146606c-1240-4e59-97d4-9bb0ec466231","candidato_nome":"Luhan4","candidato_email":"a@gnail.com","invitador_membro_id":"06196cc4-b506-4fa0-b3eb-a74576d5b059","status":"aguardando_avaliacao_aura","tipo":"vitrine","dados_contratuais":{"cpf":"1","cnpj":null,"pais":"Brasil","cargo":null,"email":"a@gnail.com","cidade":"A","estado":"A","origem":"cadastro_inicial","empresa":null,"telefone":"+55 1","whatsapp":"+55 1","aceito_em":"2026-07-27T10:15:57.738Z","interesses":["vitrine"],"nome_empresa":null,"nome_completo":"Luhan4","termos_aceitos":{"codigo_etica":true,"politicas_participacao_protecao":true},"termos_versoes":{"codigo_etica":"BUILT JUR - 1","politicas_participacao_protecao":"BUILT JUR - 1"},"convite_link_tipo":"vitrine","aceite_localizacao":{"status":"capturada","accuracy":18.709881249803693,"latitude":34.782275641209935,"longitude":137.36911274174182,"captured_at":"2026-07-27T10:15:57.738Z"}},"expires_at":null,"termos_aceitos_em":"2026-07-27T10:15:57.811Z","solicitacao_acesso_em":"2026-07-27T10:27:21.336Z","aura_invitador_avaliada_em":null,"avaliacao_token":"22a4a0e1-4910-4c13-b121-1e83c5d40b80","lembrete_24h_em":null,"lembrete_48h_em":null,"lembrete_72h_em":null,"criado_em":"2026-07-27T10:14:20.274Z","atualizado_em":"2026-07-27T10:27:21.336Z"},{"id":"281654f3-cce2-4fe7-9e95-0f87959d2d94","token":"f91465d2-f946-46a6-adba-6a18fb69dc72","comunidade_id":"4","candidato_membro_id":"fbf45997-9940-4386-a1f3-77407a22dee7","candidato_nome":"LuhanTeste","candidato_email":"watanabeluhan@gmail.com","invitador_membro_id":"06196cc4-b506-4fa0-b3eb-a74576d5b059","status":"cancelado","tipo":"associacao_completa","dados_contratuais":{"nome_completo":"LuhanTeste","email":"watanabeluhan@gmail.com","telefone":"+55 312321132","whatsapp":"+55 132312321","cpf":"3212321312","cnpj":"312132312","nome_empresa":"Empresaa","empresa":"Empresaa","cargo":null,"cidade":"Tóquio","estado":null,"pais":"Japão"},"expires_at":"2026-06-25T00:54:10.613Z","termos_aceitos_em":null,"solicitacao_acesso_em":null,"aura_invitador_avaliada_em":null,"avaliacao_token":null,"lembrete_24h_em":null,"lembrete_48h_em":null,"lembrete_72h_em":null,"criado_em":"2026-06-23T00:49:15.435Z","atualizado_em":"2026-06-29T20:26:23.830Z"},{"id":"215d13d5-cc5a-41f9-bb0d-71ac8b8789f1","token":"58178285-044b-4f94-831b-99f047537f88","comunidade_id":"4","candidato_membro_id":"724d77a1-8154-4845-97f2-e526e8f0214b","candidato_nome":" JOBSON AZEVEDO","candidato_email":"JOBSON@AMAISREFRIGERACAO.COM.BR","invitador_membro_id":"90d2589b-c318-4562-8421-36c7467475c5","status":"membro","tipo":"manual","dados_contratuais":{"nome_completo":" JOBSON AZEVEDO","email":"JOBSON@AMAISREFRIGERACAO.COM.BR","telefone":"5527999771577","whatsapp":"5527999771577","cpf":null,"cnpj":null,"nome_empresa":" A+REFRIGERAÇÃO","empresa":" A+REFRIGERAÇÃO","cargo":null,"cidade":"SERRA","estado":"ES","pais":"Brasil"},"expires_at":null,"termos_aceitos_em":null,"solicitacao_acesso_em":null,"aura_invitador_avaliada_em":null,"avaliacao_token":null,"lembrete_24h_em":null,"lembrete_48h_em":null,"lembrete_72h_em":null,"criado_em":"2026-06-16T20:26:27.452Z","atualizado_em":"2026-06-16T20:26:27.452Z"},{"id":"24746b90-1ea6-4913-af02-197792210756","token":"f4934d31-a8be-4cc4-9c18-d066083cc013","comunidade_id":"4","candidato_membro_id":"482fce7d-4dac-4487-bbad-36b3bf105db9","candidato_nome":"Luhan","candidato_email":"luhanguilherme3@gmail.com","invitador_membro_id":"06196cc4-b506-4fa0-b3eb-a74576d5b059","status":"cancelado","tipo":"vitrine","dados_contratuais":{"origem":"cadastro_inicial","aceito_em":"2026-05-19T13:50:38.837Z","interesses":["capital"],"termos_aceitos":{"codigo_etica":true,"politicas_participacao_protecao":true},"termos_versoes":{"codigo_etica":"BUILT JUR - 1","politicas_participacao_protecao":"BUILT JUR - 1"}},"expires_at":null,"termos_aceitos_em":"2026-05-19T13:50:38.976Z","solicitacao_acesso_em":null,"aura_invitador_avaliada_em":null,"avaliacao_token":null,"lembrete_24h_em":null,"lembrete_48h_em":null,"lembrete_72h_em":null,"criado_em":"2026-05-19T13:50:18.674Z","atualizado_em":"2026-06-29T20:26:30.104Z"},{"id":"7040e591-40d3-4c98-a459-26d7ca86f8ec","token":"3e6d9fb5-e004-4533-85fc-c2f3496a5a38","comunidade_id":"4","candidato_membro_id":"7f00f9f3-536c-4018-bd14-aafe67dedec6","candidato_nome":"luhannn","candidato_email":"luhannn@gmail.com","invitador_membro_id":"06196cc4-b506-4fa0-b3eb-a74576d5b059","status":"convidado","tipo":"associacao_completa","dados_contratuais":{"interesses":["membros"],"termos_aceitos":{},"termos_versoes":{},"origem_interesses":["vitrine","membros"]},"expires_at":null,"termos_aceitos_em":null,"solicitacao_acesso_em":null,"aura_invitador_avaliada_em":null,"avaliacao_token":null,"lembrete_24h_em":null,"lembrete_48h_em":null,"lembrete_72h_em":null,"criado_em":"2026-05-14T13:22:33.484Z","atualizado_em":"2026-05-14T13:22:33.484Z"},{"id":"0d80ac02-9bb2-404c-981b-ac4803f239fb","token":"122008fb-ea3e-43f6-9b2d-4ee924111736","comunidade_id":"4","candidato_membro_id":"7f00f9f3-536c-4018-bd14-aafe67dedec6","candidato_nome":"luhannn","candidato_email":"luhannn@gmail.com","invitador_membro_id":"06196cc4-b506-4fa0-b3eb-a74576d5b059","status":"cancelado","tipo":"vitrine","dados_contratuais":{"origem":"cadastro_inicial","aceito_em":"2026-05-14T13:37:46.861Z","interesses":["vitrine","membros"],"termos_aceitos":{"codigo_etica":true,"politicas_participacao_protecao":true},"termos_versoes":{"codigo_etica":"BUILT JUR - 1","politicas_participacao_protecao":"BUILT JUR - 1"}},"expires_at":null,"termos_aceitos_em":"2026-05-14T13:37:49.102Z","solicitacao_acesso_em":null,"aura_invitador_avaliada_em":null,"avaliacao_token":null,"lembrete_24h_em":null,"lembrete_48h_em":null,"lembrete_72h_em":null,"criado_em":"2026-05-14T13:22:33.299Z","atualizado_em":"2026-06-29T20:26:32.512Z"},{"id":"16aabfe4-fe10-45bf-b042-f5b30d56c9ec","token":"2f9cec94-99aa-41d3-968f-89219e130f88","comunidade_id":"4","candidato_membro_id":"36315025-baf2-43da-bd80-dde05e301fee","candidato_nome":"Testeeeee","candidato_email":"luhann@gmail.com","invitador_membro_id":"06196cc4-b506-4fa0-b3eb-a74576d5b059","status":"convidado","tipo":"associacao_completa","dados_contratuais":{"interesses":["membros"],"termos_aceitos":{},"termos_versoes":{},"origem_interesses":["membros"]},"expires_at":null,"termos_aceitos_em":null,"solicitacao_acesso_em":null,"aura_invitador_avaliada_em":null,"avaliacao_token":null,"lembrete_24h_em":null,"lembrete_48h_em":null,"lembrete_72h_em":null,"criado_em":"2026-05-14T12:10:09.589Z","atualizado_em":"2026-05-14T12:10:09.589Z"},{"id":"b03baf57-5817-49cc-b651-3af9d697632f","token":"2d3d39c1-6480-4d7d-8f2c-a6aca12f04bd","comunidade_id":"4","candidato_membro_id":"36315025-baf2-43da-bd80-dde05e301fee","candidato_nome":"Testeeeee","candidato_email":"luhann@gmail.com","invitador_membro_id":"06196cc4-b506-4fa0-b3eb-a74576d5b059","status":"cancelado","tipo":"vitrine","dados_contratuais":{"origem":"cadastro_inicial","aceito_em":"2026-05-14T12:11:15.258Z","interesses":["membros"],"termos_aceitos":{"codigo_etica":true,"politicas_participacao_protecao":true},"termos_versoes":{"codigo_etica":"BUILT JUR - 1","politicas_participacao_protecao":"BUILT JUR - 1"}},"expires_at":null,"termos_aceitos_em":"2026-05-14T12:11:16.554Z","solicitacao_acesso_em":null,"aura_invitador_avaliada_em":null,"avaliacao_token":null,"lembrete_24h_em":null,"lembrete_48h_em":null,"lembrete_72h_em":null,"criado_em":"2026-05-14T12:10:09.587Z","atualizado_em":"2026-06-29T20:26:35.547Z"},{"id":"dae58ae0-8848-44aa-8675-c58dad9d0d99","token":"04871b24-58ff-4420-a3cb-a613c1a1584f","comunidade_id":"4","candidato_membro_id":"9fcefc6a-9e40-4ab4-9324-d076888aa4ca","candidato_nome":"Luhan Teste 4","candidato_email":"luhanteste4@gmail.com","invitador_membro_id":"06196cc4-b506-4fa0-b3eb-a74576d5b059","status":"convidado","tipo":"associacao_completa","dados_contratuais":null,"expires_at":null,"termos_aceitos_em":null,"solicitacao_acesso_em":null,"aura_invitador_avaliada_em":null,"avaliacao_token":null,"lembrete_24h_em":null,"lembrete_48h_em":null,"lembrete_72h_em":null,"criado_em":"2026-05-12T01:37:06.144Z","atualizado_em":"2026-05-12T01:37:06.144Z"},{"id":"09b21a2f-53db-487e-95cf-872970c27c57","token":"940f4c3f-5a6b-4add-bda2-f6c7d4f99add","comunidade_id":"4","candidato_membro_id":"9fcefc6a-9e40-4ab4-9324-d076888aa4ca","candidato_nome":"Luhan Teste 4","candidato_email":"luhanteste4@gmail.com","invitador_membro_id":"06196cc4-b506-4fa0-b3eb-a74576d5b059","status":"vitrine_ativo","tipo":"vitrine","dados_contratuais":null,"expires_at":null,"termos_aceitos_em":"2026-05-12T12:39:09.912Z","solicitacao_acesso_em":"2026-05-12T13:04:15.137Z","aura_invitador_avaliada_em":"2026-05-12T13:05:00.942Z","avaliacao_token":"4b0d0705-13d8-41f2-bf6c-faf14a197c9b","lembrete_24h_em":null,"lembrete_48h_em":null,"lembrete_72h_em":null,"criado_em":"2026-05-12T01:37:05.949Z","atualizado_em":"2026-05-12T13:06:14.169Z"},{"id":"a2fc4749-832b-45db-a3e0-239d38d1547a","token":"a4ac6ce5-72f0-44e0-9543-7a87219218a9","comunidade_id":"4","candidato_membro_id":"11940f6f-c39b-4d0d-a5d8-e9aca230ce27","candidato_nome":"Luhan teste2","candidato_email":"luhanteste2@gmail.com","invitador_membro_id":"06196cc4-b506-4fa0-b3eb-a74576d5b059","status":"vitrine_ativo","tipo":"vitrine","dados_contratuais":null,"expires_at":null,"termos_aceitos_em":"2026-05-12T01:28:05.340Z","solicitacao_acesso_em":"2026-05-12T01:28:07.574Z","aura_invitador_avaliada_em":"2026-05-12T01:29:35.309Z","avaliacao_token":"81f6873d-6359-4c8d-ad48-93e77dea8292","lembrete_24h_em":null,"lembrete_48h_em":null,"lembrete_72h_em":null,"criado_em":"2026-05-12T01:01:53.299Z","atualizado_em":"2026-05-12T01:30:20.305Z"},{"id":"29fd0e16-787f-4521-9b95-fd4cbf748820","token":"b525a317-e26c-4d3a-ad28-a2855faded23","comunidade_id":"4","candidato_membro_id":"d1fb76b0-e9bd-47d0-a32f-65b70366c1b0","candidato_nome":"Teste cadastro Mario","candidato_email":"flebogram2@gmail.com","invitador_membro_id":"06196cc4-b506-4fa0-b3eb-a74576d5b059","status":"convidado","tipo":"associacao_completa","dados_contratuais":{"nome_completo":"Teste cadastro Mario","email":"flebogram2@gmail.com","telefone":null,"whatsapp":null,"cpf":null,"cnpj":null,"nome_empresa":"empresa","empresa":"empresa","cargo":null,"cidade":"Tóquio, Japão","estado":null,"pais":"Japão"},"expires_at":null,"termos_aceitos_em":null,"solicitacao_acesso_em":null,"aura_invitador_avaliada_em":null,"avaliacao_token":null,"lembrete_24h_em":null,"lembrete_48h_em":null,"lembrete_72h_em":null,"criado_em":"2026-05-08T08:30:38.287Z","atualizado_em":"2026-05-08T08:30:38.287Z"},{"id":"3cf55aed-651c-4a01-8900-0281870e6b5f","token":"dc3db59e-fb56-4388-a243-76b8599ee863","comunidade_id":"4","candidato_membro_id":"d1fb76b0-e9bd-47d0-a32f-65b70366c1b0","candidato_nome":"Teste cadastro Mario","candidato_email":"flebogram2@gmail.com","invitador_membro_id":"06196cc4-b506-4fa0-b3eb-a74576d5b059","status":"vitrine_ativo","tipo":"vitrine","dados_contratuais":{"nome_completo":"Teste cadastro Mario","email":"flebogram2@gmail.com","telefone":null,"whatsapp":null,"cpf":null,"cnpj":null,"nome_empresa":"empresa","empresa":"empresa","cargo":null,"cidade":"Tóquio, Japão","estado":null,"pais":"Japão"},"expires_at":null,"termos_aceitos_em":"2026-05-08T08:43:27.255Z","solicitacao_acesso_em":"2026-05-08T08:43:31.925Z","aura_invitador_avaliada_em":"2026-05-08T11:08:35.589Z","avaliacao_token":"8904b3ba-459c-4f1a-84a1-994f2f9285b8","lembrete_24h_em":null,"lembrete_48h_em":null,"lembrete_72h_em":null,"criado_em":"2026-05-08T08:30:38.284Z","atualizado_em":"2026-05-08T11:11:13.996Z"},{"id":"0e9d3665-3753-41c3-b643-82bb1ad92533","token":"1aac5923-5b0e-4af7-b659-acd19f8e0e8f","comunidade_id":"4","candidato_membro_id":"4969be6b-eb94-40f4-a04e-e92057d72cd7","candidato_nome":"luhan teste de convite","candidato_email":"gamerluhanspd@gmail.com","invitador_membro_id":"06196cc4-b506-4fa0-b3eb-a74576d5b059","status":"convidado","tipo":"completo","dados_contratuais":{"nome_completo":"luhan teste de convite","email":"gamerluhanspd@gmail.com","telefone":null,"whatsapp":null,"cpf":null,"cnpj":null,"nome_empresa":"a","empresa":"a","cargo":null,"cidade":"São Paulo","estado":"São Paulo","pais":"Brasil"},"expires_at":"2026-05-15T05:22:45.298Z","termos_aceitos_em":null,"solicitacao_acesso_em":null,"aura_invitador_avaliada_em":null,"avaliacao_token":null,"lembrete_24h_em":null,"lembrete_48h_em":null,"lembrete_72h_em":null,"criado_em":"2026-05-08T05:22:45.299Z","atualizado_em":"2026-05-08T05:22:45.299Z"},{"id":"4b674cf3-6ad1-40c5-818f-74b770b0860d","token":"99164196-722f-4c05-8c96-09688fc7d8ab","comunidade_id":"4","candidato_membro_id":"4969be6b-eb94-40f4-a04e-e92057d72cd7","candidato_nome":"luhan teste de convite","candidato_email":"luhanconvite@gmail.com","invitador_membro_id":"06196cc4-b506-4fa0-b3eb-a74576d5b059","status":"convidado","tipo":"completo","dados_contratuais":{"nome_completo":"luhan teste de convite","email":"gamerluhanspd@gmail.com","telefone":null,"whatsapp":null,"cpf":null,"cnpj":null,"nome_empresa":"a","empresa":"a","cargo":null,"cidade":"São Paulo","estado":"São Paulo","pais":"Brasil"},"expires_at":"2026-05-15T04:24:34.089Z","termos_aceitos_em":null,"solicitacao_acesso_em":null,"aura_invitador_avaliada_em":null,"avaliacao_token":null,"lembrete_24h_em":null,"lembrete_48h_em":null,"lembrete_72h_em":null,"criado_em":"2026-05-08T04:24:34.091Z","atualizado_em":"2026-05-08T04:24:34.091Z"},{"id":"dc36ce8e-fc7d-45a0-b97e-ddff16f1f80d","token":"299656f5-5dde-4f50-9ba4-16b78d5c150a","comunidade_id":"4","candidato_membro_id":"4969be6b-eb94-40f4-a04e-e92057d72cd7","candidato_nome":"luhan teste de convite","candidato_email":"luhanconvite@gmail.com","invitador_membro_id":"06196cc4-b506-4fa0-b3eb-a74576d5b059","status":"convidado","tipo":"completo","dados_contratuais":{"nome_completo":"luhan teste de convite","email":"gamerluhanspd@gmail.com","telefone":null,"whatsapp":null,"cpf":null,"cnpj":null,"nome_empresa":"a","empresa":"a","cargo":null,"cidade":"São Paulo","estado":"São Paulo","pais":"Brasil"},"expires_at":"2026-05-15T00:50:25.575Z","termos_aceitos_em":null,"solicitacao_acesso_em":null,"aura_invitador_avaliada_em":null,"avaliacao_token":null,"lembrete_24h_em":null,"lembrete_48h_em":null,"lembrete_72h_em":null,"criado_em":"2026-05-08T00:50:25.577Z","atualizado_em":"2026-05-08T00:50:25.577Z"},{"id":"5295ae5d-57ea-49b9-8eea-1e371cc994f4","token":"4b7f2db9-8ec1-4c07-905d-ae8b74e6b11c","comunidade_id":"4","candidato_membro_id":"246ddb19-2ad5-4015-af01-f62943f0b177","candidato_nome":"Luhan Teste de Cadastro","candidato_email":"luhanguilherme2@gmail.com","invitador_membro_id":"06196cc4-b506-4fa0-b3eb-a74576d5b059","status":"vitrine_ativo","tipo":"vitrine","dados_contratuais":{"nome_completo":"Luhan Teste de Cadastro","email":"luhanguilherme2@gmail.com","telefone":null,"whatsapp":null,"cpf":null,"cnpj":null,"nome_empresa":"A","empresa":"A","cargo":null,"cidade":"Tóquio, Japão","estado":null,"pais":"Japão"},"expires_at":null,"termos_aceitos_em":null,"solicitacao_acesso_em":null,"aura_invitador_avaliada_em":null,"avaliacao_token":null,"lembrete_24h_em":null,"lembrete_48h_em":null,"lembrete_72h_em":null,"criado_em":"2026-04-27T23:37:42.286Z","atualizado_em":"2026-05-06T00:53:00.514Z"},{"id":"4202c23b-5d69-4cb2-8821-d4f6f3cf9774","token":"97258fd2-96d4-4f05-a69a-918d56703d28","comunidade_id":"4","candidato_membro_id":"4969be6b-eb94-40f4-a04e-e92057d72cd7","candidato_nome":"luhan teste de convite","candidato_email":"luhanconvite@gmail.com","invitador_membro_id":"06196cc4-b506-4fa0-b3eb-a74576d5b059","status":"vitrine_ativo","tipo":"vitrine","dados_contratuais":{"nome_completo":"luhan teste de convite","email":"gamerluhanspd@gmail.com","telefone":null,"whatsapp":null,"cpf":null,"cnpj":null,"nome_empresa":"a","empresa":"a","cargo":null,"cidade":"São Paulo","estado":"São Paulo","pais":"Brasil"},"expires_at":null,"termos_aceitos_em":null,"solicitacao_acesso_em":null,"aura_invitador_avaliada_em":null,"avaliacao_token":null,"lembrete_24h_em":null,"lembrete_48h_em":null,"lembrete_72h_em":null,"criado_em":"2026-04-24T06:18:26.449Z","atualizado_em":"2026-04-24T06:27:43.336Z"},{"id":"49b3d0d0-69b6-485f-ae2f-9545d32005c1","token":"f636d52d-4963-4870-b26a-38f9e0153954","comunidade_id":"4","candidato_membro_id":"fbf45997-9940-4386-a1f3-77407a22dee7","candidato_nome":"LuhanTeste","candidato_email":"watanabeluhan@gmail.com","invitador_membro_id":"06196cc4-b506-4fa0-b3eb-a74576d5b059","status":"convidado","tipo":"completo","dados_contratuais":{"nome_completo":"LuhanTeste","email":"watanabeluhan@gmail.com","telefone":"+55 312321132","whatsapp":"+55 132312321","cpf":"3212321312","cnpj":"312132312","nome_empresa":"Empresaa","empresa":"Empresaa","cargo":null,"cidade":"Tóquio","estado":null,"pais":"Japão"},"expires_at":"2026-04-29T00:00:11.734Z","termos_aceitos_em":null,"solicitacao_acesso_em":null,"aura_invitador_avaliada_em":null,"avaliacao_token":null,"lembrete_24h_em":null,"lembrete_48h_em":null,"lembrete_72h_em":null,"criado_em":"2026-04-22T00:00:11.736Z","atualizado_em":"2026-04-22T00:00:11.736Z"},{"id":"108d51c0-a5f7-40f7-9450-27439031a195","token":"3666d30b-9260-4f87-8663-f86acb57540e","comunidade_id":"4","candidato_membro_id":"fbf45997-9940-4386-a1f3-77407a22dee7","candidato_nome":"LuhanTeste","candidato_email":"watanabeluhan@gmail.com","invitador_membro_id":"06196cc4-b506-4fa0-b3eb-a74576d5b059","status":"convidado","tipo":"completo","dados_contratuais":{"nome_completo":"LuhanTeste","email":"watanabeluhan@gmail.com","telefone":"+55 312321132","whatsapp":"+55 132312321","cpf":"3212321312","cnpj":"312132312","nome_empresa":"Empresaa","empresa":"Empresaa","cargo":null,"cidade":"Tóquio","estado":null,"pais":"Japão"},"expires_at":"2026-04-28T23:55:11.905Z","termos_aceitos_em":null,"solicitacao_acesso_em":null,"aura_invitador_avaliada_em":null,"avaliacao_token":null,"lembrete_24h_em":null,"lembrete_48h_em":null,"lembrete_72h_em":null,"criado_em":"2026-04-21T23:55:11.915Z","atualizado_em":"2026-04-21T23:55:11.915Z"},{"id":"8541e710-5e66-482f-b3d6-c1bc9363d1e1","token":"49d47cca-5eb4-4602-a106-bcbae575cbbb","comunidade_id":"4","candidato_membro_id":"fbf45997-9940-4386-a1f3-77407a22dee7","candidato_nome":"LuhanTeste","candidato_email":"watanabeluhan@gmail.com","invitador_membro_id":"06196cc4-b506-4fa0-b3eb-a74576d5b059","status":"convidado","tipo":"completo","dados_contratuais":{"nome_completo":"LuhanTeste","email":"watanabeluhan@gmail.com","telefone":"+55 312321132","whatsapp":"+55 132312321","cpf":"3212321312","cnpj":"312132312","nome_empresa":"Empresaa","empresa":"Empresaa","cargo":null,"cidade":"Tóquio","estado":null,"pais":"Japão"},"expires_at":"2026-04-27T12:01:21.174Z","termos_aceitos_em":null,"solicitacao_acesso_em":null,"aura_invitador_avaliada_em":null,"avaliacao_token":null,"lembrete_24h_em":null,"lembrete_48h_em":null,"lembrete_72h_em":null,"criado_em":"2026-04-20T12:01:21.175Z","atualizado_em":"2026-04-20T12:01:21.175Z"},{"id":"8ecb92b6-2ec3-4a0b-9aef-1df2624ae165","token":"2f470d1c-e345-4bd2-b3e4-45af248d8907","comunidade_id":"4","candidato_membro_id":"fbf45997-9940-4386-a1f3-77407a22dee7","candidato_nome":"LuhanTeste","candidato_email":"watanabeluhan@gmail.com","invitador_membro_id":"06196cc4-b506-4fa0-b3eb-a74576d5b059","status":"convidado","tipo":"completo","dados_contratuais":{"nome_completo":"LuhanTeste","email":"watanabeluhan@gmail.com","telefone":"+55 312321132","whatsapp":"+55 132312321","cpf":"3212321312","cnpj":"312132312","nome_empresa":"Empresaa","empresa":"Empresaa","cargo":null,"cidade":"Tóquio","estado":null,"pais":"Japão"},"expires_at":"2026-04-27T12:00:40.786Z","termos_aceitos_em":null,"solicitacao_acesso_em":null,"aura_invitador_avaliada_em":null,"avaliacao_token":null,"lembrete_24h_em":null,"lembrete_48h_em":null,"lembrete_72h_em":null,"criado_em":"2026-04-20T12:00:40.797Z","atualizado_em":"2026-04-20T12:00:40.797Z"},{"id":"20b1f69e-8b69-4e45-b895-99bfe47b33e7","token":"1b999959-d273-40a1-8177-90af69e3fcbc","comunidade_id":"4","candidato_membro_id":"fbf45997-9940-4386-a1f3-77407a22dee7","candidato_nome":"LuhanTeste","candidato_email":"watanabeluhan@gmail.com","invitador_membro_id":"06196cc4-b506-4fa0-b3eb-a74576d5b059","status":"convidado","tipo":"completo","dados_contratuais":{"nome_completo":"LuhanTeste","email":"watanabeluhan@gmail.com","telefone":"+55 312321132","whatsapp":"+55 132312321","cpf":"3212321312","cnpj":"312132312","nome_empresa":"Empresaa","empresa":"Empresaa","cargo":null,"cidade":"Tóquio","estado":null,"pais":"Japão"},"expires_at":"2026-04-27T11:15:41.994Z","termos_aceitos_em":null,"solicitacao_acesso_em":null,"aura_invitador_avaliada_em":null,"avaliacao_token":null,"lembrete_24h_em":null,"lembrete_48h_em":null,"lembrete_72h_em":null,"criado_em":"2026-04-20T11:15:41.996Z","atualizado_em":"2026-04-20T11:15:41.996Z"},{"id":"493ccc14-4d1e-4c16-a8bb-9b935ab972c9","token":"d7a258ae-e441-4a50-8553-aa723d91fdd0","comunidade_id":"4","candidato_membro_id":"fbf45997-9940-4386-a1f3-77407a22dee7","candidato_nome":"LuhanTeste","candidato_email":"watanabeluhan@gmail.com","invitador_membro_id":"06196cc4-b506-4fa0-b3eb-a74576d5b059","status":"convidado","tipo":"completo","dados_contratuais":{"nome_completo":"LuhanTeste","email":"watanabeluhan@gmail.com","telefone":"+55 312321132","whatsapp":"+55 132312321","cpf":"3212321312","cnpj":"312132312","nome_empresa":"Empresaa","empresa":"Empresaa","cargo":null,"cidade":"Tóquio","estado":null,"pais":"Japão"},"expires_at":"2026-04-27T06:38:06.345Z","termos_aceitos_em":null,"solicitacao_acesso_em":null,"aura_invitador_avaliada_em":null,"avaliacao_token":null,"lembrete_24h_em":null,"lembrete_48h_em":null,"lembrete_72h_em":null,"criado_em":"2026-04-20T06:38:06.347Z","atualizado_em":"2026-04-20T06:38:06.347Z"},{"id":"e79af82c-7aa2-467c-b384-e620dad8f0f7","token":"cce557f1-9813-4bb7-8438-cbad7b6638cd","comunidade_id":"4","candidato_membro_id":"fbf45997-9940-4386-a1f3-77407a22dee7","candidato_nome":"LuhanTeste","candidato_email":"watanabeluhan@gmail.com","invitador_membro_id":"06196cc4-b506-4fa0-b3eb-a74576d5b059","status":"convidado","tipo":"completo","dados_contratuais":{"nome_completo":"LuhanTeste","email":"watanabeluhan@gmail.com","telefone":"+55 312321132","whatsapp":"+55 132312321","cpf":"3212321312","cnpj":"312132312","nome_empresa":"Empresaa","empresa":"Empresaa","cargo":null,"cidade":"Tóquio","estado":null,"pais":"Japão"},"expires_at":"2026-04-27T06:36:18.500Z","termos_aceitos_em":null,"solicitacao_acesso_em":null,"aura_invitador_avaliada_em":null,"avaliacao_token":null,"lembrete_24h_em":null,"lembrete_48h_em":null,"lembrete_72h_em":null,"criado_em":"2026-04-20T06:36:18.500Z","atualizado_em":"2026-04-20T06:36:18.500Z"},{"id":"bb64bd09-6cbf-4201-9515-c42d9d7ca44c","token":"3c2137db-79d8-44bd-8499-d6b56e537391","comunidade_id":"4","candidato_membro_id":"fbf45997-9940-4386-a1f3-77407a22dee7","candidato_nome":"LuhanTeste","candidato_email":"watanabeluhan@gmail.com","invitador_membro_id":"06196cc4-b506-4fa0-b3eb-a74576d5b059","status":"convidado","tipo":"completo","dados_contratuais":{"nome_completo":"LuhanTeste","email":"watanabeluhan@gmail.com","telefone":"+55 312321132","whatsapp":"+55 132312321","cpf":"3212321312","cnpj":"312132312","nome_empresa":"Empresaa","empresa":"Empresaa","cargo":null,"cidade":"Tóquio","estado":null,"pais":"Japão"},"expires_at":"2026-04-27T06:33:32.159Z","termos_aceitos_em":null,"solicitacao_acesso_em":null,"aura_invitador_avaliada_em":null,"avaliacao_token":null,"lembrete_24h_em":null,"lembrete_48h_em":null,"lembrete_72h_em":null,"criado_em":"2026-04-20T06:33:32.170Z","atualizado_em":"2026-04-20T06:33:32.170Z"},{"id":"b30cebe9-4ae9-470c-b8a7-d8b0778d03c6","token":"687bd577-5941-4c5e-9d95-577bcb8114a1","comunidade_id":"4","candidato_membro_id":"fbf45997-9940-4386-a1f3-77407a22dee7","candidato_nome":"LuhanTeste","candidato_email":"watanabeluhan@gmail.com","invitador_membro_id":"06196cc4-b506-4fa0-b3eb-a74576d5b059","status":"convidado","tipo":"completo","dados_contratuais":{"nome_completo":"LuhanTeste","email":"watanabeluhan@gmail.com","telefone":"+55 312321132","whatsapp":"+55 132312321","cpf":"3212321312","cnpj":"312132312","nome_empresa":"Empresaa","empresa":"Empresaa","cargo":null,"cidade":"Tóquio","estado":null,"pais":"Japão"},"expires_at":"2026-04-27T06:33:06.840Z","termos_aceitos_em":null,"solicitacao_acesso_em":null,"aura_invitador_avaliada_em":null,"avaliacao_token":null,"lembrete_24h_em":null,"lembrete_48h_em":null,"lembrete_72h_em":null,"criado_em":"2026-04-20T06:33:06.850Z","atualizado_em":"2026-04-20T06:33:06.850Z"},{"id":"9cf1041d-88fe-4a1d-9a2e-a2c248140c15","token":"e5204a65-bf11-4d9b-b802-2757a08e2802","comunidade_id":"4","candidato_membro_id":"fbf45997-9940-4386-a1f3-77407a22dee7","candidato_nome":"LuhanTeste","candidato_email":"watanabeluhan@gmail.com","invitador_membro_id":"06196cc4-b506-4fa0-b3eb-a74576d5b059","status":"convidado","tipo":"completo","dados_contratuais":{"nome_completo":"LuhanTeste","email":"watanabeluhan@gmail.com","telefone":"+55 312321132","whatsapp":"+55 132312321","cpf":"3212321312","cnpj":"312132312","nome_empresa":"Empresaa","empresa":"Empresaa","cargo":null,"cidade":"Tóquio","estado":null,"pais":"Japão"},"expires_at":"2026-04-27T06:32:46.561Z","termos_aceitos_em":null,"solicitacao_acesso_em":null,"aura_invitador_avaliada_em":null,"avaliacao_token":null,"lembrete_24h_em":null,"lembrete_48h_em":null,"lembrete_72h_em":null,"criado_em":"2026-04-20T06:32:46.563Z","atualizado_em":"2026-04-20T06:32:46.563Z"},{"id":"059451e1-f184-4cb8-a94e-94ca48a68263","token":"423b349f-6523-4d7a-bef4-12f4b30d4185","comunidade_id":"4","candidato_membro_id":"fbf45997-9940-4386-a1f3-77407a22dee7","candidato_nome":"LuhanTeste","candidato_email":"luhan1@gmail.com","invitador_membro_id":"06196cc4-b506-4fa0-b3eb-a74576d5b059","status":"convidado","tipo":"completo","dados_contratuais":{"nome_completo":"LuhanTeste","email":"watanabeluhan@gmail.com","telefone":"+55 312321132","whatsapp":"+55 132312321","cpf":"3212321312","cnpj":"312132312","nome_empresa":"Empresaa","empresa":"Empresaa","cargo":null,"cidade":"Tóquio","estado":null,"pais":"Japão"},"expires_at":"2026-04-27T06:32:17.751Z","termos_aceitos_em":null,"solicitacao_acesso_em":null,"aura_invitador_avaliada_em":null,"avaliacao_token":null,"lembrete_24h_em":null,"lembrete_48h_em":null,"lembrete_72h_em":null,"criado_em":"2026-04-20T06:32:17.760Z","atualizado_em":"2026-04-20T06:32:17.760Z"}]
9:41:12 PM [express] GET /api/me 401 in 0ms :: {"error":"Não autenticado"}
9:41:16 PM [express] GET /api/especialidades 304 in 223ms :: [{"id":"59e82731-35d3-4f72-b536-1186f8f9945e","nome_especialidade":"Acústica e conforto ambiental","categoria":"Arquitetura, Engenharia & Planejamento"},{"id":"9d3873dc-18a2-4f8c-9752-bff510cec643","nome_especialidade":"Advocacia imobiliária, urbanística e contratual","categoria":"Legalização, Regulação & Viabilidade"},{"id":"96a0d5ce-d495-45d6-8632-134853766101","nome_especialidade":"Alvenaria estrutural","categoria":"Construção & Execução de Obras"},{"id":"2b8602c1-3c61-4e1b-be5c-ad0ec50c734b","nome_especialidade":"Ambientação e design de interiores","categoria":"Acabamentos, Revestimentos & Soluções de Interiores"},{"id":"ce1ca35b-e330-4586-9ded-6346bf66f82b","nome_especialidade":"Análise de viabilidade financeira e técnica","categoria":"Desenvolvimento Imobiliário, Investimento & Negócios"},{"id":"dd450e3b-169f-4ec5-a533-a68c58212e21","nome_especialidade":"Apoio jurídico para parcerias público-privadas (PPPs)","categoria":"Legalização, Regulação & Viabilidade"},{"id":"f720b984-6265-45db-a199-24b3052267a3","nome_especialidade":"Armazenagem e transporte técnico","categoria":"Suprimentos, Logística & Fornecimento Estratégico"},{"id":"c52f4a3b-ab4b-448e-a205-e675299c3ace","nome_especialidade":"Arquitetura de interiores","categoria":"Arquitetura, Engenharia & Planejamento"},{"id":"8bc476d3-c17a-4cce-954d-8760eff2c530","nome_especialidade":"Assessoria para registro de incorporação imobiliária","categoria":"Legalização, Regulação & Viabilidade"},{"id":"1743fc7f-0d8b-4e2a-84e5-1f6a05c3cbdc","nome_especialidade":"Atendimento técnico pós-obra","categoria":"Facilities, Manutenção & Sustentabilidade Operacional"},{"id":"2c4607c5-758c-4da8-a5c9-36c798751037","nome_especialidade":"Auditoria técnica e de conformidade legal","categoria":"Legalização, Regulação & Viabilidade"},{"id":"c4168dd2-f8ed-49df-9e95-783aaab78f47","nome_especialidade":"Automação predial (iluminação, controle de acesso, sensores)","categoria":"Sistemas Técnicos & Instalações Prediais"},{"id":"17b309d4-7b19-47cf-99bf-a3b6a41d2bcf","nome_especialidade":"Automação residencial inteligente (smart homes)","categoria":"Sistemas Técnicos & Instalações Prediais"},{"id":"f3cb5d55-abfe-4022-ac3e-3d3f7d6c7a29","nome_especialidade":"Avaliação técnica de terrenos","categoria":"Arquitetura, Engenharia & Planejamento"},{"id":"f9d27761-aba2-4bed-8455-7c46332f3e96","nome_especialidade":"Cabeamento estruturado e redes","categoria":"Sistemas Técnicos & Instalações Prediais"},{"id":"5d47582d-7dfe-485c-a017-cfbf84e9589a","nome_especialidade":"Cadeia integrada BIM-Logística","categoria":"Suprimentos, Logística & Fornecimento Estratégico"},{"id":"18af3355-0fe6-4d5d-8ed3-26d90c0079a3","nome_especialidade":"Calhas e rufos","categoria":"Acabamentos, Revestimentos & Soluções de Interiores"},{"id":"1c40c062-b198-4927-8dc0-164eea8fd468","nome_especialidade":"Captação de recursos via mercado de capitais","categoria":"Desenvolvimento Imobiliário, Investimento & Negócios"},{"id":"f605bd91-a9e7-4fef-bbab-25be16162f77","nome_especialidade":"Captação e negociação de terrenos","categoria":"Desenvolvimento Imobiliário, Investimento & Negócios"},{"id":"3c531141-2a57-47d6-a8af-48c26e1efdc6","nome_especialidade":"Carpetes técnicos e decorativos","categoria":"Acabamentos, Revestimentos & Soluções de Interiores"},{"id":"dce56539-e15d-4f2b-891b-2858cc43fcaa","nome_especialidade":"Carregadores para veículos elétricos (eletropostos)","categoria":"Sistemas Técnicos & Instalações Prediais"},{"id":"fbc76224-d0cf-474c-b7a8-21eb12f9c018","nome_especialidade":"Centros de distribuição regionais integrados","categoria":"Suprimentos, Logística & Fornecimento Estratégico"},{"id":"dcad1fe8-5c67-44e0-b003-c7e697a3b1e2","nome_especialidade":"Certificação de performance técnica","categoria":"Facilities, Manutenção & Sustentabilidade Operacional"},{"id":"d49bfd28-616a-4394-83d3-8c748ad78687","nome_especialidade":"Climatização passiva e eficiência térmica","categoria":"Arquitetura, Engenharia & Planejamento"},{"id":"36457c3e-5d1e-4401-bc55-6d49ec7c0612","nome_especialidade":"Coberturas tensionadas e especiais","categoria":"Acabamentos, Revestimentos & Soluções de Interiores"},{"id":"aa51308a-b371-426e-995f-72881c5a48ee","nome_especialidade":"Comercialização de consórcios e cartas contempladas","categoria":"Desenvolvimento Imobiliário, Investimento & Negócios"},{"id":"b6eaad7b-39a8-4aa0-97b2-08aa7d193129","nome_especialidade":"Comercialização estratégica com foco patrimonial","categoria":"Desenvolvimento Imobiliário, Investimento & Negócios"},{"id":"63f80977-b031-47ee-a5a9-a3765601d528","nome_especialidade":"Comercialização técnica de sistemas prontos","categoria":"Suprimentos, Logística & Fornecimento Estratégico"},{"id":"a16495f4-0f77-4f67-ae2c-6d61a2c398e3","nome_especialidade":"Comércio de materiais de construção diversos","categoria":"Suprimentos, Logística & Fornecimento Estratégico"},{"id":"e1d6bac5-fa60-4b30-ade2-a4884b83df7f","nome_especialidade":"Concretagem e controle tecnológico","categoria":"Construção & Execução de Obras"},{"id":"b488fef4-d048-4277-bd39-efdb70f0331e","nome_especialidade":"Construção de edifícios residenciais e comerciais","categoria":"Construção & Execução de Obras"},{"id":"efbc9bdb-e6b0-4e13-95d4-9215dcac4ad3","nome_especialidade":"Construção de estruturas temporárias (stands, eventos)","categoria":"Construção & Execução de Obras"},{"id":"7c397378-bf26-41ce-9976-20a316a353a3","nome_especialidade":"Construção de obras industriais","categoria":"Construção & Execução de Obras"},{"id":"c8af6064-807a-48a0-9f6e-5c642cd5fb54","nome_especialidade":"Construção de telhados e carpintaria","categoria":"Construção & Execução de Obras"},{"id":"53a415fa-d90a-41fe-896f-06d3d403234c","nome_especialidade":"Construção modular e seriada","categoria":"Construção & Execução de Obras"},{"id":"a09dca58-035c-49a0-a785-df3ebf43aace","nome_especialidade":"Construções em ambientes especiais (offshore, subterrâneas, hospitalares)","categoria":"Construção & Execução de Obras"},{"id":"137f23a8-e5a7-46a3-a3e6-934f1572d43f","nome_especialidade":"Consultoria Contábil Especializada","categoria":"Legalização, Regulação & Viabilidade"},{"id":"d1ec7d87-64ab-4bb8-a583-db59fafe864d","nome_especialidade":"Consultoria em internacionalização de investimentos","categoria":"Desenvolvimento Imobiliário, Investimento & Negócios"},{"id":"1b56ce6f-abe0-4ee4-9f7d-fbd69b9dd6b1","nome_especialidade":"Consultoria em patologia das construções","categoria":"Arquitetura, Engenharia & Planejamento"},{"id":"c3fb0919-3538-4b7a-a748-faced3da6e4a","nome_especialidade":"Consultoria em segurança patrimonial e predial","categoria":"Facilities, Manutenção & Sustentabilidade Operacional"},{"id":"2572631f-7c0d-45f2-8bd6-6a62f8ea2ce0","nome_especialidade":"Consultoria em zoneamento e uso do solo","categoria":"Legalização, Regulação & Viabilidade"},{"id":"3b7778c8-6e69-407b-9419-d0e8dfcfa476","nome_especialidade":"Consultoria normativa","categoria":"Legalização, Regulação & Viabilidade"},{"id":"9e979433-2a29-4647-a70f-a7aa98eb69c6","nome_especialidade":"Consultoria para produto imobiliário","categoria":"Arquitetura, Engenharia & Planejamento"},{"id":"17c62e83-9cbe-4467-be97-b262bd4debad","nome_especialidade":"Defesa técnica em processos administrativos e judiciais","categoria":"Legalização, Regulação & Viabilidade"},{"id":"d715a61f-08cf-4064-b1f7-5f1341052b53","nome_especialidade":"Demolição técnica e descarte controlado","categoria":"Construção & Execução de Obras"},{"id":"c1e805db-f231-4874-bfc1-51169de762a1","nome_especialidade":"Desenvolvimento de produto imobiliário","categoria":"Desenvolvimento Imobiliário, Investimento & Negócios"},{"id":"524d2bc5-79a2-421c-a4f3-a0f76709f55d","nome_especialidade":"Drenagem urbana","categoria":"Arquitetura, Engenharia & Planejamento"},{"id":"578fd848-d3ef-4135-a776-bfda57493325","nome_especialidade":"Due diligence técnica e documental","categoria":"Legalização, Regulação & Viabilidade"},{"id":"adaf6c1c-2d6c-4f2f-848b-a2576c042aea","nome_especialidade":"Emissão de AVCB e aprovação junto a bombeiros","categoria":"Legalização, Regulação & Viabilidade"},{"id":"8519c52b-9072-4f47-bef9-45cf24bd9e5b","nome_especialidade":"Energia solar (fotovoltaica, térmica)","categoria":"Sistemas Técnicos & Instalações Prediais"},{"id":"0283b9a5-329c-465f-a1a5-fd43c22efcd5","nome_especialidade":"Engenharia elétrica","categoria":"Arquitetura, Engenharia & Planejamento"},{"id":"1ed091ce-abe4-48d9-afe4-d4f5016d379a","nome_especialidade":"Engenharia estrutural","categoria":"Arquitetura, Engenharia & Planejamento"},{"id":"ab55d562-1450-410c-8f44-8150ba3f4b68","nome_especialidade":"Engenharia hidráulica","categoria":"Arquitetura, Engenharia & Planejamento"},{"id":"9902c246-47a6-460d-aef5-dd87aca00ead","nome_especialidade":"Esquadrias de alto desempenho","categoria":"Acabamentos, Revestimentos & Soluções de Interiores"},{"id":"00e2569e-619e-4069-b122-ec8438d97e83","nome_especialidade":"Estruturas metálicas e serralheria","categoria":"Construção & Execução de Obras"},{"id":"8e52c5b6-d16f-4705-a613-90ac7aafedc4","nome_especialidade":"Estruturas pré-moldadas e pré-fabricadas","categoria":"Construção & Execução de Obras"},{"id":"2f517ff8-25a4-477f-9247-c2d6246910de","nome_especialidade":"Estruturação de SPEs, permutas e CPPs","categoria":"Desenvolvimento Imobiliário, Investimento & Negócios"},{"id":"9e27a8a2-104e-45df-96a9-84fbb7f32e98","nome_especialidade":"Estruturação de consórcios e joint ventures","categoria":"Desenvolvimento Imobiliário, Investimento & Negócios"},{"id":"5ea22775-ed01-43f5-9c70-aeb99927c594","nome_especialidade":"Estruturação de garantias e compliance regulatório","categoria":"Legalização, Regulação & Viabilidade"},{"id":"257acb8b-2ea8-4bad-9af1-332086fa1a24","nome_especialidade":"Estruturação de operações de built-to-suit","categoria":"Desenvolvimento Imobiliário, Investimento & Negócios"},{"id":"9762c7d4-efc6-4d0b-8c87-fb75cfb1696c","nome_especialidade":"Estruturação jurídica de SPEs e permutas","categoria":"Legalização, Regulação & Viabilidade"},{"id":"8f85b7d4-e544-4d96-a940-daa6e392fb02","nome_especialidade":"Estudos de impacto ambiental e urbano","categoria":"Arquitetura, Engenharia & Planejamento"},{"id":"c9028700-426b-4004-a6c2-4548c03103b2","nome_especialidade":"Estudos de mercado e inteligência imobiliária","categoria":"Desenvolvimento Imobiliário, Investimento & Negócios"},{"id":"aed30325-18a2-429d-9fc8-e0b58b388668","nome_especialidade":"Estudos de viabilidade técnica e econômica","categoria":"Arquitetura, Engenharia & Planejamento"},{"id":"caeb7338-9620-4725-b66b-1778907f7af1","nome_especialidade":"Execução de barragens e canais","categoria":"Construção & Execução de Obras"},{"id":"32fb502f-f60b-4a4a-9695-ce8130a18061","nome_especialidade":"Execução de pavimentação asfáltica","categoria":"Construção & Execução de Obras"},{"id":"1bac2e8b-7fd9-41a9-9209-cc03f3f58ab4","nome_especialidade":"Execução de pavimentação intertravada","categoria":"Construção & Execução de Obras"},{"id":"ba77a1ca-7398-4b24-b4b3-8173c04c6e78","nome_especialidade":"Execução final de ambientes sensíveis (hospitais, hotéis)","categoria":"Acabamentos, Revestimentos & Soluções de Interiores"},{"id":"31411f0e-2fd3-4b7b-b66f-0b5dff1fab18","nome_especialidade":"Fachadas ventiladas e tecnológicas","categoria":"Acabamentos, Revestimentos & Soluções de Interiores"},{"id":"9899d682-e90d-4f7b-8721-3df49c80cf69","nome_especialidade":"Facilities management (corporativo, condominial, institucional)","categoria":"Facilities, Manutenção & Sustentabilidade Operacional"},{"id":"b0ba0f4d-a789-4350-af33-3d4cb0782817","nome_especialidade":"Fornecimento de areia e brita","categoria":"Suprimentos, Logística & Fornecimento Estratégico"},{"id":"9b0e82cc-47cf-4d55-acd2-7baabcd6033c","nome_especialidade":"Fornecimento de aço","categoria":"Suprimentos, Logística & Fornecimento Estratégico"},{"id":"5682a7d6-4cf0-41f0-a499-0b0d953e7e16","nome_especialidade":"Fornecimento de cimento e argamassa","categoria":"Suprimentos, Logística & Fornecimento Estratégico"},{"id":"7b5d3fc3-91b9-4fb7-8b85-5cb5e46c9849","nome_especialidade":"Fornecimento de concreto","categoria":"Suprimentos, Logística & Fornecimento Estratégico"},{"id":"8bb2b814-99f9-4cfd-9659-aae54bb99972","nome_especialidade":"Fornecimento de insumos sustentáveis (verde e reciclado)","categoria":"Suprimentos, Logística & Fornecimento Estratégico"},{"id":"8a97d42a-25e5-44b8-b827-15056b510260","nome_especialidade":"Fornecimento de madeira","categoria":"Suprimentos, Logística & Fornecimento Estratégico"},{"id":"9357813c-3c46-4197-a770-8e17e1e18f6c","nome_especialidade":"Fornecimento de material elétrico","categoria":"Suprimentos, Logística & Fornecimento Estratégico"},{"id":"298c6216-a970-45b9-936b-66ff804c7165","nome_especialidade":"Fornecimento de material hidráulico","categoria":"Suprimentos, Logística & Fornecimento Estratégico"},{"id":"68fd2d74-3a28-4b0a-b83a-7581ff064e94","nome_especialidade":"Fornecimento just-in-time","categoria":"Suprimentos, Logística & Fornecimento Estratégico"},{"id":"214dfd18-c5e6-4597-83d7-f8ff88789574","nome_especialidade":"Fossas e biodigestores","categoria":"Sistemas Técnicos & Instalações Prediais"},{"id":"374e37e4-ef03-4761-b56b-7b370ce877e9","nome_especialidade":"Fundações, estruturas, alvenarias e coberturas","categoria":"Construção & Execução de Obras"},{"id":"fa0d4ca2-1b88-46e2-8b2e-a99e5e78e3d7","nome_especialidade":"Gerenciamento de obra (prazos, escopo, custo)","categoria":"Construção & Execução de Obras"},{"id":"ff0d470f-50c6-49eb-b393-0d8db3b33193","nome_especialidade":"Gesso, forros, drywall e divisórias técnicas","categoria":"Acabamentos, Revestimentos & Soluções de Interiores"},{"id":"3810c40b-12e8-457f-a057-dad4f85ae16d","nome_especialidade":"Gestão de ativos imobiliários (asset management)","categoria":"Desenvolvimento Imobiliário, Investimento & Negócios"},{"id":"c3f7d632-907e-4d9e-beff-f32e0ccd416e","nome_especialidade":"Gestão de contratos e fornecedores de manutenção","categoria":"Facilities, Manutenção & Sustentabilidade Operacional"},{"id":"af8ed591-6b91-408e-a099-3419fc39dba7","nome_especialidade":"Gestão de estoque em obra (just-in-place)","categoria":"Suprimentos, Logística & Fornecimento Estratégico"},{"id":"a36fa060-8baa-4b8e-96c7-4f13aebae6dd","nome_especialidade":"Gestão de portfólio de empreendimentos","categoria":"Desenvolvimento Imobiliário, Investimento & Negócios"},{"id":"7814f5b1-bf45-4fd4-a41f-b8091cefc61d","nome_especialidade":"Gestão de resíduos sólidos e reciclagem","categoria":"Facilities, Manutenção & Sustentabilidade Operacional"},{"id":"eb2f29e9-a4a0-4ac0-bf19-fc200195117e","nome_especialidade":"Gestão de sustentabilidade (ESG, resíduos, energia)","categoria":"Facilities, Manutenção & Sustentabilidade Operacional"},{"id":"ee6d97dd-e1f7-42a5-b80b-8c71a91e55eb","nome_especialidade":"Iluminação técnica e decorativa","categoria":"Acabamentos, Revestimentos & Soluções de Interiores"},{"id":"a1d3f85e-8111-4a25-8c67-20593ca10469","nome_especialidade":"Impermeabilização","categoria":"Construção & Execução de Obras"},{"id":"db0a3f8c-4c42-4db7-976e-e6960d15a455","nome_especialidade":"Implementação de planos de manutenção","categoria":"Facilities, Manutenção & Sustentabilidade Operacional"},{"id":"1dbccb56-095d-4851-85b6-4a83d51b1b67","nome_especialidade":"Incorporação imobiliária","categoria":"Desenvolvimento Imobiliário, Investimento & Negócios"},{"id":"b73d173a-0e78-4a4a-99f7-fafc64787441","nome_especialidade":"Indústria de estruturas metálicas","categoria":"Suprimentos, Logística & Fornecimento Estratégico"},{"id":"97293cf4-2087-4c22-9bae-d97af186b3d9","nome_especialidade":"Indústria de pré-moldados","categoria":"Suprimentos, Logística & Fornecimento Estratégico"},{"id":"542110d3-52d2-4152-ade1-8b0dffc1c357","nome_especialidade":"Inspeção predial periódica","categoria":"Facilities, Manutenção & Sustentabilidade Operacional"},{"id":"2d23af4a-5b07-4fac-8cc6-21f4d3b529f3","nome_especialidade":"Instalação de elevadores e sistemas verticais","categoria":"Sistemas Técnicos & Instalações Prediais"},{"id":"032b3199-1f4b-42eb-9479-0df96dc7be89","nome_especialidade":"Instalações de gás (GLP, GN)","categoria":"Sistemas Técnicos & Instalações Prediais"},{"id":"7a285945-0fca-42d1-99e1-eb43f9d49108","nome_especialidade":"Instalações elétricas","categoria":"Sistemas Técnicos & Instalações Prediais"},{"id":"c40ac9fc-a481-48a2-85fa-9f1077a1fc8d","nome_especialidade":"Instalações hidráulicas","categoria":"Sistemas Técnicos & Instalações Prediais"},{"id":"e6ed3e19-d276-4026-954c-cb03270b602a","nome_especialidade":"Instituições financeiras e financiamento imobiliário","categoria":"Desenvolvimento Imobiliário, Investimento & Negócios"},{"id":"187cc0de-b5d8-4c55-b9fd-412b113348d3","nome_especialidade":"Integração de sistemas prediais em plataforma única (BMS)","categoria":"Sistemas Técnicos & Instalações Prediais"},{"id":"cbd148a0-5733-4048-a608-fbb8f774afa2","nome_especialidade":"Investimentos estruturados em ativos reais","categoria":"Desenvolvimento Imobiliário, Investimento & Negócios"},{"id":"a61e5a0b-0854-4f06-9cbe-de5bb92ac903","nome_especialidade":"Licenciamento ambiental, urbanístico e patrimonial","categoria":"Legalização, Regulação & Viabilidade"},{"id":"75ec4c4a-f52c-4392-8cdf-61bc341b3016","nome_especialidade":"Locação de equipamentos técnicos","categoria":"Suprimentos, Logística & Fornecimento Estratégico"},{"id":"7465197b-fea8-4e13-97da-12b892b5212a","nome_especialidade":"Logística de abastecimento para obras","categoria":"Suprimentos, Logística & Fornecimento Estratégico"},{"id":"6e2a053a-11a9-4dcb-9c51-1d196881f79f","nome_especialidade":"Logística reversa de materiais de construção","categoria":"Suprimentos, Logística & Fornecimento Estratégico"},{"id":"8e4b929e-ffda-425d-a1a2-86c34ab00a36","nome_especialidade":"Madeira e derivados","categoria":"Acabamentos, Revestimentos & Soluções de Interiores"},{"id":"16f61310-2c7c-43a9-a665-1ff953b2f356","nome_especialidade":"Manutenção preventiva e corretiva","categoria":"Facilities, Manutenção & Sustentabilidade Operacional"},{"id":"a66a0db4-ae9d-4b01-a49a-417fd70f5620","nome_especialidade":"Marcenaria e móveis planejados","categoria":"Acabamentos, Revestimentos & Soluções de Interiores"},{"id":"72505de7-f585-4034-94b2-1a51677c57cf","nome_especialidade":"Mediação e arbitragem de conflitos contratuais","categoria":"Legalização, Regulação & Viabilidade"},{"id":"c6071985-9cce-49ca-a7b4-775f8e851460","nome_especialidade":"Mobiliário urbano e corporativo integrado","categoria":"Acabamentos, Revestimentos & Soluções de Interiores"},{"id":"eb1f23a0-4dda-4cb3-b7eb-70b53117a941","nome_especialidade":"Modelagem de concessões e PPPs imobiliárias","categoria":"Desenvolvimento Imobiliário, Investimento & Negócios"},{"id":"826fe3ee-dd38-48c2-be33-8ceea24fe3a2","nome_especialidade":"Modelagem de negócios e parcerias patrimoniais","categoria":"Desenvolvimento Imobiliário, Investimento & Negócios"},{"id":"1b2cde3d-80b4-4e82-9db6-550e02e15fa1","nome_especialidade":"Modelagem e compatibilização BIM","categoria":"Arquitetura, Engenharia & Planejamento"},{"id":"fccfce2b-60c7-4c81-a1f6-d8a7fe67cbe8","nome_especialidade":"Modernização de sistemas prediais antigos","categoria":"Facilities, Manutenção & Sustentabilidade Operacional"},{"id":"e2435a8d-335d-4a2e-b3c7-009cfb558ff8","nome_especialidade":"Monitoramento de desempenho energético","categoria":"Facilities, Manutenção & Sustentabilidade Operacional"},{"id":"741a5196-f6c4-4dc8-aef9-83bc0b9695c6","nome_especialidade":"Monitoramento remoto e telemetria","categoria":"Facilities, Manutenção & Sustentabilidade Operacional"},{"id":"f0f78514-65e8-4281-bda0-b59962444c9c","nome_especialidade":"Montagem industrial pesada","categoria":"Construção & Execução de Obras"},{"id":"fd49de97-996a-47d3-b499-7ec869afceaf","nome_especialidade":"Obras de contenção e estabilidade de taludes","categoria":"Construção & Execução de Obras"},{"id":"5ce674eb-81e6-4626-bf5a-9e4959017826","nome_especialidade":"Obras de infraestrutura e urbanização","categoria":"Construção & Execução de Obras"},{"id":"b5b61639-ca8b-4562-80be-4851a59cc08b","nome_especialidade":"Obras em zonas especiais (ambientais, patrimoniais)","categoria":"Construção & Execução de Obras"},{"id":"31c35b46-699a-4bd4-af9b-2cee5f22831a","nome_especialidade":"Operação de fundos imobiliários (FIIs)","categoria":"Desenvolvimento Imobiliário, Investimento & Negócios"},{"id":"425e7b7b-0621-4497-a369-ce7389a0df43","nome_especialidade":"Operação de sistemas técnicos (geradores, bombas, elevadores)","categoria":"Facilities, Manutenção & Sustentabilidade Operacional"},{"id":"a60f36f9-20c5-42f5-8dba-d9c7359a86d4","nome_especialidade":"Operação e manutenção predial integrada","categoria":"Facilities, Manutenção & Sustentabilidade Operacional"},{"id":"09fef4ed-1bc2-40a0-8e3f-7c26c3f6128e","nome_especialidade":"Painéis arquitetônicos decorativos","categoria":"Acabamentos, Revestimentos & Soluções de Interiores"},{"id":"aa3b3fb0-1ea4-4c84-8de4-25c55352f0a3","nome_especialidade":"Pareceres e laudos técnicos","categoria":"Legalização, Regulação & Viabilidade"},{"id":"82809a7e-242e-4ee7-8596-d997485489d4","nome_especialidade":"Patrimônio histórico e restauro","categoria":"Arquitetura, Engenharia & Planejamento"},{"id":"b8315578-cc14-4013-ae0a-b6a951ad26ec","nome_especialidade":"Pedras, mármores e granitos","categoria":"Acabamentos, Revestimentos & Soluções de Interiores"},{"id":"e07cd188-b7b0-4cb5-ab63-5de8229a3e22","nome_especialidade":"Perícia e avaliação de imóveis","categoria":"Legalização, Regulação & Viabilidade"},{"id":"aca2d018-6bd6-459b-8fe5-e8a1f1443156","nome_especialidade":"Pintura e textura decorativa","categoria":"Acabamentos, Revestimentos & Soluções de Interiores"},{"id":"21d34295-6a6b-4685-826e-b334dcac86f5","nome_especialidade":"Pisos vinílicos e laminados","categoria":"Acabamentos, Revestimentos & Soluções de Interiores"},{"id":"ee5e0865-a573-4f3d-9892-9a0ce58821f8","nome_especialidade":"Planejamento de acessibilidade e inclusão","categoria":"Arquitetura, Engenharia & Planejamento"},{"id":"a3b863ce-f00e-4700-aa99-1906fac53123","nome_especialidade":"Planejamento operacional para empreendimentos","categoria":"Facilities, Manutenção & Sustentabilidade Operacional"},{"id":"ae027783-4577-4b77-9068-2c67d63c9737","nome_especialidade":"Planejamento urbano e loteamentos","categoria":"Arquitetura, Engenharia & Planejamento"},{"id":"4ac471f5-b6d9-44d5-bb43-9ed54be51ce9","nome_especialidade":"Portas técnicas (corta-fogo, acústicas, hospitalares)","categoria":"Acabamentos, Revestimentos & Soluções de Interiores"},{"id":"f3556cfd-9cda-4bfd-a55d-3f3b7736e9ab","nome_especialidade":"Preparação de canteiro e controle de insumos","categoria":"Construção & Execução de Obras"},{"id":"aaa9b4ab-00cf-4db4-8878-184c24ec7b63","nome_especialidade":"Prevenção e combate a incêndio (PPCI)","categoria":"Arquitetura, Engenharia & Planejamento"},{"id":"a3fcdd5d-fd6e-43c9-b163-b62fa77abc4d","nome_especialidade":"Projetos de arquitetura","categoria":"Arquitetura, Engenharia & Planejamento"},{"id":"721ef125-274f-4c6a-88b3-e14811f5099c","nome_especialidade":"Projetos de fundações","categoria":"Arquitetura, Engenharia & Planejamento"},{"id":"2be71d0b-61db-40c5-8a5a-3bd25f494f51","nome_especialidade":"Projetos de paisagismo","categoria":"Arquitetura, Engenharia & Planejamento"},{"id":"6a7a4d68-233b-4b4a-b95d-9740fd141fb6","nome_especialidade":"Projetos de terraplenagem e movimentação de terra","categoria":"Arquitetura, Engenharia & Planejamento"},{"id":"3ced7dec-a85c-4623-894e-320e5b85c953","nome_especialidade":"Projetos viários","categoria":"Arquitetura, Engenharia & Planejamento"},{"id":"04b9c83d-7ff4-4e32-8d93-97e1947f5fd1","nome_especialidade":"Regularização e aprovação de projetos em órgãos públicos","categoria":"Arquitetura, Engenharia & Planejamento"},{"id":"f0c752b2-193f-43de-8a44-6bddfee89976","nome_especialidade":"Regularização fundiária","categoria":"Legalização, Regulação & Viabilidade"},{"id":"6102a77a-49ae-4207-bb53-1de2225bda6c","nome_especialidade":"Relacionamento com fundos, family offices e investidores institucionais","categoria":"Desenvolvimento Imobiliário, Investimento & Negócios"},{"id":"b1f1478c-18f7-4066-9aac-f89ba4b9054b","nome_especialidade":"Relatórios de performance operacional para investidores","categoria":"Facilities, Manutenção & Sustentabilidade Operacional"},{"id":"18700d5d-16de-40b3-adaa-304c220e7a97","nome_especialidade":"Retrofit, reforma e requalificação técnica","categoria":"Construção & Execução de Obras"},{"id":"9c5ac176-5d27-45f8-a325-5738dce9d8d8","nome_especialidade":"Revestimentos e acabamentos","categoria":"Acabamentos, Revestimentos & Soluções de Interiores"},{"id":"836dd79a-9b3b-4fba-a4d7-7183aa982cee","nome_especialidade":"Revestimentos ecológicos (bambu, materiais reciclados)","categoria":"Acabamentos, Revestimentos & Soluções de Interiores"},{"id":"488e0182-4341-45bc-8948-32c35d13d111","nome_especialidade":"Revestimentos monolíticos","categoria":"Acabamentos, Revestimentos & Soluções de Interiores"},{"id":"a7c99db1-5fa7-4c5c-8369-b5d13156e8c5","nome_especialidade":"Revestimentos térmicos e acústicos (painéis isolantes)","categoria":"Acabamentos, Revestimentos & Soluções de Interiores"},{"id":"861f9059-a8b1-4cd0-a789-7f7f9b6345eb","nome_especialidade":"Segurança de obra (NRs)","categoria":"Construção & Execução de Obras"},{"id":"d85067f2-897e-4ede-b215-95e8d3b2e20d","nome_especialidade":"Serralheria fina","categoria":"Acabamentos, Revestimentos & Soluções de Interiores"},{"id":"7dfb9670-17e8-44d4-9bfe-bc7bf9533d15","nome_especialidade":"Serviços de limpeza e conservação técnica de ativos","categoria":"Facilities, Manutenção & Sustentabilidade Operacional"},{"id":"d377f9ac-0a41-4b79-bb38-5c544e276b80","nome_especialidade":"Sistemas de climatização e HVAC","categoria":"Sistemas Técnicos & Instalações Prediais"},{"id":"38ac2870-8bce-4a75-b5c7-8a26644d7212","nome_especialidade":"Sistemas de geração de energia (geradores, nobreaks)","categoria":"Sistemas Técnicos & Instalações Prediais"},{"id":"0143856d-0dc3-438f-a725-df7a611d9ec2","nome_especialidade":"Sistemas de iluminação de emergência e sinalização","categoria":"Sistemas Técnicos & Instalações Prediais"},{"id":"828bd536-5a33-41b9-ae10-b375b89fda55","nome_especialidade":"Sistemas de pressurização de escadas","categoria":"Sistemas Técnicos & Instalações Prediais"},{"id":"8b1fd7a2-0508-40fb-b618-a9d258ba4f57","nome_especialidade":"Sistemas de prevenção e combate a incêndio (SPCI, sprinklers, detectores)","categoria":"Sistemas Técnicos & Instalações Prediais"},{"id":"022a6886-f008-420b-a4e1-95d34c9ab89e","nome_especialidade":"Sistemas de reaproveitamento e eficiência","categoria":"Sistemas Técnicos & Instalações Prediais"},{"id":"97bda13f-cd1a-4689-be25-90c57f7a8c6f","nome_especialidade":"Sistemas de segurança (CFTV, alarmes)","categoria":"Sistemas Técnicos & Instalações Prediais"},{"id":"6580782d-8929-493e-95cb-226e5255ef58","nome_especialidade":"Sistemas de ventilação mecânica e exaustão","categoria":"Sistemas Técnicos & Instalações Prediais"},{"id":"aad6a45d-6d01-4ab8-bb97-fcb4f9e84f56","nome_especialidade":"Soluções acústicas e térmicas","categoria":"Acabamentos, Revestimentos & Soluções de Interiores"},{"id":"94c633b2-c289-4f63-9477-482b833c07de","nome_especialidade":"Soluções de branding e ambientação de marca","categoria":"Acabamentos, Revestimentos & Soluções de Interiores"},{"id":"c54e3e89-5c35-4ad4-a598-9af5f242d8e9","nome_especialidade":"Soluções personalizadas para espaços corporativos","categoria":"Acabamentos, Revestimentos & Soluções de Interiores"},{"id":"a3c0d8d3-83f7-4e24-b3a2-2ead5982b75a","nome_especialidade":"Suprimentos especializados (EPI, ferramentas)","categoria":"Suprimentos, Logística & Fornecimento Estratégico"},{"id":"d40e6695-6abf-4fc2-a8b0-7bdc70e824d7","nome_especialidade":"Sustentabilidade e certificações técnicas (LEED, EDGE)","categoria":"Arquitetura, Engenharia & Planejamento"},{"id":"3e631689-f881-4e5f-b075-cfa8304a2fff","nome_especialidade":"Telhas e coberturas","categoria":"Acabamentos, Revestimentos & Soluções de Interiores"},{"id":"65902bca-c5c3-4b49-a5a9-7edd83309abc","nome_especialidade":"Topografia e georreferenciamento","categoria":"Arquitetura, Engenharia & Planejamento"},{"id":"5b8bb1d7-6616-42ad-b63b-fe073107f0ca","nome_especialidade":"Transporte e logística de peças de grande porte (heavy lift)","categoria":"Suprimentos, Logística & Fornecimento Estratégico"},{"id":"1d29e8ce-85af-4689-9f4b-2b52e788f93a","nome_especialidade":"Transporte especializado para obras urbanas sensíveis","categoria":"Suprimentos, Logística & Fornecimento Estratégico"},{"id":"0db81e75-1b81-480d-afa0-535b9fbe8892","nome_especialidade":"Vidros especiais (temperados, laminados, insulados)","categoria":"Acabamentos, Revestimentos & Soluções de Interiores"}]
9:41:18 PM [express] GET /api/minha-conta/finalidades 200 in 2660ms :: {"finalidades":[],"detalhes":[]}
9:41:19 PM [express] GET /api/agenda-alertas/contador 200 in 3976ms :: {"pendencias_ativas":2,"display":2}
9:41:19 PM [express] POST /api/usage-events 200 in 2735ms :: {"success":true}
9:41:20 PM [express] POST /api/meu-convite 200 in 1878ms :: {"id":"c47b1c5a-4f83-4ca6-aca0-780161bfb990","token":"71bef9d9-0bec-4e31-9d0b-198eb66f8919","gerador_user_id":"98d4ed18-35e9-426b-a523-bc559f3eaf9a","gerador_membro_id":"06196cc4-b506-4fa0-b3eb-a74576d5b059","gerador_nome":"Barão do Império Chácaras de Lazer SPE Ltda","comunidade_id":"4","comunidade_nome":"BUILT Brasil | Belo Horizonte | Comunidade A01","tipo":"unificado","status":"ativo","usado_por_user_id":null,"criado_em":"2026-08-17T12:41:20.895Z","expires_at":"2026-08-18T12:41:20.518Z","usado_em":null,"link":"https://app.builtalliances.com/login?convite=71bef9d9-0bec-4e31-9d0b-198eb66f8919"}
9:41:21 PM [express] GET /api/meu-convite 200 in 505ms :: {"id":"c47b1c5a-4f83-4ca6-aca0-780161bfb990","token":"71bef9d9-0bec-4e31-9d0b-198eb66f8919","gerador_user_id":"98d4ed18-35e9-426b-a523-bc559f3eaf9a","gerador_membro_id":"06196cc4-b506-4fa0-b3eb-a74576d5b059","gerador_nome":"Barão do Império Chácaras de Lazer SPE Ltda","comunidade_id":"4","comunidade_nome":"BUILT Brasil | Belo Horizonte | Comunidade A01","tipo":"unificado","status":"ativo","usado_por_user_id":null,"criado_em":"2026-08-17T12:41:20.895Z","expires_at":"2026-08-18T12:41:20.518Z","usado_em":null,"link":"https://app.builtalliances.com/login?convite=71bef9d9-0bec-4e31-9d0b-198eb66f8919"}
9:41:23 PM [express] POST /api/usage-events 200 in 247ms :: {"success":true}
9:41:25 PM [express] GET /api/me 401 in 1ms :: {"error":"Não autenticado"}
9:41:32 PM [express] GET /api/me 401 in 0ms :: {"error":"Não autenticado"}
9:41:32 PM [express] GET /api/me 401 in 1ms :: {"error":"Não autenticado"}
9:41:32 PM [express] GET /api/me 401 in 1ms :: {"error":"Não autenticado"}
9:41:32 PM [express] GET /api/bia-diretor-solicitacoes/minhas 304 in 258ms :: []
9:41:32 PM [express] GET /api/me 304 in 3671ms :: {"id":"3c4b4d72-32d3-469f-9598-0a0ccad6fd79","nome":"Barão do Império Chácaras de Lazer SPE Ltda","email":"seitikatsumi@gmail.com","membro_directus_id":"06196cc4-b506-4fa0-b3eb-a74576d5b059","role":"admin","permissions":{"aura":"edit","bias":"edit","admin":"edit","painel":"edit","membros":"edit","calculadora":"edit","fluxo_caixa":"edit","oportunidades":"edit","cadastro_geral":"edit"},"tipos_alianca":["Alianças de Investimento","Alianças de Projeto","Alianças de Operações e Facilities","Alianças de Liderança Comercial"],"Outras_redes_as_quais_pertenco":["BUILT_FOUNDING_MEMBER","BUILT_PROUD_MEMBER","BUILT_CAPITAL_PARTNER","BNI"],"na_vitrine":false,"em_membros_built":true,"em_built_capital":true,"foto_perfil":"/api/assets/1e2983ee-d739-492a-a13d-f5f398676c87?v=directus-db-20260616","vitrine_termo_aceito_em":"2026-05-12T12:28:01.674Z","vitrine_termo_versao":"BUILT JUR - 2","area_aliancas_termo_aceito_em":"2026-06-23T23:38:41.780Z","area_aliancas_termo_versao":"BUILT JUR - 4","built_capital_termo_aceito_em":"2026-05-12T12:42:55.624Z","built_capital_termo_versao":"built_capital_v1_provisorio","pending_vitrine":false,"convite_pendente":null,"adesao_pendente":null,"company_employee":false,"company_owner_user_id":null,"company_owner_membro_id":null,"company_owner_nome":null,"company_owner_email":null,"company_employee_role":null,"company_permissions":null}
9:41:34 PM [express] GET /api/rede/oportunidades/notificacoes/minhas 200 in 2002ms :: []
9:41:34 PM [express] GET /api/chamadas-alianca/minhas 304 in 1950ms :: []
9:41:35 PM [express] GET /api/bia-socio-solicitacoes/minhas 304 in 2208ms :: []
9:41:42 PM [express] GET /api/me 401 in 1ms :: {"error":"Não autenticado"}
9:41:52 PM [express] GET /api/agenda-alertas/contador 200 in 3047ms :: {"pendencias_ativas":2,"display":2}
9:41:52 PM [express] GET /api/me 401 in 0ms :: {"error":"Não autenticado"}
9:41:53 PM [express] GET /api/convite-publico/71bef9d9-0bec-4e31-9d0b-198eb66f8919 200 in 215ms :: {"gerador_nome":"Barão do Império Chácaras de Lazer SPE Ltda","comunidade_nome":"BUILT Brasil | Belo Horizonte | Comunidade A01","tipo":"unificado","expires_at":"2026-08-18T12:41:20.518Z"}
9:41:55 PM [express] GET /api/me 401 in 1ms :: {"error":"Não autenticado"}
9:42:02 PM [express] GET /api/me 401 in 0ms :: {"error":"Não autenticado"}
9:42:02 PM [express] GET /api/me 401 in 1ms :: {"error":"Não autenticado"}
9:42:02 PM [express] GET /api/me 401 in 1ms :: {"error":"Não autenticado"}
9:42:03 PM [express] GET /api/bia-diretor-solicitacoes/minhas 304 in 207ms :: []
9:42:06 PM [express] GET /api/rede/oportunidades/notificacoes/minhas 200 in 2106ms :: []
9:42:07 PM [express] GET /api/chamadas-alianca/minhas 304 in 1956ms :: []
9:42:07 PM [express] GET /api/me 304 in 3973ms :: {"id":"3c4b4d72-32d3-469f-9598-0a0ccad6fd79","nome":"Barão do Império Chácaras de Lazer SPE Ltda","email":"seitikatsumi@gmail.com","membro_directus_id":"06196cc4-b506-4fa0-b3eb-a74576d5b059","role":"admin","permissions":{"aura":"edit","bias":"edit","admin":"edit","painel":"edit","membros":"edit","calculadora":"edit","fluxo_caixa":"edit","oportunidades":"edit","cadastro_geral":"edit"},"tipos_alianca":["Alianças de Investimento","Alianças de Projeto","Alianças de Operações e Facilities","Alianças de Liderança Comercial"],"Outras_redes_as_quais_pertenco":["BUILT_FOUNDING_MEMBER","BUILT_PROUD_MEMBER","BUILT_CAPITAL_PARTNER","BNI"],"na_vitrine":false,"em_membros_built":true,"em_built_capital":true,"foto_perfil":"/api/assets/1e2983ee-d739-492a-a13d-f5f398676c87?v=directus-db-20260616","vitrine_termo_aceito_em":"2026-05-12T12:28:01.674Z","vitrine_termo_versao":"BUILT JUR - 2","area_aliancas_termo_aceito_em":"2026-06-23T23:38:41.780Z","area_aliancas_termo_versao":"BUILT JUR - 4","built_capital_termo_aceito_em":"2026-05-12T12:42:55.624Z","built_capital_termo_versao":"built_capital_v1_provisorio","pending_vitrine":false,"convite_pendente":null,"adesao_pendente":null,"company_employee":false,"company_owner_user_id":null,"company_owner_membro_id":null,"company_owner_nome":null,"company_owner_email":null,"company_employee_role":null,"company_permissions":null}
9:42:07 PM [express] GET /api/bia-socio-solicitacoes/minhas 304 in 1940ms :: []
9:42:22 PM [express] GET /api/me 401 in 0ms :: {"error":"Não autenticado"}
9:42:25 PM [express] GET /api/agenda-alertas/contador 200 in 3111ms :: {"pendencias_ativas":2,"display":2}
9:42:26 PM [express] GET /api/me 401 in 0ms :: {"error":"Não autenticado"}
9:42:32 PM [express] GET /api/me 401 in 1ms :: {"error":"Não autenticado"}
9:42:32 PM [express] GET /api/me 401 in 0ms :: {"error":"Não autenticado"}
9:42:32 PM [express] GET /api/me 401 in 0ms :: {"error":"Não autenticado"}
9:42:33 PM [express] GET /api/bia-diretor-solicitacoes/minhas 304 in 223ms :: []
9:42:36 PM [express] GET /api/rede/oportunidades/notificacoes/minhas 200 in 236ms :: []
9:42:37 PM [express] GET /api/chamadas-alianca/minhas 304 in 200ms :: []
9:42:39 PM [express] GET /api/bia-socio-solicitacoes/minhas 304 in 2519ms :: []
9:42:41 PM [express] GET /api/me 304 in 3732ms :: {"id":"3c4b4d72-32d3-469f-9598-0a0ccad6fd79","nome":"Barão do Império Chácaras de Lazer SPE Ltda","email":"seitikatsumi@gmail.com","membro_directus_id":"06196cc4-b506-4fa0-b3eb-a74576d5b059","role":"admin","permissions":{"aura":"edit","bias":"edit","admin":"edit","painel":"edit","membros":"edit","calculadora":"edit","fluxo_caixa":"edit","oportunidades":"edit","cadastro_geral":"edit"},"tipos_alianca":["Alianças de Investimento","Alianças de Projeto","Alianças de Operações e Facilities","Alianças de Liderança Comercial"],"Outras_redes_as_quais_pertenco":["BUILT_FOUNDING_MEMBER","BUILT_PROUD_MEMBER","BUILT_CAPITAL_PARTNER","BNI"],"na_vitrine":false,"em_membros_built":true,"em_built_capital":true,"foto_perfil":"/api/assets/1e2983ee-d739-492a-a13d-f5f398676c87?v=directus-db-20260616","vitrine_termo_aceito_em":"2026-05-12T12:28:01.674Z","vitrine_termo_versao":"BUILT JUR - 2","area_aliancas_termo_aceito_em":"2026-06-23T23:38:41.780Z","area_aliancas_termo_versao":"BUILT JUR - 4","built_capital_termo_aceito_em":"2026-05-12T12:42:55.624Z","built_capital_termo_versao":"built_capital_v1_provisorio","pending_vitrine":false,"convite_pendente":null,"adesao_pendente":null,"company_employee":false,"company_owner_user_id":null,"company_owner_membro_id":null,"company_owner_nome":null,"company_owner_email":null,"company_employee_role":null,"company_permissions":null}
9:42:52 PM [express] GET /api/me 401 in 0ms :: {"error":"Não autenticado"}
9:42:56 PM [express] GET /api/me 401 in 1ms :: {"error":"Não autenticado"}
9:42:58 PM [express] GET /api/agenda-alertas/contador 200 in 2966ms :: {"pendencias_ativas":2,"display":2}
9:43:02 PM [express] GET /api/me 401 in 0ms :: {"error":"Não autenticado"}
9:43:02 PM [express] GET /api/me 401 in 1ms :: {"error":"Não autenticado"}
9:43:02 PM [express] GET /api/me 401 in 0ms :: {"error":"Não autenticado"}
9:43:22 PM [express] GET /api/me 401 in 0ms :: {"error":"Não autenticado"}
9:43:26 PM [express] GET /api/me 401 in 1ms :: {"error":"Não autenticado"}
9:43:32 PM [express] GET /api/me 401 in 0ms :: {"error":"Não autenticado"}
9:43:32 PM [express] GET /api/me 401 in 1ms :: {"error":"Não autenticado"}
9:43:32 PM [express] GET /api/me 401 in 0ms :: {"error":"Não autenticado"}
9:43:52 PM [express] GET /api/me 401 in 1ms :: {"error":"Não autenticado"}
9:43:56 PM [express] GET /api/me 401 in 1ms :: {"error":"Não autenticado"}
9:44:02 PM [express] GET /api/me 401 in 1ms :: {"error":"Não autenticado"}
9:44:02 PM [express] GET /api/me 401 in 0ms :: {"error":"Não autenticado"}
9:44:02 PM [express] GET /api/me 401 in 1ms :: {"error":"Não autenticado"}
9:44:09 PM [express] GET /api/rede/oportunidades/notificacoes/minhas 200 in 2441ms :: []
9:44:09 PM [express] GET /api/agenda-alertas/contador 200 in 2714ms :: {"pendencias_ativas":2,"display":2}
9:44:09 PM [express] GET /api/chamadas-alianca/minhas 304 in 2585ms :: []
9:44:23 PM [express] GET /api/me 401 in 0ms :: {"error":"Não autenticado"}
9:44:26 PM [express] GET /api/me 401 in 0ms :: {"error":"Não autenticado"}
9:44:32 PM [express] GET /api/me 401 in 1ms :: {"error":"Não autenticado"}
9:44:32 PM [express] GET /api/me 401 in 1ms :: {"error":"Não autenticado"}
9:44:32 PM [express] GET /api/me 401 in 0ms :: {"error":"Não autenticado"}
9:44:53 PM [express] GET /api/me 401 in 1ms :: {"error":"Não autenticado"}
9:44:56 PM [express] GET /api/me 401 in 1ms :: {"error":"Não autenticado"}
9:45:02 PM [express] GET /api/me 401 in 0ms :: {"error":"Não autenticado"}
9:45:02 PM [express] GET /api/me 401 in 1ms :: {"error":"Não autenticado"}
9:45:02 PM [express] GET /api/me 401 in 1ms :: {"error":"Não autenticado"}
9:45:23 PM [express] GET /api/me 401 in 1ms :: {"error":"Não autenticado"}
9:45:26 PM [express] GET /api/me 401 in 1ms :: {"error":"Não autenticado"}
9:45:32 PM [express] GET /api/me 401 in 0ms :: {"error":"Não autenticado"}
9:45:32 PM [express] GET /api/me 401 in 1ms :: {"error":"Não autenticado"}
9:45:32 PM [express] GET /api/me 401 in 0ms :: {"error":"Não autenticado"}
9:45:53 PM [express] GET /api/me 401 in 0ms :: {"error":"Não autenticado"}
9:45:57 PM [express] GET /api/me 401 in 0ms :: {"error":"Não autenticado"}
9:46:02 PM [express] GET /api/me 401 in 0ms :: {"error":"Não autenticado"}
9:46:02 PM [express] GET /api/me 401 in 2ms :: {"error":"Não autenticado"}
9:46:02 PM [express] GET /api/me 401 in 1ms :: {"error":"Não autenticado"}
9:46:23 PM [express] GET /api/me 401 in 0ms :: {"error":"Não autenticado"}
9:46:27 PM [express] GET /api/me 401 in 1ms :: {"error":"Não autenticado"}
9:46:32 PM [express] GET /api/me 401 in 1ms :: {"error":"Não autenticado"}
9:46:32 PM [express] GET /api/me 401 in 2ms :: {"error":"Não autenticado"}
9:46:32 PM [express] GET /api/me 401 in 0ms :: {"error":"Não autenticado"}
9:46:53 PM [express] GET /api/me 401 in 0ms :: {"error":"Não autenticado"}
9:46:57 PM [express] GET /api/me 401 in 1ms :: {"error":"Não autenticado"}
9:47:02 PM [express] GET /api/me 401 in 0ms :: {"error":"Não autenticado"}
9:47:02 PM [express] GET /api/me 401 in 1ms :: {"error":"Não autenticado"}
9:47:02 PM [express] GET /api/me 401 in 0ms :: {"error":"Não autenticado"}
9:47:24 PM [express] GET /api/me 401 in 0ms :: {"error":"Não autenticado"}
9:47:27 PM [express] GET /api/me 401 in 1ms :: {"error":"Não autenticado"}
9:47:32 PM [express] GET /api/me 401 in 1ms :: {"error":"Não autenticado"}
9:47:32 PM [express] GET /api/me 401 in 2ms :: {"error":"Não autenticado"}
9:47:32 PM [express] GET /api/me 401 in 1ms :: {"error":"Não autenticado"}
9:47:54 PM [express] GET /api/me 401 in 0ms :: {"error":"Não autenticado"}
9:47:57 PM [express] GET /api/me 401 in 0ms :: {"error":"Não autenticado"}
9:48:02 PM [express] GET /api/me 401 in 1ms :: {"error":"Não autenticado"}
9:48:02 PM [express] GET /api/me 401 in 1ms :: {"error":"Não autenticado"}
9:48:02 PM [express] GET /api/me 401 in 0ms :: {"error":"Não autenticado"}
9:48:24 PM [express] GET /api/me 401 in 1ms :: {"error":"Não autenticado"}
9:48:27 PM [express] GET /api/me 401 in 0ms :: {"error":"Não autenticado"}
9:48:32 PM [express] GET /api/me 401 in 0ms :: {"error":"Não autenticado"}
9:48:32 PM [express] GET /api/me 401 in 0ms :: {"error":"Não autenticado"}
9:48:32 PM [express] GET /api/me 401 in 1ms :: {"error":"Não autenticado"}
9:48:54 PM [express] GET /api/me 401 in 1ms :: {"error":"Não autenticado"}
9:48:58 PM [express] GET /api/me 401 in 0ms :: {"error":"Não autenticado"}
9:49:02 PM [express] GET /api/me 401 in 1ms :: {"error":"Não autenticado"}
9:49:02 PM [express] GET /api/me 401 in 0ms :: {"error":"Não autenticado"}
9:49:02 PM [express] GET /api/me 401 in 0ms :: {"error":"Não autenticado"}
9:49:24 PM [express] GET /api/me 401 in 0ms :: {"error":"Não autenticado"}
9:49:24 PM [vite] (client) hmr update /src/pages/login.tsx, /src/index.css
9:49:28 PM [express] GET /api/me 401 in 0ms :: {"error":"Não autenticado"}
9:49:32 PM [express] GET /api/me 401 in 1ms :: {"error":"Não autenticado"}
9:49:32 PM [express] GET /api/me 401 in 0ms :: {"error":"Não autenticado"}
9:49:32 PM [express] GET /api/me 401 in 1ms :: {"error":"Não autenticado"}
9:49:54 PM [express] GET /api/me 401 in 0ms :: {"error":"Não autenticado"}
9:49:58 PM [express] GET /api/me 401 in 0ms :: {"error":"Não autenticado"}
9:50:02 PM [express] GET /api/me 401 in 0ms :: {"error":"Não autenticado"}
9:50:02 PM [express] GET /api/me 401 in 1ms :: {"error":"Não autenticado"}
9:50:02 PM [express] GET /api/me 401 in 0ms :: {"error":"Não autenticado"}
9:50:03 PM [vite] (client) hmr update /src/pages/login.tsx, /src/index.css
9:50:28 PM [express] GET /api/me 401 in 1ms :: {"error":"Não autenticado"}
9:50:32 PM [express] GET /api/me 401 in 1ms :: {"error":"Não autenticado"}
9:50:32 PM [express] GET /api/me 401 in 1ms :: {"error":"Não autenticado"}
9:50:32 PM [express] GET /api/me 401 in 0ms :: {"error":"Não autenticado"}
9:50:58 PM [express] GET /api/me 401 in 0ms :: {"error":"Não autenticado"}
9:51:02 PM [express] GET /api/me 401 in 0ms :: {"error":"Não autenticado"}
9:51:02 PM [express] GET /api/me 401 in 0ms :: {"error":"Não autenticado"}
9:51:02 PM [express] GET /api/me 401 in 0ms :: {"error":"Não autenticado"}
9:51:28 PM [express] GET /api/me 401 in 1ms :: {"error":"Não autenticado"}
9:51:32 PM [express] GET /api/me 401 in 1ms :: {"error":"Não autenticado"}
9:51:32 PM [express] GET /api/me 401 in 0ms :: {"error":"Não autenticado"}
9:51:32 PM [express] GET /api/me 401 in 0ms :: {"error":"Não autenticado"}
9:51:58 PM [express] GET /api/me 401 in 0ms :: {"error":"Não autenticado"}
9:52:02 PM [express] GET /api/me 401 in 0ms :: {"error":"Não autenticado"}
9:52:02 PM [express] GET /api/me 401 in 0ms :: {"error":"Não autenticado"}
9:52:02 PM [express] GET /api/me 401 in 1ms :: {"error":"Não autenticado"}
9:52:29 PM [express] GET /api/me 401 in 0ms :: {"error":"Não autenticado"}
9:52:32 PM [express] GET /api/me 401 in 1ms :: {"error":"Não autenticado"}
9:52:32 PM [express] GET /api/me 401 in 0ms :: {"error":"Não autenticado"}
9:52:32 PM [express] GET /api/me 401 in 0ms :: {"error":"Não autenticado"}
9:52:59 PM [express] GET /api/me 401 in 0ms :: {"error":"Não autenticado"}
9:53:02 PM [express] GET /api/me 401 in 0ms :: {"error":"Não autenticado"}
9:53:02 PM [express] GET /api/me 401 in 1ms :: {"error":"Não autenticado"}
9:53:02 PM [express] GET /api/me 401 in 0ms :: {"error":"Não autenticado"}
9:53:29 PM [express] GET /api/me 401 in 1ms :: {"error":"Não autenticado"}
9:53:32 PM [express] GET /api/me 401 in 0ms :: {"error":"Não autenticado"}
9:53:32 PM [express] GET /api/me 401 in 0ms :: {"error":"Não autenticado"}
9:53:32 PM [express] GET /api/me 401 in 1ms :: {"error":"Não autenticado"}
9:53:39 PM [vite] (client) hmr update /src/App.tsx, /src/index.css
9:53:59 PM [express] GET /api/me 401 in 0ms :: {"error":"Não autenticado"}
9:54:02 PM [vite] (client) hmr update /src/App.tsx, /src/index.css
9:54:02 PM [vite] (client) hmr update /src/components/property-journey-start-dialog.tsx, /src/index.css
9:54:02 PM [express] GET /api/me 401 in 0ms :: {"error":"Não autenticado"}
9:54:02 PM [express] GET /api/me 401 in 1ms :: {"error":"Não autenticado"}
9:54:02 PM [express] GET /api/me 401 in 0ms :: {"error":"Não autenticado"}
9:54:05 PM [express] GET /api/bia-diretor-solicitacoes/minhas 304 in 2330ms :: []
9:54:06 PM [express] GET /api/agenda-alertas/contador 200 in 2896ms :: {"pendencias_ativas":2,"display":2}
9:54:06 PM [express] GET /api/meu-convite 304 in 2890ms :: {"id":"c47b1c5a-4f83-4ca6-aca0-780161bfb990","token":"71bef9d9-0bec-4e31-9d0b-198eb66f8919","gerador_user_id":"98d4ed18-35e9-426b-a523-bc559f3eaf9a","gerador_membro_id":"06196cc4-b506-4fa0-b3eb-a74576d5b059","gerador_nome":"Barão do Império Chácaras de Lazer SPE Ltda","comunidade_id":"4","comunidade_nome":"BUILT Brasil | Belo Horizonte | Comunidade A01","tipo":"unificado","status":"ativo","usado_por_user_id":null,"criado_em":"2026-08-17T12:41:20.895Z","expires_at":"2026-08-18T12:41:20.518Z","usado_em":null,"link":"https://app.builtalliances.com/login?convite=71bef9d9-0bec-4e31-9d0b-198eb66f8919"}
9:54:06 PM [express] GET /api/bia-socio-solicitacoes/minhas 304 in 236ms :: []
9:54:06 PM [express] GET /api/carteira/alertas 304 in 2784ms :: [{"id":"fefef4e9-ee59-4010-a981-a092a56e0b2b","imovel_id":"inv-1784470695598-9fe3c616","tipo":"documental","severidade":"alta","titulo":"Documento vencido","descricao":"Registro de Imóvel · versão 1","impacto":"A validade documental pode limitar decisões ou transações relacionadas ao imóvel.","acao_sugerida":"Revisar o documento e providenciar uma versão atualizada.","prazo":"2026-01-03","status":"aberto","delegado_para_user_id":null,"criado_por_user_id":"2d0c93ce-370c-480e-85be-5bd5eb94c0f1","criado_em":"2026-08-07 11:09:02.718067","atualizado_em":"2026-08-07 11:09:02.718067","acao_registrada":null,"acao_registrada_em":null,"acao_registrada_por_user_id":null,"ignorado_em":null,"ignorado_por_user_id":null,"imovel_nome":"Lote 09","imovel_cidade":"Lagoa Santa","imovel_estado":"MG","access_level":"administracao","can_act":true}]
9:54:06 PM [express] GET /api/rede/oportunidades/notificacoes/minhas 200 in 409ms :: []
9:54:06 PM [express] GET /api/carteira/onboarding-status 200 in 411ms :: {"required":false,"reason":"no_property_purpose","purposes":[]}
9:54:06 PM [express] GET /api/chamadas-alianca/minhas 304 in 412ms :: []
9:54:06 PM [express] GET /api/bia-diretor-solicitacoes/minhas 304 in 415ms :: []
9:54:06 PM [express] POST /api/usage-events 200 in 402ms :: {"success":true}
9:54:06 PM [express] GET /api/chamadas-alianca/minhas 304 in 408ms :: []
9:54:06 PM [express] GET /api/bia-socio-solicitacoes/minhas 304 in 410ms :: []
9:54:07 PM [express] GET /api/convites 304 in 3865ms :: [{"id":"3d71fc02-a4a6-49e4-9ea3-2e98f7684d76","token":"ed77071f-5209-4d02-8770-2673c4d9c5fd","comunidade_id":"4","candidato_membro_id":"d1090fea-9eae-4bd9-b49e-4c22a55eb75f","candidato_nome":"Luhan Teste imovel","candidato_email":"imovel@gmail.com","invitador_membro_id":"06196cc4-b506-4fa0-b3eb-a74576d5b059","status":"termos_pendentes","tipo":"jornada_imoveis","dados_contratuais":{"cpf":null,"cnpj":null,"pais":"Brasil","cargo":null,"email":"imovel@gmail.com","cidade":null,"estado":null,"origem":"cadastro_inicial","empresa":null,"telefone":null,"whatsapp":null,"interesses":["imoveis"],"nome_empresa":null,"nome_completo":"Luhan Teste imovel","termos_aceitos":{},"termos_versoes":{},"convite_link_tipo":"vitrine","finalidades_conta":["imoveis"],"acesso_imoveis_gratuito":true},"expires_at":null,"termos_aceitos_em":null,"solicitacao_acesso_em":null,"aura_invitador_avaliada_em":null,"avaliacao_token":null,"lembrete_24h_em":null,"lembrete_48h_em":null,"lembrete_72h_em":null,"criado_em":"2026-08-17T11:57:13.603Z","atualizado_em":"2026-08-17T11:57:13.603Z"},{"id":"daa6e885-22d3-4ef8-96ca-1b4bb0c8f671","token":"3061dcb2-f429-4822-a728-5e7c64eb456c","comunidade_id":"4","candidato_membro_id":"7146606c-1240-4e59-97d4-9bb0ec466231","candidato_nome":"Luhan4","candidato_email":"a@gnail.com","invitador_membro_id":"06196cc4-b506-4fa0-b3eb-a74576d5b059","status":"aguardando_avaliacao_aura","tipo":"vitrine","dados_contratuais":{"cpf":"1","cnpj":null,"pais":"Brasil","cargo":null,"email":"a@gnail.com","cidade":"A","estado":"A","origem":"cadastro_inicial","empresa":null,"telefone":"+55 1","whatsapp":"+55 1","aceito_em":"2026-07-27T10:15:57.738Z","interesses":["vitrine"],"nome_empresa":null,"nome_completo":"Luhan4","termos_aceitos":{"codigo_etica":true,"politicas_participacao_protecao":true},"termos_versoes":{"codigo_etica":"BUILT JUR - 1","politicas_participacao_protecao":"BUILT JUR - 1"},"convite_link_tipo":"vitrine","aceite_localizacao":{"status":"capturada","accuracy":18.709881249803693,"latitude":34.782275641209935,"longitude":137.36911274174182,"captured_at":"2026-07-27T10:15:57.738Z"}},"expires_at":null,"termos_aceitos_em":"2026-07-27T10:15:57.811Z","solicitacao_acesso_em":"2026-07-27T10:27:21.336Z","aura_invitador_avaliada_em":null,"avaliacao_token":"22a4a0e1-4910-4c13-b121-1e83c5d40b80","lembrete_24h_em":null,"lembrete_48h_em":null,"lembrete_72h_em":null,"criado_em":"2026-07-27T10:14:20.274Z","atualizado_em":"2026-07-27T10:27:21.336Z"},{"id":"281654f3-cce2-4fe7-9e95-0f87959d2d94","token":"f91465d2-f946-46a6-adba-6a18fb69dc72","comunidade_id":"4","candidato_membro_id":"fbf45997-9940-4386-a1f3-77407a22dee7","candidato_nome":"LuhanTeste","candidato_email":"watanabeluhan@gmail.com","invitador_membro_id":"06196cc4-b506-4fa0-b3eb-a74576d5b059","status":"cancelado","tipo":"associacao_completa","dados_contratuais":{"nome_completo":"LuhanTeste","email":"watanabeluhan@gmail.com","telefone":"+55 312321132","whatsapp":"+55 132312321","cpf":"3212321312","cnpj":"312132312","nome_empresa":"Empresaa","empresa":"Empresaa","cargo":null,"cidade":"Tóquio","estado":null,"pais":"Japão"},"expires_at":"2026-06-25T00:54:10.613Z","termos_aceitos_em":null,"solicitacao_acesso_em":null,"aura_invitador_avaliada_em":null,"avaliacao_token":null,"lembrete_24h_em":null,"lembrete_48h_em":null,"lembrete_72h_em":null,"criado_em":"2026-06-23T00:49:15.435Z","atualizado_em":"2026-06-29T20:26:23.830Z"},{"id":"215d13d5-cc5a-41f9-bb0d-71ac8b8789f1","token":"58178285-044b-4f94-831b-99f047537f88","comunidade_id":"4","candidato_membro_id":"724d77a1-8154-4845-97f2-e526e8f0214b","candidato_nome":" JOBSON AZEVEDO","candidato_email":"JOBSON@AMAISREFRIGERACAO.COM.BR","invitador_membro_id":"90d2589b-c318-4562-8421-36c7467475c5","status":"membro","tipo":"manual","dados_contratuais":{"nome_completo":" JOBSON AZEVEDO","email":"JOBSON@AMAISREFRIGERACAO.COM.BR","telefone":"5527999771577","whatsapp":"5527999771577","cpf":null,"cnpj":null,"nome_empresa":" A+REFRIGERAÇÃO","empresa":" A+REFRIGERAÇÃO","cargo":null,"cidade":"SERRA","estado":"ES","pais":"Brasil"},"expires_at":null,"termos_aceitos_em":null,"solicitacao_acesso_em":null,"aura_invitador_avaliada_em":null,"avaliacao_token":null,"lembrete_24h_em":null,"lembrete_48h_em":null,"lembrete_72h_em":null,"criado_em":"2026-06-16T20:26:27.452Z","atualizado_em":"2026-06-16T20:26:27.452Z"},{"id":"24746b90-1ea6-4913-af02-197792210756","token":"f4934d31-a8be-4cc4-9c18-d066083cc013","comunidade_id":"4","candidato_membro_id":"482fce7d-4dac-4487-bbad-36b3bf105db9","candidato_nome":"Luhan","candidato_email":"luhanguilherme3@gmail.com","invitador_membro_id":"06196cc4-b506-4fa0-b3eb-a74576d5b059","status":"cancelado","tipo":"vitrine","dados_contratuais":{"origem":"cadastro_inicial","aceito_em":"2026-05-19T13:50:38.837Z","interesses":["capital"],"termos_aceitos":{"codigo_etica":true,"politicas_participacao_protecao":true},"termos_versoes":{"codigo_etica":"BUILT JUR - 1","politicas_participacao_protecao":"BUILT JUR - 1"}},"expires_at":null,"termos_aceitos_em":"2026-05-19T13:50:38.976Z","solicitacao_acesso_em":null,"aura_invitador_avaliada_em":null,"avaliacao_token":null,"lembrete_24h_em":null,"lembrete_48h_em":null,"lembrete_72h_em":null,"criado_em":"2026-05-19T13:50:18.674Z","atualizado_em":"2026-06-29T20:26:30.104Z"},{"id":"7040e591-40d3-4c98-a459-26d7ca86f8ec","token":"3e6d9fb5-e004-4533-85fc-c2f3496a5a38","comunidade_id":"4","candidato_membro_id":"7f00f9f3-536c-4018-bd14-aafe67dedec6","candidato_nome":"luhannn","candidato_email":"luhannn@gmail.com","invitador_membro_id":"06196cc4-b506-4fa0-b3eb-a74576d5b059","status":"convidado","tipo":"associacao_completa","dados_contratuais":{"interesses":["membros"],"termos_aceitos":{},"termos_versoes":{},"origem_interesses":["vitrine","membros"]},"expires_at":null,"termos_aceitos_em":null,"solicitacao_acesso_em":null,"aura_invitador_avaliada_em":null,"avaliacao_token":null,"lembrete_24h_em":null,"lembrete_48h_em":null,"lembrete_72h_em":null,"criado_em":"2026-05-14T13:22:33.484Z","atualizado_em":"2026-05-14T13:22:33.484Z"},{"id":"0d80ac02-9bb2-404c-981b-ac4803f239fb","token":"122008fb-ea3e-43f6-9b2d-4ee924111736","comunidade_id":"4","candidato_membro_id":"7f00f9f3-536c-4018-bd14-aafe67dedec6","candidato_nome":"luhannn","candidato_email":"luhannn@gmail.com","invitador_membro_id":"06196cc4-b506-4fa0-b3eb-a74576d5b059","status":"cancelado","tipo":"vitrine","dados_contratuais":{"origem":"cadastro_inicial","aceito_em":"2026-05-14T13:37:46.861Z","interesses":["vitrine","membros"],"termos_aceitos":{"codigo_etica":true,"politicas_participacao_protecao":true},"termos_versoes":{"codigo_etica":"BUILT JUR - 1","politicas_participacao_protecao":"BUILT JUR - 1"}},"expires_at":null,"termos_aceitos_em":"2026-05-14T13:37:49.102Z","solicitacao_acesso_em":null,"aura_invitador_avaliada_em":null,"avaliacao_token":null,"lembrete_24h_em":null,"lembrete_48h_em":null,"lembrete_72h_em":null,"criado_em":"2026-05-14T13:22:33.299Z","atualizado_em":"2026-06-29T20:26:32.512Z"},{"id":"16aabfe4-fe10-45bf-b042-f5b30d56c9ec","token":"2f9cec94-99aa-41d3-968f-89219e130f88","comunidade_id":"4","candidato_membro_id":"36315025-baf2-43da-bd80-dde05e301fee","candidato_nome":"Testeeeee","candidato_email":"luhann@gmail.com","invitador_membro_id":"06196cc4-b506-4fa0-b3eb-a74576d5b059","status":"convidado","tipo":"associacao_completa","dados_contratuais":{"interesses":["membros"],"termos_aceitos":{},"termos_versoes":{},"origem_interesses":["membros"]},"expires_at":null,"termos_aceitos_em":null,"solicitacao_acesso_em":null,"aura_invitador_avaliada_em":null,"avaliacao_token":null,"lembrete_24h_em":null,"lembrete_48h_em":null,"lembrete_72h_em":null,"criado_em":"2026-05-14T12:10:09.589Z","atualizado_em":"2026-05-14T12:10:09.589Z"},{"id":"b03baf57-5817-49cc-b651-3af9d697632f","token":"2d3d39c1-6480-4d7d-8f2c-a6aca12f04bd","comunidade_id":"4","candidato_membro_id":"36315025-baf2-43da-bd80-dde05e301fee","candidato_nome":"Testeeeee","candidato_email":"luhann@gmail.com","invitador_membro_id":"06196cc4-b506-4fa0-b3eb-a74576d5b059","status":"cancelado","tipo":"vitrine","dados_contratuais":{"origem":"cadastro_inicial","aceito_em":"2026-05-14T12:11:15.258Z","interesses":["membros"],"termos_aceitos":{"codigo_etica":true,"politicas_participacao_protecao":true},"termos_versoes":{"codigo_etica":"BUILT JUR - 1","politicas_participacao_protecao":"BUILT JUR - 1"}},"expires_at":null,"termos_aceitos_em":"2026-05-14T12:11:16.554Z","solicitacao_acesso_em":null,"aura_invitador_avaliada_em":null,"avaliacao_token":null,"lembrete_24h_em":null,"lembrete_48h_em":null,"lembrete_72h_em":null,"criado_em":"2026-05-14T12:10:09.587Z","atualizado_em":"2026-06-29T20:26:35.547Z"},{"id":"dae58ae0-8848-44aa-8675-c58dad9d0d99","token":"04871b24-58ff-4420-a3cb-a613c1a1584f","comunidade_id":"4","candidato_membro_id":"9fcefc6a-9e40-4ab4-9324-d076888aa4ca","candidato_nome":"Luhan Teste 4","candidato_email":"luhanteste4@gmail.com","invitador_membro_id":"06196cc4-b506-4fa0-b3eb-a74576d5b059","status":"convidado","tipo":"associacao_completa","dados_contratuais":null,"expires_at":null,"termos_aceitos_em":null,"solicitacao_acesso_em":null,"aura_invitador_avaliada_em":null,"avaliacao_token":null,"lembrete_24h_em":null,"lembrete_48h_em":null,"lembrete_72h_em":null,"criado_em":"2026-05-12T01:37:06.144Z","atualizado_em":"2026-05-12T01:37:06.144Z"},{"id":"09b21a2f-53db-487e-95cf-872970c27c57","token":"940f4c3f-5a6b-4add-bda2-f6c7d4f99add","comunidade_id":"4","candidato_membro_id":"9fcefc6a-9e40-4ab4-9324-d076888aa4ca","candidato_nome":"Luhan Teste 4","candidato_email":"luhanteste4@gmail.com","invitador_membro_id":"06196cc4-b506-4fa0-b3eb-a74576d5b059","status":"vitrine_ativo","tipo":"vitrine","dados_contratuais":null,"expires_at":null,"termos_aceitos_em":"2026-05-12T12:39:09.912Z","solicitacao_acesso_em":"2026-05-12T13:04:15.137Z","aura_invitador_avaliada_em":"2026-05-12T13:05:00.942Z","avaliacao_token":"4b0d0705-13d8-41f2-bf6c-faf14a197c9b","lembrete_24h_em":null,"lembrete_48h_em":null,"lembrete_72h_em":null,"criado_em":"2026-05-12T01:37:05.949Z","atualizado_em":"2026-05-12T13:06:14.169Z"},{"id":"a2fc4749-832b-45db-a3e0-239d38d1547a","token":"a4ac6ce5-72f0-44e0-9543-7a87219218a9","comunidade_id":"4","candidato_membro_id":"11940f6f-c39b-4d0d-a5d8-e9aca230ce27","candidato_nome":"Luhan teste2","candidato_email":"luhanteste2@gmail.com","invitador_membro_id":"06196cc4-b506-4fa0-b3eb-a74576d5b059","status":"vitrine_ativo","tipo":"vitrine","dados_contratuais":null,"expires_at":null,"termos_aceitos_em":"2026-05-12T01:28:05.340Z","solicitacao_acesso_em":"2026-05-12T01:28:07.574Z","aura_invitador_avaliada_em":"2026-05-12T01:29:35.309Z","avaliacao_token":"81f6873d-6359-4c8d-ad48-93e77dea8292","lembrete_24h_em":null,"lembrete_48h_em":null,"lembrete_72h_em":null,"criado_em":"2026-05-12T01:01:53.299Z","atualizado_em":"2026-05-12T01:30:20.305Z"},{"id":"29fd0e16-787f-4521-9b95-fd4cbf748820","token":"b525a317-e26c-4d3a-ad28-a2855faded23","comunidade_id":"4","candidato_membro_id":"d1fb76b0-e9bd-47d0-a32f-65b70366c1b0","candidato_nome":"Teste cadastro Mario","candidato_email":"flebogram2@gmail.com","invitador_membro_id":"06196cc4-b506-4fa0-b3eb-a74576d5b059","status":"convidado","tipo":"associacao_completa","dados_contratuais":{"nome_completo":"Teste cadastro Mario","email":"flebogram2@gmail.com","telefone":null,"whatsapp":null,"cpf":null,"cnpj":null,"nome_empresa":"empresa","empresa":"empresa","cargo":null,"cidade":"Tóquio, Japão","estado":null,"pais":"Japão"},"expires_at":null,"termos_aceitos_em":null,"solicitacao_acesso_em":null,"aura_invitador_avaliada_em":null,"avaliacao_token":null,"lembrete_24h_em":null,"lembrete_48h_em":null,"lembrete_72h_em":null,"criado_em":"2026-05-08T08:30:38.287Z","atualizado_em":"2026-05-08T08:30:38.287Z"},{"id":"3cf55aed-651c-4a01-8900-0281870e6b5f","token":"dc3db59e-fb56-4388-a243-76b8599ee863","comunidade_id":"4","candidato_membro_id":"d1fb76b0-e9bd-47d0-a32f-65b70366c1b0","candidato_nome":"Teste cadastro Mario","candidato_email":"flebogram2@gmail.com","invitador_membro_id":"06196cc4-b506-4fa0-b3eb-a74576d5b059","status":"vitrine_ativo","tipo":"vitrine","dados_contratuais":{"nome_completo":"Teste cadastro Mario","email":"flebogram2@gmail.com","telefone":null,"whatsapp":null,"cpf":null,"cnpj":null,"nome_empresa":"empresa","empresa":"empresa","cargo":null,"cidade":"Tóquio, Japão","estado":null,"pais":"Japão"},"expires_at":null,"termos_aceitos_em":"2026-05-08T08:43:27.255Z","solicitacao_acesso_em":"2026-05-08T08:43:31.925Z","aura_invitador_avaliada_em":"2026-05-08T11:08:35.589Z","avaliacao_token":"8904b3ba-459c-4f1a-84a1-994f2f9285b8","lembrete_24h_em":null,"lembrete_48h_em":null,"lembrete_72h_em":null,"criado_em":"2026-05-08T08:30:38.284Z","atualizado_em":"2026-05-08T11:11:13.996Z"},{"id":"0e9d3665-3753-41c3-b643-82bb1ad92533","token":"1aac5923-5b0e-4af7-b659-acd19f8e0e8f","comunidade_id":"4","candidato_membro_id":"4969be6b-eb94-40f4-a04e-e92057d72cd7","candidato_nome":"luhan teste de convite","candidato_email":"gamerluhanspd@gmail.com","invitador_membro_id":"06196cc4-b506-4fa0-b3eb-a74576d5b059","status":"convidado","tipo":"completo","dados_contratuais":{"nome_completo":"luhan teste de convite","email":"gamerluhanspd@gmail.com","telefone":null,"whatsapp":null,"cpf":null,"cnpj":null,"nome_empresa":"a","empresa":"a","cargo":null,"cidade":"São Paulo","estado":"São Paulo","pais":"Brasil"},"expires_at":"2026-05-15T05:22:45.298Z","termos_aceitos_em":null,"solicitacao_acesso_em":null,"aura_invitador_avaliada_em":null,"avaliacao_token":null,"lembrete_24h_em":null,"lembrete_48h_em":null,"lembrete_72h_em":null,"criado_em":"2026-05-08T05:22:45.299Z","atualizado_em":"2026-05-08T05:22:45.299Z"},{"id":"4b674cf3-6ad1-40c5-818f-74b770b0860d","token":"99164196-722f-4c05-8c96-09688fc7d8ab","comunidade_id":"4","candidato_membro_id":"4969be6b-eb94-40f4-a04e-e92057d72cd7","candidato_nome":"luhan teste de convite","candidato_email":"luhanconvite@gmail.com","invitador_membro_id":"06196cc4-b506-4fa0-b3eb-a74576d5b059","status":"convidado","tipo":"completo","dados_contratuais":{"nome_completo":"luhan teste de convite","email":"gamerluhanspd@gmail.com","telefone":null,"whatsapp":null,"cpf":null,"cnpj":null,"nome_empresa":"a","empresa":"a","cargo":null,"cidade":"São Paulo","estado":"São Paulo","pais":"Brasil"},"expires_at":"2026-05-15T04:24:34.089Z","termos_aceitos_em":null,"solicitacao_acesso_em":null,"aura_invitador_avaliada_em":null,"avaliacao_token":null,"lembrete_24h_em":null,"lembrete_48h_em":null,"lembrete_72h_em":null,"criado_em":"2026-05-08T04:24:34.091Z","atualizado_em":"2026-05-08T04:24:34.091Z"},{"id":"dc36ce8e-fc7d-45a0-b97e-ddff16f1f80d","token":"299656f5-5dde-4f50-9ba4-16b78d5c150a","comunidade_id":"4","candidato_membro_id":"4969be6b-eb94-40f4-a04e-e92057d72cd7","candidato_nome":"luhan teste de convite","candidato_email":"luhanconvite@gmail.com","invitador_membro_id":"06196cc4-b506-4fa0-b3eb-a74576d5b059","status":"convidado","tipo":"completo","dados_contratuais":{"nome_completo":"luhan teste de convite","email":"gamerluhanspd@gmail.com","telefone":null,"whatsapp":null,"cpf":null,"cnpj":null,"nome_empresa":"a","empresa":"a","cargo":null,"cidade":"São Paulo","estado":"São Paulo","pais":"Brasil"},"expires_at":"2026-05-15T00:50:25.575Z","termos_aceitos_em":null,"solicitacao_acesso_em":null,"aura_invitador_avaliada_em":null,"avaliacao_token":null,"lembrete_24h_em":null,"lembrete_48h_em":null,"lembrete_72h_em":null,"criado_em":"2026-05-08T00:50:25.577Z","atualizado_em":"2026-05-08T00:50:25.577Z"},{"id":"5295ae5d-57ea-49b9-8eea-1e371cc994f4","token":"4b7f2db9-8ec1-4c07-905d-ae8b74e6b11c","comunidade_id":"4","candidato_membro_id":"246ddb19-2ad5-4015-af01-f62943f0b177","candidato_nome":"Luhan Teste de Cadastro","candidato_email":"luhanguilherme2@gmail.com","invitador_membro_id":"06196cc4-b506-4fa0-b3eb-a74576d5b059","status":"vitrine_ativo","tipo":"vitrine","dados_contratuais":{"nome_completo":"Luhan Teste de Cadastro","email":"luhanguilherme2@gmail.com","telefone":null,"whatsapp":null,"cpf":null,"cnpj":null,"nome_empresa":"A","empresa":"A","cargo":null,"cidade":"Tóquio, Japão","estado":null,"pais":"Japão"},"expires_at":null,"termos_aceitos_em":null,"solicitacao_acesso_em":null,"aura_invitador_avaliada_em":null,"avaliacao_token":null,"lembrete_24h_em":null,"lembrete_48h_em":null,"lembrete_72h_em":null,"criado_em":"2026-04-27T23:37:42.286Z","atualizado_em":"2026-05-06T00:53:00.514Z"},{"id":"4202c23b-5d69-4cb2-8821-d4f6f3cf9774","token":"97258fd2-96d4-4f05-a69a-918d56703d28","comunidade_id":"4","candidato_membro_id":"4969be6b-eb94-40f4-a04e-e92057d72cd7","candidato_nome":"luhan teste de convite","candidato_email":"luhanconvite@gmail.com","invitador_membro_id":"06196cc4-b506-4fa0-b3eb-a74576d5b059","status":"vitrine_ativo","tipo":"vitrine","dados_contratuais":{"nome_completo":"luhan teste de convite","email":"gamerluhanspd@gmail.com","telefone":null,"whatsapp":null,"cpf":null,"cnpj":null,"nome_empresa":"a","empresa":"a","cargo":null,"cidade":"São Paulo","estado":"São Paulo","pais":"Brasil"},"expires_at":null,"termos_aceitos_em":null,"solicitacao_acesso_em":null,"aura_invitador_avaliada_em":null,"avaliacao_token":null,"lembrete_24h_em":null,"lembrete_48h_em":null,"lembrete_72h_em":null,"criado_em":"2026-04-24T06:18:26.449Z","atualizado_em":"2026-04-24T06:27:43.336Z"},{"id":"49b3d0d0-69b6-485f-ae2f-9545d32005c1","token":"f636d52d-4963-4870-b26a-38f9e0153954","comunidade_id":"4","candidato_membro_id":"fbf45997-9940-4386-a1f3-77407a22dee7","candidato_nome":"LuhanTeste","candidato_email":"watanabeluhan@gmail.com","invitador_membro_id":"06196cc4-b506-4fa0-b3eb-a74576d5b059","status":"convidado","tipo":"completo","dados_contratuais":{"nome_completo":"LuhanTeste","email":"watanabeluhan@gmail.com","telefone":"+55 312321132","whatsapp":"+55 132312321","cpf":"3212321312","cnpj":"312132312","nome_empresa":"Empresaa","empresa":"Empresaa","cargo":null,"cidade":"Tóquio","estado":null,"pais":"Japão"},"expires_at":"2026-04-29T00:00:11.734Z","termos_aceitos_em":null,"solicitacao_acesso_em":null,"aura_invitador_avaliada_em":null,"avaliacao_token":null,"lembrete_24h_em":null,"lembrete_48h_em":null,"lembrete_72h_em":null,"criado_em":"2026-04-22T00:00:11.736Z","atualizado_em":"2026-04-22T00:00:11.736Z"},{"id":"108d51c0-a5f7-40f7-9450-27439031a195","token":"3666d30b-9260-4f87-8663-f86acb57540e","comunidade_id":"4","candidato_membro_id":"fbf45997-9940-4386-a1f3-77407a22dee7","candidato_nome":"LuhanTeste","candidato_email":"watanabeluhan@gmail.com","invitador_membro_id":"06196cc4-b506-4fa0-b3eb-a74576d5b059","status":"convidado","tipo":"completo","dados_contratuais":{"nome_completo":"LuhanTeste","email":"watanabeluhan@gmail.com","telefone":"+55 312321132","whatsapp":"+55 132312321","cpf":"3212321312","cnpj":"312132312","nome_empresa":"Empresaa","empresa":"Empresaa","cargo":null,"cidade":"Tóquio","estado":null,"pais":"Japão"},"expires_at":"2026-04-28T23:55:11.905Z","termos_aceitos_em":null,"solicitacao_acesso_em":null,"aura_invitador_avaliada_em":null,"avaliacao_token":null,"lembrete_24h_em":null,"lembrete_48h_em":null,"lembrete_72h_em":null,"criado_em":"2026-04-21T23:55:11.915Z","atualizado_em":"2026-04-21T23:55:11.915Z"},{"id":"8541e710-5e66-482f-b3d6-c1bc9363d1e1","token":"49d47cca-5eb4-4602-a106-bcbae575cbbb","comunidade_id":"4","candidato_membro_id":"fbf45997-9940-4386-a1f3-77407a22dee7","candidato_nome":"LuhanTeste","candidato_email":"watanabeluhan@gmail.com","invitador_membro_id":"06196cc4-b506-4fa0-b3eb-a74576d5b059","status":"convidado","tipo":"completo","dados_contratuais":{"nome_completo":"LuhanTeste","email":"watanabeluhan@gmail.com","telefone":"+55 312321132","whatsapp":"+55 132312321","cpf":"3212321312","cnpj":"312132312","nome_empresa":"Empresaa","empresa":"Empresaa","cargo":null,"cidade":"Tóquio","estado":null,"pais":"Japão"},"expires_at":"2026-04-27T12:01:21.174Z","termos_aceitos_em":null,"solicitacao_acesso_em":null,"aura_invitador_avaliada_em":null,"avaliacao_token":null,"lembrete_24h_em":null,"lembrete_48h_em":null,"lembrete_72h_em":null,"criado_em":"2026-04-20T12:01:21.175Z","atualizado_em":"2026-04-20T12:01:21.175Z"},{"id":"8ecb92b6-2ec3-4a0b-9aef-1df2624ae165","token":"2f470d1c-e345-4bd2-b3e4-45af248d8907","comunidade_id":"4","candidato_membro_id":"fbf45997-9940-4386-a1f3-77407a22dee7","candidato_nome":"LuhanTeste","candidato_email":"watanabeluhan@gmail.com","invitador_membro_id":"06196cc4-b506-4fa0-b3eb-a74576d5b059","status":"convidado","tipo":"completo","dados_contratuais":{"nome_completo":"LuhanTeste","email":"watanabeluhan@gmail.com","telefone":"+55 312321132","whatsapp":"+55 132312321","cpf":"3212321312","cnpj":"312132312","nome_empresa":"Empresaa","empresa":"Empresaa","cargo":null,"cidade":"Tóquio","estado":null,"pais":"Japão"},"expires_at":"2026-04-27T12:00:40.786Z","termos_aceitos_em":null,"solicitacao_acesso_em":null,"aura_invitador_avaliada_em":null,"avaliacao_token":null,"lembrete_24h_em":null,"lembrete_48h_em":null,"lembrete_72h_em":null,"criado_em":"2026-04-20T12:00:40.797Z","atualizado_em":"2026-04-20T12:00:40.797Z"},{"id":"20b1f69e-8b69-4e45-b895-99bfe47b33e7","token":"1b999959-d273-40a1-8177-90af69e3fcbc","comunidade_id":"4","candidato_membro_id":"fbf45997-9940-4386-a1f3-77407a22dee7","candidato_nome":"LuhanTeste","candidato_email":"watanabeluhan@gmail.com","invitador_membro_id":"06196cc4-b506-4fa0-b3eb-a74576d5b059","status":"convidado","tipo":"completo","dados_contratuais":{"nome_completo":"LuhanTeste","email":"watanabeluhan@gmail.com","telefone":"+55 312321132","whatsapp":"+55 132312321","cpf":"3212321312","cnpj":"312132312","nome_empresa":"Empresaa","empresa":"Empresaa","cargo":null,"cidade":"Tóquio","estado":null,"pais":"Japão"},"expires_at":"2026-04-27T11:15:41.994Z","termos_aceitos_em":null,"solicitacao_acesso_em":null,"aura_invitador_avaliada_em":null,"avaliacao_token":null,"lembrete_24h_em":null,"lembrete_48h_em":null,"lembrete_72h_em":null,"criado_em":"2026-04-20T11:15:41.996Z","atualizado_em":"2026-04-20T11:15:41.996Z"},{"id":"493ccc14-4d1e-4c16-a8bb-9b935ab972c9","token":"d7a258ae-e441-4a50-8553-aa723d91fdd0","comunidade_id":"4","candidato_membro_id":"fbf45997-9940-4386-a1f3-77407a22dee7","candidato_nome":"LuhanTeste","candidato_email":"watanabeluhan@gmail.com","invitador_membro_id":"06196cc4-b506-4fa0-b3eb-a74576d5b059","status":"convidado","tipo":"completo","dados_contratuais":{"nome_completo":"LuhanTeste","email":"watanabeluhan@gmail.com","telefone":"+55 312321132","whatsapp":"+55 132312321","cpf":"3212321312","cnpj":"312132312","nome_empresa":"Empresaa","empresa":"Empresaa","cargo":null,"cidade":"Tóquio","estado":null,"pais":"Japão"},"expires_at":"2026-04-27T06:38:06.345Z","termos_aceitos_em":null,"solicitacao_acesso_em":null,"aura_invitador_avaliada_em":null,"avaliacao_token":null,"lembrete_24h_em":null,"lembrete_48h_em":null,"lembrete_72h_em":null,"criado_em":"2026-04-20T06:38:06.347Z","atualizado_em":"2026-04-20T06:38:06.347Z"},{"id":"e79af82c-7aa2-467c-b384-e620dad8f0f7","token":"cce557f1-9813-4bb7-8438-cbad7b6638cd","comunidade_id":"4","candidato_membro_id":"fbf45997-9940-4386-a1f3-77407a22dee7","candidato_nome":"LuhanTeste","candidato_email":"watanabeluhan@gmail.com","invitador_membro_id":"06196cc4-b506-4fa0-b3eb-a74576d5b059","status":"convidado","tipo":"completo","dados_contratuais":{"nome_completo":"LuhanTeste","email":"watanabeluhan@gmail.com","telefone":"+55 312321132","whatsapp":"+55 132312321","cpf":"3212321312","cnpj":"312132312","nome_empresa":"Empresaa","empresa":"Empresaa","cargo":null,"cidade":"Tóquio","estado":null,"pais":"Japão"},"expires_at":"2026-04-27T06:36:18.500Z","termos_aceitos_em":null,"solicitacao_acesso_em":null,"aura_invitador_avaliada_em":null,"avaliacao_token":null,"lembrete_24h_em":null,"lembrete_48h_em":null,"lembrete_72h_em":null,"criado_em":"2026-04-20T06:36:18.500Z","atualizado_em":"2026-04-20T06:36:18.500Z"},{"id":"bb64bd09-6cbf-4201-9515-c42d9d7ca44c","token":"3c2137db-79d8-44bd-8499-d6b56e537391","comunidade_id":"4","candidato_membro_id":"fbf45997-9940-4386-a1f3-77407a22dee7","candidato_nome":"LuhanTeste","candidato_email":"watanabeluhan@gmail.com","invitador_membro_id":"06196cc4-b506-4fa0-b3eb-a74576d5b059","status":"convidado","tipo":"completo","dados_contratuais":{"nome_completo":"LuhanTeste","email":"watanabeluhan@gmail.com","telefone":"+55 312321132","whatsapp":"+55 132312321","cpf":"3212321312","cnpj":"312132312","nome_empresa":"Empresaa","empresa":"Empresaa","cargo":null,"cidade":"Tóquio","estado":null,"pais":"Japão"},"expires_at":"2026-04-27T06:33:32.159Z","termos_aceitos_em":null,"solicitacao_acesso_em":null,"aura_invitador_avaliada_em":null,"avaliacao_token":null,"lembrete_24h_em":null,"lembrete_48h_em":null,"lembrete_72h_em":null,"criado_em":"2026-04-20T06:33:32.170Z","atualizado_em":"2026-04-20T06:33:32.170Z"},{"id":"b30cebe9-4ae9-470c-b8a7-d8b0778d03c6","token":"687bd577-5941-4c5e-9d95-577bcb8114a1","comunidade_id":"4","candidato_membro_id":"fbf45997-9940-4386-a1f3-77407a22dee7","candidato_nome":"LuhanTeste","candidato_email":"watanabeluhan@gmail.com","invitador_membro_id":"06196cc4-b506-4fa0-b3eb-a74576d5b059","status":"convidado","tipo":"completo","dados_contratuais":{"nome_completo":"LuhanTeste","email":"watanabeluhan@gmail.com","telefone":"+55 312321132","whatsapp":"+55 132312321","cpf":"3212321312","cnpj":"312132312","nome_empresa":"Empresaa","empresa":"Empresaa","cargo":null,"cidade":"Tóquio","estado":null,"pais":"Japão"},"expires_at":"2026-04-27T06:33:06.840Z","termos_aceitos_em":null,"solicitacao_acesso_em":null,"aura_invitador_avaliada_em":null,"avaliacao_token":null,"lembrete_24h_em":null,"lembrete_48h_em":null,"lembrete_72h_em":null,"criado_em":"2026-04-20T06:33:06.850Z","atualizado_em":"2026-04-20T06:33:06.850Z"},{"id":"9cf1041d-88fe-4a1d-9a2e-a2c248140c15","token":"e5204a65-bf11-4d9b-b802-2757a08e2802","comunidade_id":"4","candidato_membro_id":"fbf45997-9940-4386-a1f3-77407a22dee7","candidato_nome":"LuhanTeste","candidato_email":"watanabeluhan@gmail.com","invitador_membro_id":"06196cc4-b506-4fa0-b3eb-a74576d5b059","status":"convidado","tipo":"completo","dados_contratuais":{"nome_completo":"LuhanTeste","email":"watanabeluhan@gmail.com","telefone":"+55 312321132","whatsapp":"+55 132312321","cpf":"3212321312","cnpj":"312132312","nome_empresa":"Empresaa","empresa":"Empresaa","cargo":null,"cidade":"Tóquio","estado":null,"pais":"Japão"},"expires_at":"2026-04-27T06:32:46.561Z","termos_aceitos_em":null,"solicitacao_acesso_em":null,"aura_invitador_avaliada_em":null,"avaliacao_token":null,"lembrete_24h_em":null,"lembrete_48h_em":null,"lembrete_72h_em":null,"criado_em":"2026-04-20T06:32:46.563Z","atualizado_em":"2026-04-20T06:32:46.563Z"},{"id":"059451e1-f184-4cb8-a94e-94ca48a68263","token":"423b349f-6523-4d7a-bef4-12f4b30d4185","comunidade_id":"4","candidato_membro_id":"fbf45997-9940-4386-a1f3-77407a22dee7","candidato_nome":"LuhanTeste","candidato_email":"luhan1@gmail.com","invitador_membro_id":"06196cc4-b506-4fa0-b3eb-a74576d5b059","status":"convidado","tipo":"completo","dados_contratuais":{"nome_completo":"LuhanTeste","email":"watanabeluhan@gmail.com","telefone":"+55 312321132","whatsapp":"+55 132312321","cpf":"3212321312","cnpj":"312132312","nome_empresa":"Empresaa","empresa":"Empresaa","cargo":null,"cidade":"Tóquio","estado":null,"pais":"Japão"},"expires_at":"2026-04-27T06:32:17.751Z","termos_aceitos_em":null,"solicitacao_acesso_em":null,"aura_invitador_avaliada_em":null,"avaliacao_token":null,"lembrete_24h_em":null,"lembrete_48h_em":null,"lembrete_72h_em":null,"criado_em":"2026-04-20T06:32:17.760Z","atualizado_em":"2026-04-20T06:32:17.760Z"}]
9:54:07 PM [express] GET /api/me 304 in 4582ms :: {"id":"3c4b4d72-32d3-469f-9598-0a0ccad6fd79","nome":"Barão do Império Chácaras de Lazer SPE Ltda","email":"seitikatsumi@gmail.com","membro_directus_id":"06196cc4-b506-4fa0-b3eb-a74576d5b059","role":"admin","permissions":{"aura":"edit","bias":"edit","admin":"edit","painel":"edit","membros":"edit","calculadora":"edit","fluxo_caixa":"edit","oportunidades":"edit","cadastro_geral":"edit"},"tipos_alianca":["Alianças de Investimento","Alianças de Projeto","Alianças de Operações e Facilities","Alianças de Liderança Comercial"],"Outras_redes_as_quais_pertenco":["BUILT_FOUNDING_MEMBER","BUILT_PROUD_MEMBER","BUILT_CAPITAL_PARTNER","BNI"],"na_vitrine":false,"em_membros_built":true,"em_built_capital":true,"foto_perfil":"/api/assets/1e2983ee-d739-492a-a13d-f5f398676c87?v=directus-db-20260616","vitrine_termo_aceito_em":"2026-05-12T12:28:01.674Z","vitrine_termo_versao":"BUILT JUR - 2","area_aliancas_termo_aceito_em":"2026-06-23T23:38:41.780Z","area_aliancas_termo_versao":"BUILT JUR - 4","built_capital_termo_aceito_em":"2026-05-12T12:42:55.624Z","built_capital_termo_versao":"built_capital_v1_provisorio","pending_vitrine":false,"convite_pendente":null,"adesao_pendente":null,"company_employee":false,"company_owner_user_id":null,"company_owner_membro_id":null,"company_owner_nome":null,"company_owner_email":null,"company_employee_role":null,"company_permissions":null}
9:54:32 PM [express] GET /api/me 401 in 0ms :: {"error":"Não autenticado"}
9:54:32 PM [express] GET /api/me 401 in 1ms :: {"error":"Não autenticado"}
9:54:32 PM [express] GET /api/me 401 in 0ms :: {"error":"Não autenticado"}
9:54:32 PM [express] GET /api/me 401 in 0ms :: {"error":"Não autenticado"}
9:55:02 PM [express] GET /api/me 401 in 1ms :: {"error":"Não autenticado"}
9:55:02 PM [express] GET /api/me 401 in 0ms :: {"error":"Não autenticado"}
9:55:02 PM [express] GET /api/me 401 in 1ms :: {"error":"Não autenticado"}
9:55:02 PM [express] GET /api/me 401 in 0ms :: {"error":"Não autenticado"}
9:55:32 PM [express] GET /api/me 401 in 0ms :: {"error":"Não autenticado"}
9:55:32 PM [express] GET /api/me 401 in 1ms :: {"error":"Não autenticado"}
9:55:32 PM [express] GET /api/me 401 in 1ms :: {"error":"Não autenticado"}
9:55:32 PM [express] GET /api/me 401 in 1ms :: {"error":"Não autenticado"}
9:55:32 PM [express] POST /api/usage-events 200 in 869ms :: {"success":true}
9:55:32 PM [express] GET /api/agenda-alertas/contador 200 in 2856ms :: {"pendencias_ativas":2,"display":2}
9:55:33 PM [express] GET /api/bia-socio-solicitacoes/minhas 304 in 368ms :: []
9:55:33 PM [express] GET /api/bia-diretor-solicitacoes/minhas 304 in 375ms :: []
9:55:33 PM [express] GET /api/carteira/alertas 304 in 692ms :: [{"id":"fefef4e9-ee59-4010-a981-a092a56e0b2b","imovel_id":"inv-1784470695598-9fe3c616","tipo":"documental","severidade":"alta","titulo":"Documento vencido","descricao":"Registro de Imóvel · versão 1","impacto":"A validade documental pode limitar decisões ou transações relacionadas ao imóvel.","acao_sugerida":"Revisar o documento e providenciar uma versão atualizada.","prazo":"2026-01-03","status":"aberto","delegado_para_user_id":null,"criado_por_user_id":"2d0c93ce-370c-480e-85be-5bd5eb94c0f1","criado_em":"2026-08-07 11:09:02.718067","atualizado_em":"2026-08-07 11:09:02.718067","acao_registrada":null,"acao_registrada_em":null,"acao_registrada_por_user_id":null,"ignorado_em":null,"ignorado_por_user_id":null,"imovel_nome":"Lote 09","imovel_cidade":"Lagoa Santa","imovel_estado":"MG","access_level":"administracao","can_act":true}]
9:55:33 PM [express] GET /api/meu-convite 304 in 702ms :: {"id":"c47b1c5a-4f83-4ca6-aca0-780161bfb990","token":"71bef9d9-0bec-4e31-9d0b-198eb66f8919","gerador_user_id":"98d4ed18-35e9-426b-a523-bc559f3eaf9a","gerador_membro_id":"06196cc4-b506-4fa0-b3eb-a74576d5b059","gerador_nome":"Barão do Império Chácaras de Lazer SPE Ltda","comunidade_id":"4","comunidade_nome":"BUILT Brasil | Belo Horizonte | Comunidade A01","tipo":"unificado","status":"ativo","usado_por_user_id":null,"criado_em":"2026-08-17T12:41:20.895Z","expires_at":"2026-08-18T12:41:20.518Z","usado_em":null,"link":"https://app.builtalliances.com/login?convite=71bef9d9-0bec-4e31-9d0b-198eb66f8919"}
9:55:34 PM [express] POST /api/usage-events 200 in 403ms :: {"success":true}
9:55:34 PM [express] GET /api/agenda-alertas/resumo 200 in 2852ms :: {"can_view_agenda":true,"pending_count":2,"pending_display":2,"agenda":{"overdue_count":1,"today_count":0,"preview":[{"id":"agenda:5775c2f8-cac5-4f32-9763-623c9701b89a","type":"tarefa","title":"Teste","description":"oioioioi","date":"2026-06-06","time":null,"priority":"media","overdue":true,"href":"/agenda-alertas?view=agenda"}]},"alerts":{"preview":[{"id":"carteira:fefef4e9-ee59-4010-a981-a092a56e0b2b","source_type":"carteira_alerta","source_id":"fefef4e9-ee59-4010-a981-a092a56e0b2b","group":"pendencias","category":"patrimonio","title":"Documento vencido","description":"Lote 09 · Revisar o documento e providenciar uma versão atualizada.","priority":"alta","status":"aberto","created_at":"2026-08-07T02:09:02.718Z","due_at":"2026-01-03T00:00:00.000Z","action_required":true,"active":true,"href":"/carteira/inv-1784470695598-9fe3c616?tab=pulso","actions":["consultar","registrar_acao"],"metadata":{"imovel_id":"inv-1784470695598-9fe3c616"}},{"id":"convite:daa6e885-22d3-4ef8-96ca-1b4bb0c8f671","source_type":"convite_comunidade","source_id":"daa6e885-22d3-4ef8-96ca-1b4bb0c8f671","group":"pendencias","category":"avaliacao_aura","title":"Avaliação de Aura pendente","description":"Luhan4","priority":"alta","status":"aguardando_avaliacao_aura","created_at":"2026-07-27T10:14:20.274Z","action_required":true,"active":true,"href":"/agenda-alertas?view=alertas","actions":["avaliar"],"metadata":{"comunidade_id":"4","token":"3061dcb2-f429-4822-a728-5e7c64eb456c"}}]},"updates":{"preview":[]}}
9:55:34 PM [express] GET /api/chamadas-alianca/minhas 304 in 405ms :: []
9:55:35 PM [express] GET /api/convites 304 in 2091ms :: [{"id":"3d71fc02-a4a6-49e4-9ea3-2e98f7684d76","token":"ed77071f-5209-4d02-8770-2673c4d9c5fd","comunidade_id":"4","candidato_membro_id":"d1090fea-9eae-4bd9-b49e-4c22a55eb75f","candidato_nome":"Luhan Teste imovel","candidato_email":"imovel@gmail.com","invitador_membro_id":"06196cc4-b506-4fa0-b3eb-a74576d5b059","status":"termos_pendentes","tipo":"jornada_imoveis","dados_contratuais":{"cpf":null,"cnpj":null,"pais":"Brasil","cargo":null,"email":"imovel@gmail.com","cidade":null,"estado":null,"origem":"cadastro_inicial","empresa":null,"telefone":null,"whatsapp":null,"interesses":["imoveis"],"nome_empresa":null,"nome_completo":"Luhan Teste imovel","termos_aceitos":{},"termos_versoes":{},"convite_link_tipo":"vitrine","finalidades_conta":["imoveis"],"acesso_imoveis_gratuito":true},"expires_at":null,"termos_aceitos_em":null,"solicitacao_acesso_em":null,"aura_invitador_avaliada_em":null,"avaliacao_token":null,"lembrete_24h_em":null,"lembrete_48h_em":null,"lembrete_72h_em":null,"criado_em":"2026-08-17T11:57:13.603Z","atualizado_em":"2026-08-17T11:57:13.603Z"},{"id":"daa6e885-22d3-4ef8-96ca-1b4bb0c8f671","token":"3061dcb2-f429-4822-a728-5e7c64eb456c","comunidade_id":"4","candidato_membro_id":"7146606c-1240-4e59-97d4-9bb0ec466231","candidato_nome":"Luhan4","candidato_email":"a@gnail.com","invitador_membro_id":"06196cc4-b506-4fa0-b3eb-a74576d5b059","status":"aguardando_avaliacao_aura","tipo":"vitrine","dados_contratuais":{"cpf":"1","cnpj":null,"pais":"Brasil","cargo":null,"email":"a@gnail.com","cidade":"A","estado":"A","origem":"cadastro_inicial","empresa":null,"telefone":"+55 1","whatsapp":"+55 1","aceito_em":"2026-07-27T10:15:57.738Z","interesses":["vitrine"],"nome_empresa":null,"nome_completo":"Luhan4","termos_aceitos":{"codigo_etica":true,"politicas_participacao_protecao":true},"termos_versoes":{"codigo_etica":"BUILT JUR - 1","politicas_participacao_protecao":"BUILT JUR - 1"},"convite_link_tipo":"vitrine","aceite_localizacao":{"status":"capturada","accuracy":18.709881249803693,"latitude":34.782275641209935,"longitude":137.36911274174182,"captured_at":"2026-07-27T10:15:57.738Z"}},"expires_at":null,"termos_aceitos_em":"2026-07-27T10:15:57.811Z","solicitacao_acesso_em":"2026-07-27T10:27:21.336Z","aura_invitador_avaliada_em":null,"avaliacao_token":"22a4a0e1-4910-4c13-b121-1e83c5d40b80","lembrete_24h_em":null,"lembrete_48h_em":null,"lembrete_72h_em":null,"criado_em":"2026-07-27T10:14:20.274Z","atualizado_em":"2026-07-27T10:27:21.336Z"},{"id":"281654f3-cce2-4fe7-9e95-0f87959d2d94","token":"f91465d2-f946-46a6-adba-6a18fb69dc72","comunidade_id":"4","candidato_membro_id":"fbf45997-9940-4386-a1f3-77407a22dee7","candidato_nome":"LuhanTeste","candidato_email":"watanabeluhan@gmail.com","invitador_membro_id":"06196cc4-b506-4fa0-b3eb-a74576d5b059","status":"cancelado","tipo":"associacao_completa","dados_contratuais":{"nome_completo":"LuhanTeste","email":"watanabeluhan@gmail.com","telefone":"+55 312321132","whatsapp":"+55 132312321","cpf":"3212321312","cnpj":"312132312","nome_empresa":"Empresaa","empresa":"Empresaa","cargo":null,"cidade":"Tóquio","estado":null,"pais":"Japão"},"expires_at":"2026-06-25T00:54:10.613Z","termos_aceitos_em":null,"solicitacao_acesso_em":null,"aura_invitador_avaliada_em":null,"avaliacao_token":null,"lembrete_24h_em":null,"lembrete_48h_em":null,"lembrete_72h_em":null,"criado_em":"2026-06-23T00:49:15.435Z","atualizado_em":"2026-06-29T20:26:23.830Z"},{"id":"215d13d5-cc5a-41f9-bb0d-71ac8b8789f1","token":"58178285-044b-4f94-831b-99f047537f88","comunidade_id":"4","candidato_membro_id":"724d77a1-8154-4845-97f2-e526e8f0214b","candidato_nome":" JOBSON AZEVEDO","candidato_email":"JOBSON@AMAISREFRIGERACAO.COM.BR","invitador_membro_id":"90d2589b-c318-4562-8421-36c7467475c5","status":"membro","tipo":"manual","dados_contratuais":{"nome_completo":" JOBSON AZEVEDO","email":"JOBSON@AMAISREFRIGERACAO.COM.BR","telefone":"5527999771577","whatsapp":"5527999771577","cpf":null,"cnpj":null,"nome_empresa":" A+REFRIGERAÇÃO","empresa":" A+REFRIGERAÇÃO","cargo":null,"cidade":"SERRA","estado":"ES","pais":"Brasil"},"expires_at":null,"termos_aceitos_em":null,"solicitacao_acesso_em":null,"aura_invitador_avaliada_em":null,"avaliacao_token":null,"lembrete_24h_em":null,"lembrete_48h_em":null,"lembrete_72h_em":null,"criado_em":"2026-06-16T20:26:27.452Z","atualizado_em":"2026-06-16T20:26:27.452Z"},{"id":"24746b90-1ea6-4913-af02-197792210756","token":"f4934d31-a8be-4cc4-9c18-d066083cc013","comunidade_id":"4","candidato_membro_id":"482fce7d-4dac-4487-bbad-36b3bf105db9","candidato_nome":"Luhan","candidato_email":"luhanguilherme3@gmail.com","invitador_membro_id":"06196cc4-b506-4fa0-b3eb-a74576d5b059","status":"cancelado","tipo":"vitrine","dados_contratuais":{"origem":"cadastro_inicial","aceito_em":"2026-05-19T13:50:38.837Z","interesses":["capital"],"termos_aceitos":{"codigo_etica":true,"politicas_participacao_protecao":true},"termos_versoes":{"codigo_etica":"BUILT JUR - 1","politicas_participacao_protecao":"BUILT JUR - 1"}},"expires_at":null,"termos_aceitos_em":"2026-05-19T13:50:38.976Z","solicitacao_acesso_em":null,"aura_invitador_avaliada_em":null,"avaliacao_token":null,"lembrete_24h_em":null,"lembrete_48h_em":null,"lembrete_72h_em":null,"criado_em":"2026-05-19T13:50:18.674Z","atualizado_em":"2026-06-29T20:26:30.104Z"},{"id":"7040e591-40d3-4c98-a459-26d7ca86f8ec","token":"3e6d9fb5-e004-4533-85fc-c2f3496a5a38","comunidade_id":"4","candidato_membro_id":"7f00f9f3-536c-4018-bd14-aafe67dedec6","candidato_nome":"luhannn","candidato_email":"luhannn@gmail.com","invitador_membro_id":"06196cc4-b506-4fa0-b3eb-a74576d5b059","status":"convidado","tipo":"associacao_completa","dados_contratuais":{"interesses":["membros"],"termos_aceitos":{},"termos_versoes":{},"origem_interesses":["vitrine","membros"]},"expires_at":null,"termos_aceitos_em":null,"solicitacao_acesso_em":null,"aura_invitador_avaliada_em":null,"avaliacao_token":null,"lembrete_24h_em":null,"lembrete_48h_em":null,"lembrete_72h_em":null,"criado_em":"2026-05-14T13:22:33.484Z","atualizado_em":"2026-05-14T13:22:33.484Z"},{"id":"0d80ac02-9bb2-404c-981b-ac4803f239fb","token":"122008fb-ea3e-43f6-9b2d-4ee924111736","comunidade_id":"4","candidato_membro_id":"7f00f9f3-536c-4018-bd14-aafe67dedec6","candidato_nome":"luhannn","candidato_email":"luhannn@gmail.com","invitador_membro_id":"06196cc4-b506-4fa0-b3eb-a74576d5b059","status":"cancelado","tipo":"vitrine","dados_contratuais":{"origem":"cadastro_inicial","aceito_em":"2026-05-14T13:37:46.861Z","interesses":["vitrine","membros"],"termos_aceitos":{"codigo_etica":true,"politicas_participacao_protecao":true},"termos_versoes":{"codigo_etica":"BUILT JUR - 1","politicas_participacao_protecao":"BUILT JUR - 1"}},"expires_at":null,"termos_aceitos_em":"2026-05-14T13:37:49.102Z","solicitacao_acesso_em":null,"aura_invitador_avaliada_em":null,"avaliacao_token":null,"lembrete_24h_em":null,"lembrete_48h_em":null,"lembrete_72h_em":null,"criado_em":"2026-05-14T13:22:33.299Z","atualizado_em":"2026-06-29T20:26:32.512Z"},{"id":"16aabfe4-fe10-45bf-b042-f5b30d56c9ec","token":"2f9cec94-99aa-41d3-968f-89219e130f88","comunidade_id":"4","candidato_membro_id":"36315025-baf2-43da-bd80-dde05e301fee","candidato_nome":"Testeeeee","candidato_email":"luhann@gmail.com","invitador_membro_id":"06196cc4-b506-4fa0-b3eb-a74576d5b059","status":"convidado","tipo":"associacao_completa","dados_contratuais":{"interesses":["membros"],"termos_aceitos":{},"termos_versoes":{},"origem_interesses":["membros"]},"expires_at":null,"termos_aceitos_em":null,"solicitacao_acesso_em":null,"aura_invitador_avaliada_em":null,"avaliacao_token":null,"lembrete_24h_em":null,"lembrete_48h_em":null,"lembrete_72h_em":null,"criado_em":"2026-05-14T12:10:09.589Z","atualizado_em":"2026-05-14T12:10:09.589Z"},{"id":"b03baf57-5817-49cc-b651-3af9d697632f","token":"2d3d39c1-6480-4d7d-8f2c-a6aca12f04bd","comunidade_id":"4","candidato_membro_id":"36315025-baf2-43da-bd80-dde05e301fee","candidato_nome":"Testeeeee","candidato_email":"luhann@gmail.com","invitador_membro_id":"06196cc4-b506-4fa0-b3eb-a74576d5b059","status":"cancelado","tipo":"vitrine","dados_contratuais":{"origem":"cadastro_inicial","aceito_em":"2026-05-14T12:11:15.258Z","interesses":["membros"],"termos_aceitos":{"codigo_etica":true,"politicas_participacao_protecao":true},"termos_versoes":{"codigo_etica":"BUILT JUR - 1","politicas_participacao_protecao":"BUILT JUR - 1"}},"expires_at":null,"termos_aceitos_em":"2026-05-14T12:11:16.554Z","solicitacao_acesso_em":null,"aura_invitador_avaliada_em":null,"avaliacao_token":null,"lembrete_24h_em":null,"lembrete_48h_em":null,"lembrete_72h_em":null,"criado_em":"2026-05-14T12:10:09.587Z","atualizado_em":"2026-06-29T20:26:35.547Z"},{"id":"dae58ae0-8848-44aa-8675-c58dad9d0d99","token":"04871b24-58ff-4420-a3cb-a613c1a1584f","comunidade_id":"4","candidato_membro_id":"9fcefc6a-9e40-4ab4-9324-d076888aa4ca","candidato_nome":"Luhan Teste 4","candidato_email":"luhanteste4@gmail.com","invitador_membro_id":"06196cc4-b506-4fa0-b3eb-a74576d5b059","status":"convidado","tipo":"associacao_completa","dados_contratuais":null,"expires_at":null,"termos_aceitos_em":null,"solicitacao_acesso_em":null,"aura_invitador_avaliada_em":null,"avaliacao_token":null,"lembrete_24h_em":null,"lembrete_48h_em":null,"lembrete_72h_em":null,"criado_em":"2026-05-12T01:37:06.144Z","atualizado_em":"2026-05-12T01:37:06.144Z"},{"id":"09b21a2f-53db-487e-95cf-872970c27c57","token":"940f4c3f-5a6b-4add-bda2-f6c7d4f99add","comunidade_id":"4","candidato_membro_id":"9fcefc6a-9e40-4ab4-9324-d076888aa4ca","candidato_nome":"Luhan Teste 4","candidato_email":"luhanteste4@gmail.com","invitador_membro_id":"06196cc4-b506-4fa0-b3eb-a74576d5b059","status":"vitrine_ativo","tipo":"vitrine","dados_contratuais":null,"expires_at":null,"termos_aceitos_em":"2026-05-12T12:39:09.912Z","solicitacao_acesso_em":"2026-05-12T13:04:15.137Z","aura_invitador_avaliada_em":"2026-05-12T13:05:00.942Z","avaliacao_token":"4b0d0705-13d8-41f2-bf6c-faf14a197c9b","lembrete_24h_em":null,"lembrete_48h_em":null,"lembrete_72h_em":null,"criado_em":"2026-05-12T01:37:05.949Z","atualizado_em":"2026-05-12T13:06:14.169Z"},{"id":"a2fc4749-832b-45db-a3e0-239d38d1547a","token":"a4ac6ce5-72f0-44e0-9543-7a87219218a9","comunidade_id":"4","candidato_membro_id":"11940f6f-c39b-4d0d-a5d8-e9aca230ce27","candidato_nome":"Luhan teste2","candidato_email":"luhanteste2@gmail.com","invitador_membro_id":"06196cc4-b506-4fa0-b3eb-a74576d5b059","status":"vitrine_ativo","tipo":"vitrine","dados_contratuais":null,"expires_at":null,"termos_aceitos_em":"2026-05-12T01:28:05.340Z","solicitacao_acesso_em":"2026-05-12T01:28:07.574Z","aura_invitador_avaliada_em":"2026-05-12T01:29:35.309Z","avaliacao_token":"81f6873d-6359-4c8d-ad48-93e77dea8292","lembrete_24h_em":null,"lembrete_48h_em":null,"lembrete_72h_em":null,"criado_em":"2026-05-12T01:01:53.299Z","atualizado_em":"2026-05-12T01:30:20.305Z"},{"id":"29fd0e16-787f-4521-9b95-fd4cbf748820","token":"b525a317-e26c-4d3a-ad28-a2855faded23","comunidade_id":"4","candidato_membro_id":"d1fb76b0-e9bd-47d0-a32f-65b70366c1b0","candidato_nome":"Teste cadastro Mario","candidato_email":"flebogram2@gmail.com","invitador_membro_id":"06196cc4-b506-4fa0-b3eb-a74576d5b059","status":"convidado","tipo":"associacao_completa","dados_contratuais":{"nome_completo":"Teste cadastro Mario","email":"flebogram2@gmail.com","telefone":null,"whatsapp":null,"cpf":null,"cnpj":null,"nome_empresa":"empresa","empresa":"empresa","cargo":null,"cidade":"Tóquio, Japão","estado":null,"pais":"Japão"},"expires_at":null,"termos_aceitos_em":null,"solicitacao_acesso_em":null,"aura_invitador_avaliada_em":null,"avaliacao_token":null,"lembrete_24h_em":null,"lembrete_48h_em":null,"lembrete_72h_em":null,"criado_em":"2026-05-08T08:30:38.287Z","atualizado_em":"2026-05-08T08:30:38.287Z"},{"id":"3cf55aed-651c-4a01-8900-0281870e6b5f","token":"dc3db59e-fb56-4388-a243-76b8599ee863","comunidade_id":"4","candidato_membro_id":"d1fb76b0-e9bd-47d0-a32f-65b70366c1b0","candidato_nome":"Teste cadastro Mario","candidato_email":"flebogram2@gmail.com","invitador_membro_id":"06196cc4-b506-4fa0-b3eb-a74576d5b059","status":"vitrine_ativo","tipo":"vitrine","dados_contratuais":{"nome_completo":"Teste cadastro Mario","email":"flebogram2@gmail.com","telefone":null,"whatsapp":null,"cpf":null,"cnpj":null,"nome_empresa":"empresa","empresa":"empresa","cargo":null,"cidade":"Tóquio, Japão","estado":null,"pais":"Japão"},"expires_at":null,"termos_aceitos_em":"2026-05-08T08:43:27.255Z","solicitacao_acesso_em":"2026-05-08T08:43:31.925Z","aura_invitador_avaliada_em":"2026-05-08T11:08:35.589Z","avaliacao_token":"8904b3ba-459c-4f1a-84a1-994f2f9285b8","lembrete_24h_em":null,"lembrete_48h_em":null,"lembrete_72h_em":null,"criado_em":"2026-05-08T08:30:38.284Z","atualizado_em":"2026-05-08T11:11:13.996Z"},{"id":"0e9d3665-3753-41c3-b643-82bb1ad92533","token":"1aac5923-5b0e-4af7-b659-acd19f8e0e8f","comunidade_id":"4","candidato_membro_id":"4969be6b-eb94-40f4-a04e-e92057d72cd7","candidato_nome":"luhan teste de convite","candidato_email":"gamerluhanspd@gmail.com","invitador_membro_id":"06196cc4-b506-4fa0-b3eb-a74576d5b059","status":"convidado","tipo":"completo","dados_contratuais":{"nome_completo":"luhan teste de convite","email":"gamerluhanspd@gmail.com","telefone":null,"whatsapp":null,"cpf":null,"cnpj":null,"nome_empresa":"a","empresa":"a","cargo":null,"cidade":"São Paulo","estado":"São Paulo","pais":"Brasil"},"expires_at":"2026-05-15T05:22:45.298Z","termos_aceitos_em":null,"solicitacao_acesso_em":null,"aura_invitador_avaliada_em":null,"avaliacao_token":null,"lembrete_24h_em":null,"lembrete_48h_em":null,"lembrete_72h_em":null,"criado_em":"2026-05-08T05:22:45.299Z","atualizado_em":"2026-05-08T05:22:45.299Z"},{"id":"4b674cf3-6ad1-40c5-818f-74b770b0860d","token":"99164196-722f-4c05-8c96-09688fc7d8ab","comunidade_id":"4","candidato_membro_id":"4969be6b-eb94-40f4-a04e-e92057d72cd7","candidato_nome":"luhan teste de convite","candidato_email":"luhanconvite@gmail.com","invitador_membro_id":"06196cc4-b506-4fa0-b3eb-a74576d5b059","status":"convidado","tipo":"completo","dados_contratuais":{"nome_completo":"luhan teste de convite","email":"gamerluhanspd@gmail.com","telefone":null,"whatsapp":null,"cpf":null,"cnpj":null,"nome_empresa":"a","empresa":"a","cargo":null,"cidade":"São Paulo","estado":"São Paulo","pais":"Brasil"},"expires_at":"2026-05-15T04:24:34.089Z","termos_aceitos_em":null,"solicitacao_acesso_em":null,"aura_invitador_avaliada_em":null,"avaliacao_token":null,"lembrete_24h_em":null,"lembrete_48h_em":null,"lembrete_72h_em":null,"criado_em":"2026-05-08T04:24:34.091Z","atualizado_em":"2026-05-08T04:24:34.091Z"},{"id":"dc36ce8e-fc7d-45a0-b97e-ddff16f1f80d","token":"299656f5-5dde-4f50-9ba4-16b78d5c150a","comunidade_id":"4","candidato_membro_id":"4969be6b-eb94-40f4-a04e-e92057d72cd7","candidato_nome":"luhan teste de convite","candidato_email":"luhanconvite@gmail.com","invitador_membro_id":"06196cc4-b506-4fa0-b3eb-a74576d5b059","status":"convidado","tipo":"completo","dados_contratuais":{"nome_completo":"luhan teste de convite","email":"gamerluhanspd@gmail.com","telefone":null,"whatsapp":null,"cpf":null,"cnpj":null,"nome_empresa":"a","empresa":"a","cargo":null,"cidade":"São Paulo","estado":"São Paulo","pais":"Brasil"},"expires_at":"2026-05-15T00:50:25.575Z","termos_aceitos_em":null,"solicitacao_acesso_em":null,"aura_invitador_avaliada_em":null,"avaliacao_token":null,"lembrete_24h_em":null,"lembrete_48h_em":null,"lembrete_72h_em":null,"criado_em":"2026-05-08T00:50:25.577Z","atualizado_em":"2026-05-08T00:50:25.577Z"},{"id":"5295ae5d-57ea-49b9-8eea-1e371cc994f4","token":"4b7f2db9-8ec1-4c07-905d-ae8b74e6b11c","comunidade_id":"4","candidato_membro_id":"246ddb19-2ad5-4015-af01-f62943f0b177","candidato_nome":"Luhan Teste de Cadastro","candidato_email":"luhanguilherme2@gmail.com","invitador_membro_id":"06196cc4-b506-4fa0-b3eb-a74576d5b059","status":"vitrine_ativo","tipo":"vitrine","dados_contratuais":{"nome_completo":"Luhan Teste de Cadastro","email":"luhanguilherme2@gmail.com","telefone":null,"whatsapp":null,"cpf":null,"cnpj":null,"nome_empresa":"A","empresa":"A","cargo":null,"cidade":"Tóquio, Japão","estado":null,"pais":"Japão"},"expires_at":null,"termos_aceitos_em":null,"solicitacao_acesso_em":null,"aura_invitador_avaliada_em":null,"avaliacao_token":null,"lembrete_24h_em":null,"lembrete_48h_em":null,"lembrete_72h_em":null,"criado_em":"2026-04-27T23:37:42.286Z","atualizado_em":"2026-05-06T00:53:00.514Z"},{"id":"4202c23b-5d69-4cb2-8821-d4f6f3cf9774","token":"97258fd2-96d4-4f05-a69a-918d56703d28","comunidade_id":"4","candidato_membro_id":"4969be6b-eb94-40f4-a04e-e92057d72cd7","candidato_nome":"luhan teste de convite","candidato_email":"luhanconvite@gmail.com","invitador_membro_id":"06196cc4-b506-4fa0-b3eb-a74576d5b059","status":"vitrine_ativo","tipo":"vitrine","dados_contratuais":{"nome_completo":"luhan teste de convite","email":"gamerluhanspd@gmail.com","telefone":null,"whatsapp":null,"cpf":null,"cnpj":null,"nome_empresa":"a","empresa":"a","cargo":null,"cidade":"São Paulo","estado":"São Paulo","pais":"Brasil"},"expires_at":null,"termos_aceitos_em":null,"solicitacao_acesso_em":null,"aura_invitador_avaliada_em":null,"avaliacao_token":null,"lembrete_24h_em":null,"lembrete_48h_em":null,"lembrete_72h_em":null,"criado_em":"2026-04-24T06:18:26.449Z","atualizado_em":"2026-04-24T06:27:43.336Z"},{"id":"49b3d0d0-69b6-485f-ae2f-9545d32005c1","token":"f636d52d-4963-4870-b26a-38f9e0153954","comunidade_id":"4","candidato_membro_id":"fbf45997-9940-4386-a1f3-77407a22dee7","candidato_nome":"LuhanTeste","candidato_email":"watanabeluhan@gmail.com","invitador_membro_id":"06196cc4-b506-4fa0-b3eb-a74576d5b059","status":"convidado","tipo":"completo","dados_contratuais":{"nome_completo":"LuhanTeste","email":"watanabeluhan@gmail.com","telefone":"+55 312321132","whatsapp":"+55 132312321","cpf":"3212321312","cnpj":"312132312","nome_empresa":"Empresaa","empresa":"Empresaa","cargo":null,"cidade":"Tóquio","estado":null,"pais":"Japão"},"expires_at":"2026-04-29T00:00:11.734Z","termos_aceitos_em":null,"solicitacao_acesso_em":null,"aura_invitador_avaliada_em":null,"avaliacao_token":null,"lembrete_24h_em":null,"lembrete_48h_em":null,"lembrete_72h_em":null,"criado_em":"2026-04-22T00:00:11.736Z","atualizado_em":"2026-04-22T00:00:11.736Z"},{"id":"108d51c0-a5f7-40f7-9450-27439031a195","token":"3666d30b-9260-4f87-8663-f86acb57540e","comunidade_id":"4","candidato_membro_id":"fbf45997-9940-4386-a1f3-77407a22dee7","candidato_nome":"LuhanTeste","candidato_email":"watanabeluhan@gmail.com","invitador_membro_id":"06196cc4-b506-4fa0-b3eb-a74576d5b059","status":"convidado","tipo":"completo","dados_contratuais":{"nome_completo":"LuhanTeste","email":"watanabeluhan@gmail.com","telefone":"+55 312321132","whatsapp":"+55 132312321","cpf":"3212321312","cnpj":"312132312","nome_empresa":"Empresaa","empresa":"Empresaa","cargo":null,"cidade":"Tóquio","estado":null,"pais":"Japão"},"expires_at":"2026-04-28T23:55:11.905Z","termos_aceitos_em":null,"solicitacao_acesso_em":null,"aura_invitador_avaliada_em":null,"avaliacao_token":null,"lembrete_24h_em":null,"lembrete_48h_em":null,"lembrete_72h_em":null,"criado_em":"2026-04-21T23:55:11.915Z","atualizado_em":"2026-04-21T23:55:11.915Z"},{"id":"8541e710-5e66-482f-b3d6-c1bc9363d1e1","token":"49d47cca-5eb4-4602-a106-bcbae575cbbb","comunidade_id":"4","candidato_membro_id":"fbf45997-9940-4386-a1f3-77407a22dee7","candidato_nome":"LuhanTeste","candidato_email":"watanabeluhan@gmail.com","invitador_membro_id":"06196cc4-b506-4fa0-b3eb-a74576d5b059","status":"convidado","tipo":"completo","dados_contratuais":{"nome_completo":"LuhanTeste","email":"watanabeluhan@gmail.com","telefone":"+55 312321132","whatsapp":"+55 132312321","cpf":"3212321312","cnpj":"312132312","nome_empresa":"Empresaa","empresa":"Empresaa","cargo":null,"cidade":"Tóquio","estado":null,"pais":"Japão"},"expires_at":"2026-04-27T12:01:21.174Z","termos_aceitos_em":null,"solicitacao_acesso_em":null,"aura_invitador_avaliada_em":null,"avaliacao_token":null,"lembrete_24h_em":null,"lembrete_48h_em":null,"lembrete_72h_em":null,"criado_em":"2026-04-20T12:01:21.175Z","atualizado_em":"2026-04-20T12:01:21.175Z"},{"id":"8ecb92b6-2ec3-4a0b-9aef-1df2624ae165","token":"2f470d1c-e345-4bd2-b3e4-45af248d8907","comunidade_id":"4","candidato_membro_id":"fbf45997-9940-4386-a1f3-77407a22dee7","candidato_nome":"LuhanTeste","candidato_email":"watanabeluhan@gmail.com","invitador_membro_id":"06196cc4-b506-4fa0-b3eb-a74576d5b059","status":"convidado","tipo":"completo","dados_contratuais":{"nome_completo":"LuhanTeste","email":"watanabeluhan@gmail.com","telefone":"+55 312321132","whatsapp":"+55 132312321","cpf":"3212321312","cnpj":"312132312","nome_empresa":"Empresaa","empresa":"Empresaa","cargo":null,"cidade":"Tóquio","estado":null,"pais":"Japão"},"expires_at":"2026-04-27T12:00:40.786Z","termos_aceitos_em":null,"solicitacao_acesso_em":null,"aura_invitador_avaliada_em":null,"avaliacao_token":null,"lembrete_24h_em":null,"lembrete_48h_em":null,"lembrete_72h_em":null,"criado_em":"2026-04-20T12:00:40.797Z","atualizado_em":"2026-04-20T12:00:40.797Z"},{"id":"20b1f69e-8b69-4e45-b895-99bfe47b33e7","token":"1b999959-d273-40a1-8177-90af69e3fcbc","comunidade_id":"4","candidato_membro_id":"fbf45997-9940-4386-a1f3-77407a22dee7","candidato_nome":"LuhanTeste","candidato_email":"watanabeluhan@gmail.com","invitador_membro_id":"06196cc4-b506-4fa0-b3eb-a74576d5b059","status":"convidado","tipo":"completo","dados_contratuais":{"nome_completo":"LuhanTeste","email":"watanabeluhan@gmail.com","telefone":"+55 312321132","whatsapp":"+55 132312321","cpf":"3212321312","cnpj":"312132312","nome_empresa":"Empresaa","empresa":"Empresaa","cargo":null,"cidade":"Tóquio","estado":null,"pais":"Japão"},"expires_at":"2026-04-27T11:15:41.994Z","termos_aceitos_em":null,"solicitacao_acesso_em":null,"aura_invitador_avaliada_em":null,"avaliacao_token":null,"lembrete_24h_em":null,"lembrete_48h_em":null,"lembrete_72h_em":null,"criado_em":"2026-04-20T11:15:41.996Z","atualizado_em":"2026-04-20T11:15:41.996Z"},{"id":"493ccc14-4d1e-4c16-a8bb-9b935ab972c9","token":"d7a258ae-e441-4a50-8553-aa723d91fdd0","comunidade_id":"4","candidato_membro_id":"fbf45997-9940-4386-a1f3-77407a22dee7","candidato_nome":"LuhanTeste","candidato_email":"watanabeluhan@gmail.com","invitador_membro_id":"06196cc4-b506-4fa0-b3eb-a74576d5b059","status":"convidado","tipo":"completo","dados_contratuais":{"nome_completo":"LuhanTeste","email":"watanabeluhan@gmail.com","telefone":"+55 312321132","whatsapp":"+55 132312321","cpf":"3212321312","cnpj":"312132312","nome_empresa":"Empresaa","empresa":"Empresaa","cargo":null,"cidade":"Tóquio","estado":null,"pais":"Japão"},"expires_at":"2026-04-27T06:38:06.345Z","termos_aceitos_em":null,"solicitacao_acesso_em":null,"aura_invitador_avaliada_em":null,"avaliacao_token":null,"lembrete_24h_em":null,"lembrete_48h_em":null,"lembrete_72h_em":null,"criado_em":"2026-04-20T06:38:06.347Z","atualizado_em":"2026-04-20T06:38:06.347Z"},{"id":"e79af82c-7aa2-467c-b384-e620dad8f0f7","token":"cce557f1-9813-4bb7-8438-cbad7b6638cd","comunidade_id":"4","candidato_membro_id":"fbf45997-9940-4386-a1f3-77407a22dee7","candidato_nome":"LuhanTeste","candidato_email":"watanabeluhan@gmail.com","invitador_membro_id":"06196cc4-b506-4fa0-b3eb-a74576d5b059","status":"convidado","tipo":"completo","dados_contratuais":{"nome_completo":"LuhanTeste","email":"watanabeluhan@gmail.com","telefone":"+55 312321132","whatsapp":"+55 132312321","cpf":"3212321312","cnpj":"312132312","nome_empresa":"Empresaa","empresa":"Empresaa","cargo":null,"cidade":"Tóquio","estado":null,"pais":"Japão"},"expires_at":"2026-04-27T06:36:18.500Z","termos_aceitos_em":null,"solicitacao_acesso_em":null,"aura_invitador_avaliada_em":null,"avaliacao_token":null,"lembrete_24h_em":null,"lembrete_48h_em":null,"lembrete_72h_em":null,"criado_em":"2026-04-20T06:36:18.500Z","atualizado_em":"2026-04-20T06:36:18.500Z"},{"id":"bb64bd09-6cbf-4201-9515-c42d9d7ca44c","token":"3c2137db-79d8-44bd-8499-d6b56e537391","comunidade_id":"4","candidato_membro_id":"fbf45997-9940-4386-a1f3-77407a22dee7","candidato_nome":"LuhanTeste","candidato_email":"watanabeluhan@gmail.com","invitador_membro_id":"06196cc4-b506-4fa0-b3eb-a74576d5b059","status":"convidado","tipo":"completo","dados_contratuais":{"nome_completo":"LuhanTeste","email":"watanabeluhan@gmail.com","telefone":"+55 312321132","whatsapp":"+55 132312321","cpf":"3212321312","cnpj":"312132312","nome_empresa":"Empresaa","empresa":"Empresaa","cargo":null,"cidade":"Tóquio","estado":null,"pais":"Japão"},"expires_at":"2026-04-27T06:33:32.159Z","termos_aceitos_em":null,"solicitacao_acesso_em":null,"aura_invitador_avaliada_em":null,"avaliacao_token":null,"lembrete_24h_em":null,"lembrete_48h_em":null,"lembrete_72h_em":null,"criado_em":"2026-04-20T06:33:32.170Z","atualizado_em":"2026-04-20T06:33:32.170Z"},{"id":"b30cebe9-4ae9-470c-b8a7-d8b0778d03c6","token":"687bd577-5941-4c5e-9d95-577bcb8114a1","comunidade_id":"4","candidato_membro_id":"fbf45997-9940-4386-a1f3-77407a22dee7","candidato_nome":"LuhanTeste","candidato_email":"watanabeluhan@gmail.com","invitador_membro_id":"06196cc4-b506-4fa0-b3eb-a74576d5b059","status":"convidado","tipo":"completo","dados_contratuais":{"nome_completo":"LuhanTeste","email":"watanabeluhan@gmail.com","telefone":"+55 312321132","whatsapp":"+55 132312321","cpf":"3212321312","cnpj":"312132312","nome_empresa":"Empresaa","empresa":"Empresaa","cargo":null,"cidade":"Tóquio","estado":null,"pais":"Japão"},"expires_at":"2026-04-27T06:33:06.840Z","termos_aceitos_em":null,"solicitacao_acesso_em":null,"aura_invitador_avaliada_em":null,"avaliacao_token":null,"lembrete_24h_em":null,"lembrete_48h_em":null,"lembrete_72h_em":null,"criado_em":"2026-04-20T06:33:06.850Z","atualizado_em":"2026-04-20T06:33:06.850Z"},{"id":"9cf1041d-88fe-4a1d-9a2e-a2c248140c15","token":"e5204a65-bf11-4d9b-b802-2757a08e2802","comunidade_id":"4","candidato_membro_id":"fbf45997-9940-4386-a1f3-77407a22dee7","candidato_nome":"LuhanTeste","candidato_email":"watanabeluhan@gmail.com","invitador_membro_id":"06196cc4-b506-4fa0-b3eb-a74576d5b059","status":"convidado","tipo":"completo","dados_contratuais":{"nome_completo":"LuhanTeste","email":"watanabeluhan@gmail.com","telefone":"+55 312321132","whatsapp":"+55 132312321","cpf":"3212321312","cnpj":"312132312","nome_empresa":"Empresaa","empresa":"Empresaa","cargo":null,"cidade":"Tóquio","estado":null,"pais":"Japão"},"expires_at":"2026-04-27T06:32:46.561Z","termos_aceitos_em":null,"solicitacao_acesso_em":null,"aura_invitador_avaliada_em":null,"avaliacao_token":null,"lembrete_24h_em":null,"lembrete_48h_em":null,"lembrete_72h_em":null,"criado_em":"2026-04-20T06:32:46.563Z","atualizado_em":"2026-04-20T06:32:46.563Z"},{"id":"059451e1-f184-4cb8-a94e-94ca48a68263","token":"423b349f-6523-4d7a-bef4-12f4b30d4185","comunidade_id":"4","candidato_membro_id":"fbf45997-9940-4386-a1f3-77407a22dee7","candidato_nome":"LuhanTeste","candidato_email":"luhan1@gmail.com","invitador_membro_id":"06196cc4-b506-4fa0-b3eb-a74576d5b059","status":"convidado","tipo":"completo","dados_contratuais":{"nome_completo":"LuhanTeste","email":"watanabeluhan@gmail.com","telefone":"+55 312321132","whatsapp":"+55 132312321","cpf":"3212321312","cnpj":"312132312","nome_empresa":"Empresaa","empresa":"Empresaa","cargo":null,"cidade":"Tóquio","estado":null,"pais":"Japão"},"expires_at":"2026-04-27T06:32:17.751Z","termos_aceitos_em":null,"solicitacao_acesso_em":null,"aura_invitador_avaliada_em":null,"avaliacao_token":null,"lembrete_24h_em":null,"lembrete_48h_em":null,"lembrete_72h_em":null,"criado_em":"2026-04-20T06:32:17.760Z","atualizado_em":"2026-04-20T06:32:17.760Z"}]
9:55:36 PM [express] GET /api/rede/oportunidades/notificacoes/minhas 200 in 213ms :: []
9:55:36 PM [express] GET /api/bia-diretor-solicitacoes/minhas 304 in 244ms :: []
9:55:37 PM [express] GET /api/bia-socio-solicitacoes/minhas 304 in 242ms :: []
9:55:37 PM [express] GET /api/chamadas-alianca/minhas 304 in 250ms :: []
9:55:40 PM [express] GET /api/me 304 in 2925ms :: {"id":"3c4b4d72-32d3-469f-9598-0a0ccad6fd79","nome":"Barão do Império Chácaras de Lazer SPE Ltda","email":"seitikatsumi@gmail.com","membro_directus_id":"06196cc4-b506-4fa0-b3eb-a74576d5b059","role":"admin","permissions":{"aura":"edit","bias":"edit","admin":"edit","painel":"edit","membros":"edit","calculadora":"edit","fluxo_caixa":"edit","oportunidades":"edit","cadastro_geral":"edit"},"tipos_alianca":["Alianças de Investimento","Alianças de Projeto","Alianças de Operações e Facilities","Alianças de Liderança Comercial"],"Outras_redes_as_quais_pertenco":["BUILT_FOUNDING_MEMBER","BUILT_PROUD_MEMBER","BUILT_CAPITAL_PARTNER","BNI"],"na_vitrine":false,"em_membros_built":true,"em_built_capital":true,"foto_perfil":"/api/assets/1e2983ee-d739-492a-a13d-f5f398676c87?v=directus-db-20260616","vitrine_termo_aceito_em":"2026-05-12T12:28:01.674Z","vitrine_termo_versao":"BUILT JUR - 2","area_aliancas_termo_aceito_em":"2026-06-23T23:38:41.780Z","area_aliancas_termo_versao":"BUILT JUR - 4","built_capital_termo_aceito_em":"2026-05-12T12:42:55.624Z","built_capital_termo_versao":"built_capital_v1_provisorio","pending_vitrine":false,"convite_pendente":null,"adesao_pendente":null,"company_employee":false,"company_owner_user_id":null,"company_owner_membro_id":null,"company_owner_nome":null,"company_owner_email":null,"company_employee_role":null,"company_permissions":null}
9:56:02 PM [express] GET /api/me 401 in 0ms :: {"error":"Não autenticado"}
9:56:02 PM [express] GET /api/me 401 in 0ms :: {"error":"Não autenticado"}
9:56:02 PM [express] GET /api/me 401 in 0ms :: {"error":"Não autenticado"}
9:56:02 PM [express] GET /api/me 401 in 0ms :: {"error":"Não autenticado"}
9:56:32 PM [express] GET /api/me 401 in 1ms :: {"error":"Não autenticado"}
9:56:32 PM [express] GET /api/me 401 in 0ms :: {"error":"Não autenticado"}
9:56:32 PM [express] GET /api/me 401 in 1ms :: {"error":"Não autenticado"}
9:56:32 PM [express] GET /api/me 401 in 1ms :: {"error":"Não autenticado"}
9:57:02 PM [express] GET /api/me 401 in 1ms :: {"error":"Não autenticado"}
9:57:02 PM [express] GET /api/me 401 in 0ms :: {"error":"Não autenticado"}
9:57:02 PM [express] GET /api/me 401 in 0ms :: {"error":"Não autenticado"}
9:57:02 PM [express] GET /api/me 401 in 1ms :: {"error":"Não autenticado"}
9:57:33 PM [express] GET /api/me 401 in 0ms :: {"error":"Não autenticado"}
9:57:33 PM [express] GET /api/me 401 in 1ms :: {"error":"Não autenticado"}
9:57:33 PM [express] GET /api/me 401 in 0ms :: {"error":"Não autenticado"}
9:57:33 PM [express] GET /api/me 401 in 0ms :: {"error":"Não autenticado"}
9:58:03 PM [express] GET /api/me 401 in 1ms :: {"error":"Não autenticado"}
9:58:03 PM [express] GET /api/me 401 in 1ms :: {"error":"Não autenticado"}
9:58:03 PM [express] GET /api/me 401 in 0ms :: {"error":"Não autenticado"}
9:58:03 PM [express] GET /api/me 401 in 0ms :: {"error":"Não autenticado"}
9:58:33 PM [express] GET /api/me 401 in 0ms :: {"error":"Não autenticado"}
9:58:33 PM [express] GET /api/me 401 in 0ms :: {"error":"Não autenticado"}
9:58:33 PM [express] GET /api/me 401 in 0ms :: {"error":"Não autenticado"}
9:58:33 PM [express] GET /api/me 401 in 1ms :: {"error":"Não autenticado"}
